timestamp,face_found,ear,mar,perclos,eyes_closed,yawning,pitch,yaw,roll,head_drop,drowsy
0.045,True,0.325,0.456,0.0,False,False,-159.2,10.2,-4.1,False,False
0.109,True,0.329,0.453,0.0,False,False,-160.6,8.1,-3.6,False,False
0.129,True,0.283,0.455,0.0,False,False,-161.4,7.5,-3.8,False,False
0.142,True,0.239,0.456,0.013,True,False,-160.5,8.0,-4.2,False,False
0.172,True,0.239,0.452,0.025,True,False,-158.5,7.1,-4.3,False,False
0.197,True,0.237,0.454,0.037,True,False,-158.9,8.0,-4.4,False,False
0.225,True,0.238,0.455,0.048,True,False,-158.0,7.6,-4.5,False,False
0.258,True,0.248,0.452,0.06,True,False,-157.2,7.0,-4.5,False,False
0.297,True,0.25,0.455,0.071,True,False,-157.7,6.9,-4.6,False,False
0.324,True,0.246,0.454,0.081,True,False,-157.1,6.9,-4.5,False,False
0.355,True,0.245,0.452,0.092,True,False,-157.9,5.9,-4.7,False,False
0.407,True,0.267,0.45,0.091,False,False,-157.8,4.9,-4.7,False,False
0.433,True,0.28,0.45,0.09,False,False,-157.7,5.0,-5.0,False,False
0.466,True,0.287,0.449,0.089,False,False,-157.3,4.8,-5.0,False,False
0.499,True,0.299,0.451,0.088,False,False,-157.7,5.6,-5.1,False,False
0.533,True,0.297,0.462,0.087,False,False,-158.3,5.9,-5.2,False,False
0.562,True,0.29,0.457,0.086,False,False,-159.1,6.5,-4.9,False,False
0.601,True,0.295,0.453,0.085,False,False,-159.6,7.4,-4.9,False,False
0.626,True,0.303,0.452,0.084,False,False,-159.5,7.2,-4.8,False,False
0.657,True,0.3,0.453,0.083,False,False,-159.7,6.6,-4.9,False,False
0.698,True,0.302,0.458,0.082,False,False,-159.2,6.2,-5.0,False,False
0.722,True,0.3,0.457,0.082,False,False,-158.9,6.4,-4.9,False,False
0.753,True,0.303,0.464,0.081,False,False,-159.2,7.1,-4.6,False,False
0.809,True,0.299,0.46,0.08,False,False,-158.7,6.8,-4.6,False,False
0.837,True,0.295,0.453,0.079,False,False,-159.1,6.8,-4.7,False,False
0.877,True,0.299,0.456,0.078,False,False,-159.9,6.3,-4.7,False,False
0.904,True,0.29,0.451,0.078,False,False,-159.6,7.9,-4.4,False,False
0.936,True,0.292,0.448,0.077,False,False,-160.2,7.8,-4.2,False,False
0.968,True,0.284,0.45,0.076,False,False,-161.0,6.9,-4.2,False,False
0.998,True,0.276,0.452,0.075,False,False,-161.8,6.8,-4.2,False,False
1.034,True,0.285,0.45,0.075,False,False,-163.1,6.3,-4.0,False,False
1.057,True,0.279,0.449,0.074,False,False,-164.4,6.7,-4.0,False,False
1.098,True,0.287,0.46,0.073,False,False,-163.9,6.9,-4.2,False,False
1.122,True,0.281,0.458,0.073,False,False,-164.1,8.2,-4.2,False,False
1.154,True,0.275,0.455,0.072,False,False,-164.9,9.4,-4.3,False,False
1.203,True,0.274,0.452,0.071,False,False,-165.2,7.4,-4.5,False,False
1.238,True,0.265,0.45,0.071,False,False,-164.9,8.6,-4.6,False,False
1.272,True,0.273,0.449,0.07,False,False,-164.4,8.7,-4.5,False,False
1.305,True,0.268,0.446,0.07,False,False,-164.7,9.6,-4.7,False,False
1.339,True,0.274,0.447,0.069,False,False,-165.0,9.9,-5.0,False,False
1.362,True,0.266,0.447,0.068,False,False,-165.5,10.3,-5.1,False,False
1.398,True,0.26,0.445,0.068,False,False,-166.2,10.6,-5.4,False,False
1.428,True,0.266,0.447,0.067,False,False,-166.6,10.2,-5.5,False,False
1.464,True,0.266,0.448,0.067,False,False,-166.9,9.6,-5.5,False,False
1.498,True,0.263,0.447,0.066,False,False,-167.1,9.8,-5.6,False,False
1.526,True,0.262,0.446,0.066,False,False,-166.5,10.1,-5.4,False,False
1.557,True,0.262,0.447,0.065,False,False,-166.7,9.7,-5.5,False,False
1.603,True,0.259,0.447,0.065,False,False,-167.1,10.1,-5.5,False,False
1.641,True,0.258,0.444,0.064,False,False,-166.9,9.4,-5.4,False,False
1.673,True,0.263,0.445,0.063,False,False,-167.4,10.0,-5.1,False,False
1.703,True,0.243,0.446,0.071,True,False,-168.0,10.0,-5.5,False,False
1.736,True,0.248,0.445,0.078,True,False,-168.1,9.8,-5.5,False,False
1.762,True,0.245,0.446,0.085,True,False,-168.2,9.1,-5.5,False,False
1.798,True,0.245,0.447,0.092,True,False,-167.7,9.5,-5.4,False,False
1.83,True,0.245,0.446,0.099,True,False,-167.3,9.3,-5.4,False,False
1.858,True,0.239,0.446,0.106,True,False,-167.7,9.1,-5.3,False,False
1.899,True,0.242,0.448,0.113,True,False,-167.6,8.9,-5.2,False,False
1.921,True,0.242,0.447,0.119,True,False,-167.4,8.8,-5.1,False,False
1.953,True,0.244,0.447,0.126,True,False,-167.2,8.7,-5.1,False,False
2.003,True,0.244,0.447,0.132,True,False,-165.7,8.8,-4.9,False,False
2.039,True,0.238,0.449,0.139,True,False,-167.8,7.4,-5.2,False,False
2.065,True,0.235,0.448,0.145,True,False,-166.5,7.7,-5.3,False,False
2.098,True,0.241,0.445,0.151,True,False,-165.5,8.7,-5.2,False,False
2.129,True,0.232,0.449,0.157,True,False,-166.0,7.7,-5.5,False,False
2.162,True,0.234,0.446,0.163,True,False,-167.2,7.8,-5.7,False,False
2.198,True,0.234,0.446,0.169,True,False,-167.2,8.8,-5.6,False,False
2.233,True,0.229,0.443,0.175,True,False,-168.9,9.5,-5.6,False,False
2.265,True,0.203,0.439,0.181,True,False,-168.6,10.1,-5.4,False,False
2.29,True,0.124,0.438,0.186,True,False,-169.6,9.4,-5.0,False,False
2.327,True,0.068,0.44,0.192,True,False,-168.5,8.5,-5.2,False,False
2.353,True,0.102,0.443,0.197,True,False,-169.4,8.9,-4.9,False,False
2.408,True,0.172,0.442,0.203,True,False,-169.8,8.7,-5.5,False,False
2.433,True,0.19,0.441,0.208,True,False,-169.6,8.6,-5.4,False,False
2.476,True,0.195,0.443,0.213,True,False,-169.2,8.8,-5.4,False,False
2.498,True,0.212,0.442,0.219,True,False,-168.9,7.6,-5.5,False,False
2.536,True,0.216,0.444,0.224,True,False,-168.0,7.2,-5.5,False,False
2.565,True,0.219,0.443,0.229,True,False,-169.1,7.7,-5.6,False,False
2.598,True,0.223,0.441,0.234,True,False,-168.4,7.5,-5.4,False,False
2.627,True,0.227,0.442,0.239,True,False,-168.5,7.1,-5.3,False,False
2.662,True,0.233,0.443,0.244,True,False,-168.1,7.3,-5.2,False,False
2.689,True,0.235,0.442,0.248,True,False,-168.3,7.2,-5.2,False,False
2.726,True,0.236,0.44,0.253,True,False,-167.9,7.1,-5.2,False,False
2.761,True,0.235,0.439,0.258,True,False,-167.0,6.6,-5.1,False,False
2.808,True,0.239,0.441,0.263,True,False,-167.1,6.5,-5.2,False,False
2.843,True,0.24,0.44,0.267,True,False,-167.5,6.4,-5.2,False,False
2.878,True,0.249,0.439,0.272,True,False,-167.0,6.9,-5.2,False,False
2.909,True,0.261,0.438,0.27,False,False,-166.8,6.9,-5.1,False,False
2.932,True,0.277,0.438,0.268,False,False,-166.7,6.5,-5.0,False,False
2.963,True,0.284,0.439,0.267,False,False,-167.2,6.6,-4.9,False,False
3.0,True,0.293,0.437,0.265,False,False,-167.4,6.6,-4.9,False,False
3.025,True,0.296,0.438,0.263,False,False,-167.2,6.0,-4.9,False,False
3.059,True,0.295,0.437,0.262,False,False,-167.0,6.2,-4.9,False,False
3.093,True,0.294,0.439,0.26,False,False,-167.0,6.5,-4.9,False,False
3.122,True,0.296,0.439,0.259,False,False,-167.0,6.2,-4.9,False,False
3.159,True,0.292,0.439,0.257,False,False,-166.6,6.5,-4.9,False,False
3.204,True,0.289,0.437,0.256,False,False,-167.3,6.3,-4.9,False,False
3.233,True,0.27,0.438,0.254,False,False,-167.1,5.8,-4.9,False,False
3.274,True,0.261,0.438,0.253,False,False,-167.1,6.2,-4.8,False,False
3.307,True,0.26,0.439,0.251,False,False,-167.0,5.8,-4.9,False,False
3.331,True,0.246,0.439,0.256,True,False,-166.7,5.7,-4.7,False,False
3.364,True,0.223,0.439,0.26,True,False,-166.8,5.6,-4.7,False,False
3.4,True,0.168,0.441,0.264,True,False,-169.4,5.4,-4.7,False,False
3.434,True,0.069,0.444,0.268,True,False,-168.5,5.4,-4.7,False,False
3.463,True,0.109,0.444,0.272,True,False,-169.0,5.2,-4.7,False,False
3.491,True,0.188,0.442,0.278,True,False,-168.5,6.2,-4.9,False,False
3.521,True,0.205,0.441,0.283,True,False,-168.4,5.8,-4.9,False,False
3.561,True,0.216,0.442,0.289,True,False,-168.0,5.8,-4.9,False,False
3.609,True,0.227,0.44,0.294,True,False,-167.7,6.5,-4.9,False,False
3.641,True,0.231,0.441,0.3,True,False,-167.6,6.4,-4.9,False,False
3.665,True,0.233,0.441,0.306,True,False,-167.6,6.3,-4.8,False,False
3.7,True,0.234,0.442,0.311,True,False,-167.3,6.2,-4.9,False,False
3.729,True,0.238,0.441,0.317,True,False,-166.8,6.3,-4.8,False,False
3.767,True,0.235,0.441,0.322,True,False,-166.9,6.0,-4.7,False,False
3.8,True,0.245,0.441,0.328,True,False,-167.2,5.9,-4.5,False,False
3.825,True,0.256,0.441,0.333,True,False,-167.2,6.0,-4.5,False,False
3.859,True,0.264,0.441,0.333,False,False,-166.7,6.0,-4.5,False,False
3.897,True,0.262,0.44,0.333,False,False,-167.0,6.2,-4.5,False,False
3.922,True,0.265,0.44,0.333,False,False,-167.1,6.1,-4.5,False,False
3.953,True,0.27,0.439,0.333,False,False,-166.8,6.2,-4.4,False,False
4.011,True,0.272,0.44,0.333,False,False,-166.6,5.9,-4.4,False,False
4.033,True,0.271,0.439,0.333,False,False,-166.1,5.4,-4.2,False,False
4.07,True,0.27,0.44,0.333,False,False,-165.9,5.3,-4.3,False,False
4.101,True,0.268,0.44,0.333,False,False,-165.8,5.7,-4.3,False,False
4.131,True,0.268,0.441,0.333,False,False,-165.9,6.0,-4.3,False,False
4.169,True,0.272,0.442,0.333,False,False,-165.8,6.3,-4.2,False,False
4.201,True,0.271,0.443,0.333,False,False,-165.3,6.4,-4.3,False,False
4.228,True,0.27,0.445,0.333,False,False,-165.5,6.9,-4.3,False,False
4.26,True,0.266,0.443,0.333,False,False,-165.7,6.8,-4.3,False,False
4.295,True,0.257,0.444,0.339,True,False,-166.0,5.8,-4.4,False,False
4.322,True,0.251,0.444,0.344,True,False,-165.7,6.2,-4.5,False,False
4.361,True,0.249,0.442,0.35,True,False,-166.0,6.6,-4.6,False,False
4.402,True,0.247,0.444,0.356,True,False,-165.8,6.5,-4.5,False,False
4.435,True,0.249,0.443,0.361,True,False,-165.9,7.2,-4.5,False,False
4.465,True,0.247,0.444,0.367,True,False,-165.6,7.2,-4.5,False,False
4.502,True,0.248,0.445,0.372,True,False,-165.9,6.9,-4.5,False,False
4.529,True,0.245,0.447,0.378,True,False,-165.7,7.1,-4.5,False,False
4.567,True,0.242,0.45,0.383,True,False,-165.7,7.0,-4.8,False,False
4.602,True,0.244,0.449,0.389,True,False,-165.6,6.9,-4.7,False,False
4.629,True,0.245,0.45,0.394,True,False,-165.5,7.3,-4.7,False,False
4.66,True,0.245,0.45,0.4,True,False,-165.4,7.1,-4.6,False,True
4.697,True,0.246,0.449,0.406,True,False,-165.4,6.7,-4.7,False,True
4.724,True,0.248,0.45,0.411,True,False,-165.4,6.7,-4.6,False,True
4.76,True,0.242,0.449,0.417,True,False,-165.6,6.5,-4.5,False,True
4.81,True,0.24,0.451,0.422,True,False,-165.8,6.5,-4.6,False,True
4.836,True,0.244,0.451,0.428,True,False,-165.6,7.0,-4.5,False,True
4.867,True,0.244,0.449,0.433,True,False,-165.8,7.2,-4.5,False,True
4.902,True,0.243,0.449,0.439,True,False,-165.5,7.1,-4.6,False,True
4.931,True,0.243,0.448,0.444,True,False,-165.6,7.1,-4.5,False,True
4.969,True,0.242,0.45,0.45,True,False,-165.4,7.5,-4.6,False,True
5.005,True,0.243,0.45,0.456,True,False,-165.6,7.3,-4.5,False,True
5.035,True,0.245,0.45,0.461,True,False,-165.6,7.2,-4.6,False,True
5.067,True,0.242,0.451,0.467,True,False,-165.7,7.5,-4.6,False,True
5.094,True,0.244,0.45,0.472,True,False,-165.6,7.7,-4.6,False,True
5.121,True,0.237,0.449,0.478,True,False,-165.6,7.9,-4.6,False,True
5.161,True,0.262,0.449,0.478,False,False,-165.3,8.0,-4.8,False,True
5.208,True,0.272,0.451,0.478,False,False,-165.0,7.9,-4.8,False,True
5.241,True,0.266,0.45,0.478,False,False,-165.4,7.9,-4.8,False,True
5.271,True,0.272,0.45,0.478,False,False,-165.2,7.7,-4.7,False,True
5.301,True,0.266,0.451,0.478,False,False,-165.0,8.1,-4.6,False,True
5.335,True,0.268,0.45,0.478,False,False,-165.3,8.2,-4.7,False,True
5.371,True,0.27,0.451,0.478,False,False,-164.9,7.8,-4.7,False,True
5.401,True,0.267,0.449,0.478,False,False,-165.3,7.4,-4.7,False,True
5.431,True,0.271,0.449,0.478,False,False,-165.0,7.6,-4.7,False,True
5.471,True,0.269,0.45,0.478,False,False,-165.2,7.3,-4.7,False,True
5.494,True,0.271,0.45,0.478,False,False,-165.0,7.1,-4.7,False,True
5.521,True,0.265,0.449,0.478,False,False,-165.1,7.2,-4.7,False,True
5.561,True,0.257,0.449,0.483,True,False,-164.9,6.9,-4.7,False,True
5.612,True,0.255,0.45,0.489,True,False,-164.9,7.6,-4.6,False,True
5.641,True,0.256,0.45,0.494,True,False,-164.4,7.7,-4.7,False,True
5.671,True,0.26,0.45,0.494,False,False,-164.4,7.9,-4.7,False,True
5.701,True,0.261,0.448,0.494,False,False,-164.5,7.8,-4.7,False,True
5.733,True,0.263,0.45,0.494,False,False,-164.6,7.7,-4.7,False,True
5.771,True,0.271,0.449,0.494,False,False,-164.7,7.9,-4.8,False,True
5.801,True,0.282,0.449,0.494,False,False,-164.8,8.3,-4.7,False,True
5.831,True,0.286,0.449,0.494,False,False,-165.0,7.9,-4.7,False,True
5.861,True,0.287,0.449,0.494,False,False,-164.8,7.7,-4.7,False,True
5.893,True,0.29,0.448,0.494,False,False,-164.7,7.6,-4.7,False,True
5.921,True,0.298,0.449,0.494,False,False,-164.8,7.8,-4.7,False,True
5.953,True,0.297,0.449,0.494,False,False,-164.6,7.6,-4.8,False,True
6.001,True,0.303,0.449,0.494,False,False,-164.6,7.5,-4.7,False,True
6.041,True,0.304,0.449,0.494,False,False,-164.4,7.5,-4.7,False,True
6.071,True,0.305,0.449,0.494,False,False,-164.4,7.4,-4.7,False,True
6.101,True,0.3,0.449,0.494,False,False,-164.2,7.2,-4.7,False,True
6.131,True,0.298,0.449,0.489,False,False,-164.2,7.9,-4.6,False,True
6.163,True,0.298,0.45,0.483,False,False,-164.1,8.0,-4.6,False,True
6.201,True,0.299,0.45,0.478,False,False,-164.0,8.4,-4.6,False,True
6.231,True,0.297,0.451,0.472,False,False,-164.4,8.2,-4.6,False,True
6.261,True,0.296,0.45,0.467,False,False,-164.5,8.0,-4.6,False,True
6.293,True,0.296,0.451,0.461,False,False,-164.6,8.2,-4.5,False,True
6.331,True,0.296,0.45,0.456,False,False,-164.5,7.6,-4.6,False,True
6.362,True,0.293,0.451,0.45,False,False,-164.3,7.9,-4.6,False,True
6.411,True,0.29,0.45,0.45,False,False,-164.1,8.2,-4.5,False,True
6.441,True,0.287,0.45,0.45,False,False,-164.2,7.7,-4.6,False,True
6.472,True,0.293,0.451,0.45,False,False,-164.1,8.2,-4.5,False,True
6.501,True,0.291,0.452,0.45,False,False,-164.0,8.3,-4.4,False,True
6.531,True,0.29,0.449,0.45,False,False,-164.3,8.2,-4.5,False,True
6.561,True,0.293,0.45,0.45,False,False,-164.4,8.6,-4.6,False,True
6.601,True,0.292,0.451,0.45,False,False,-164.3,8.5,-4.6,False,True
6.631,True,0.292,0.451,0.45,False,False,-164.4,8.2,-4.6,False,True
6.661,True,0.289,0.452,0.45,False,False,-164.2,8.2,-4.5,False,True
6.696,True,0.288,0.451,0.45,False,False,-163.9,8.3,-4.5,False,True
6.721,True,0.286,0.452,0.45,False,False,-164.1,9.0,-4.5,False,True
6.761,True,0.282,0.451,0.45,False,False,-164.4,8.5,-4.6,False,True
6.791,True,0.28,0.451,0.45,False,False,-164.2,8.2,-4.6,False,True
6.842,True,0.273,0.45,0.45,False,False,-164.3,8.6,-4.7,False,True
6.871,True,0.279,0.452,0.45,False,False,-164.1,8.0,-4.7,False,True
6.903,True,0.276,0.451,0.45,False,False,-164.2,8.0,-4.7,False,True
6.931,True,0.277,0.451,0.45,False,False,-163.9,7.7,-4.7,False,True
6.961,True,0.277,0.451,0.45,False,False,-164.1,7.5,-4.7,False,True
7.001,True,0.277,0.451,0.45,False,False,-163.9,7.6,-4.6,False,True
7.031,True,0.279,0.451,0.45,False,False,-164.1,7.3,-4.6,False,True
7.061,True,0.282,0.449,0.45,False,False,-164.0,7.3,-4.5,False,True
7.094,True,0.277,0.45,0.45,False,False,-163.9,7.7,-4.6,False,True
7.121,True,0.261,0.451,0.45,False,False,-164.4,7.3,-4.5,False,True
7.161,True,0.265,0.451,0.45,False,False,-164.3,7.0,-4.6,False,True
7.191,True,0.265,0.452,0.45,False,False,-164.3,6.8,-4.7,False,True
7.241,True,0.261,0.45,0.45,False,False,-164.6,6.9,-4.8,False,True
7.274,True,0.261,0.452,0.45,False,False,-164.6,7.2,-4.7,False,True
7.305,True,0.263,0.45,0.45,False,False,-164.4,6.9,-4.7,False,True
7.335,True,0.264,0.449,0.45,False,False,-164.5,7.0,-4.7,False,True
7.369,True,0.261,0.45,0.45,False,False,-164.5,7.0,-4.8,False,True
7.401,True,0.263,0.45,0.45,False,False,-164.6,6.8,-4.7,False,True
7.437,True,0.262,0.45,0.45,False,False,-164.7,7.0,-4.8,False,True
7.466,True,0.261,0.449,0.45,False,False,-164.8,6.9,-4.8,False,True
7.497,True,0.262,0.449,0.45,False,False,-164.7,6.6,-4.8,False,True
7.531,True,0.262,0.449,0.45,False,False,-164.5,6.6,-4.8,False,True
7.561,True,0.263,0.45,0.45,False,False,-164.5,7.0,-4.7,False,True
7.595,True,0.26,0.45,0.45,False,False,-164.8,7.1,-4.8,False,True
7.641,True,0.26,0.449,0.45,False,False,-164.8,7.3,-4.8,False,True
7.671,True,0.261,0.449,0.45,False,False,-164.8,7.3,-4.8,False,True
7.704,True,0.261,0.449,0.444,False,False,-164.7,7.3,-4.8,False,True
7.737,True,0.26,0.448,0.439,False,False,-164.9,7.3,-4.9,False,True
7.763,True,0.261,0.449,0.433,False,False,-164.7,7.5,-4.9,False,True
7.801,True,0.262,0.449,0.428,False,False,-165.1,7.0,-5.0,False,True
7.833,True,0.268,0.448,0.422,False,False,-165.0,6.8,-5.0,False,True
7.861,True,0.29,0.447,0.417,False,False,-165.2,6.7,-5.0,False,True
7.895,True,0.286,0.446,0.411,False,False,-165.1,6.3,-4.9,False,True
7.93,True,0.288,0.445,0.406,False,False,-165.3,6.1,-4.8,False,True
7.961,True,0.296,0.442,0.4,False,False,-165.7,6.6,-4.8,False,True
7.992,True,0.302,0.441,0.394,False,False,-165.7,6.5,-4.8,False,False
8.041,True,0.302,0.441,0.389,False,False,-166.0,6.5,-4.9,False,False
8.074,True,0.302,0.441,0.383,False,False,-166.0,6.7,-4.8,False,False
8.105,True,0.302,0.441,0.378,False,False,-166.0,6.6,-4.9,False,False
8.131,True,0.309,0.442,0.372,False,False,-166.0,6.4,-5.0,False,False
8.163,True,0.314,0.444,0.367,False,False,-165.9,6.7,-5.0,False,False
8.201,True,0.314,0.442,0.361,False,False,-166.4,6.8,-4.9,False,False
8.233,True,0.314,0.441,0.356,False,False,-166.7,6.7,-5.0,False,False
8.266,True,0.313,0.443,0.35,False,False,-167.5,6.7,-5.1,False,False
8.298,True,0.315,0.441,0.344,False,False,-168.6,6.5,-5.0,False,False
8.331,True,0.318,0.441,0.339,False,False,-168.7,6.3,-5.2,False,False
8.361,True,0.326,0.442,0.333,False,False,-168.9,6.4,-5.3,False,False
8.391,True,0.323,0.442,0.328,False,False,-169.8,6.6,-5.6,False,False
8.439,True,0.31,0.442,0.322,False,False,-169.8,7.2,-5.7,False,False
8.471,True,0.308,0.446,0.317,False,False,-169.2,7.3,-5.7,False,False
8.501,True,0.323,0.446,0.311,False,False,-169.1,7.3,-5.9,False,False
8.531,True,0.319,0.444,0.306,False,False,-169.1,7.9,-5.8,False,False
8.565,True,0.314,0.442,0.3,False,False,-169.0,7.7,-5.6,False,False
8.596,True,0.308,0.442,0.294,False,False,-168.8,7.9,-5.5,False,False
8.631,True,0.312,0.441,0.289,False,False,-169.9,7.2,-5.8,False,False
8.661,True,0.313,0.443,0.283,False,False,-169.8,7.9,-5.9,False,False
8.696,True,0.312,0.443,0.278,False,False,-170.4,7.0,-6.1,False,False
8.723,True,0.31,0.444,0.272,False,False,-170.4,7.6,-5.9,False,False
8.761,True,0.306,0.445,0.267,False,False,-170.7,7.4,-6.0,False,False
8.791,True,0.305,0.447,0.261,False,False,-170.0,7.4,-6.1,False,False
8.841,True,0.32,0.45,0.256,False,False,-169.2,7.7,-6.0,False,False
8.871,True,0.314,0.447,0.25,False,False,-169.4,7.6,-6.1,False,False
8.901,True,0.309,0.451,0.25,False,False,-167.0,7.8,-5.9,False,False
8.937,True,0.313,0.447,0.25,False,False,-166.5,7.0,-5.8,False,False
8.971,True,0.315,0.446,0.25,False,False,-167.1,7.3,-5.6,False,False
9.001,True,0.314,0.448,0.25,False,False,-166.5,7.3,-5.8,False,False
9.031,True,0.318,0.448,0.25,False,False,-166.9,7.2,-6.0,False,False
9.066,True,0.311,0.45,0.25,False,False,-167.9,7.9,-6.3,False,False
9.096,True,0.316,0.451,0.25,False,False,-167.8,7.5,-6.3,False,False
9.131,True,0.315,0.447,0.25,False,False,-168.3,7.9,-6.4,False,False
9.161,True,0.315,0.444,0.25,False,False,-168.3,8.0,-6.8,False,False
9.194,True,0.308,0.447,0.25,False,False,-168.7,7.7,-7.1,False,False
9.241,True,0.307,0.45,0.25,False,False,-169.7,7.5,-7.4,False,False
9.273,True,0.31,0.452,0.25,False,False,-169.4,8.0,-7.4,False,False
9.303,True,0.297,0.45,0.25,False,False,-169.0,7.7,-7.5,False,False
9.331,True,0.304,0.45,0.244,False,False,-169.6,8.6,-7.9,False,False
9.363,True,0.31,0.448,0.239,False,False,-170.0,8.1,-8.0,False,False
9.401,True,0.3,0.447,0.233,False,False,-169.2,8.3,-8.0,False,False
9.441,True,0.291,0.447,0.228,False,False,-168.6,9.1,-7.9,False,False
9.461,True,0.295,0.447,0.222,False,False,-167.9,10.1,-7.7,False,False
9.497,True,0.299,0.447,0.217,False,False,-168.2,10.3,-8.1,False,False
9.527,True,0.295,0.449,0.211,False,False,-168.2,10.7,-8.1,False,False
9.561,True,0.294,0.451,0.206,False,False,-168.0,11.6,-8.1,False,False
9.595,True,0.296,0.448,0.2,False,False,-167.7,12.3,-8.5,False,False
9.641,True,0.294,0.45,0.194,False,False,-167.8,12.6,-8.8,False,False
9.671,True,0.302,0.446,0.189,False,False,-167.3,13.1,-8.8,False,False
9.704,True,0.299,0.447,0.183,False,False,-168.1,12.9,-9.1,False,False
9.735,True,0.301,0.446,0.178,False,False,-167.8,13.8,-9.3,False,False
9.763,True,0.303,0.445,0.172,False,False,-168.5,13.5,-9.7,False,False
9.801,True,0.294,0.444,0.167,False,False,-168.6,13.6,-9.8,False,False
9.834,True,0.301,0.443,0.161,False,False,-168.8,13.8,-9.7,False,False
9.861,True,0.299,0.443,0.161,False,False,-168.8,13.6,-9.7,False,False
9.897,True,0.302,0.444,0.161,False,False,-168.9,14.0,-9.7,False,False
9.926,True,0.305,0.445,0.161,False,False,-169.1,13.7,-9.7,False,False
9.961,True,0.298,0.444,0.161,False,False,-169.5,14.2,-9.6,False,False
9.991,True,0.297,0.444,0.161,False,False,-169.7,14.0,-9.6,False,False
10.043,True,0.29,0.446,0.161,False,False,-169.5,14.3,-9.6,False,False
10.072,True,0.294,0.445,0.161,False,False,-169.5,14.1,-9.6,False,False
10.101,True,0.296,0.446,0.161,False,False,-169.5,14.4,-9.5,False,False
10.142,True,0.296,0.445,0.161,False,False,-169.2,14.3,-9.5,False,False
10.171,True,0.295,0.447,0.161,False,False,-169.6,14.2,-9.5,False,False
10.201,True,0.297,0.445,0.161,False,False,-169.0,13.9,-9.5,False,False
10.231,True,0.3,0.446,0.161,False,False,-168.8,14.1,-9.4,False,False
10.261,True,0.301,0.447,0.161,False,False,-168.9,14.1,-9.3,False,False
10.297,True,0.302,0.447,0.156,False,False,-168.9,14.3,-9.3,False,False
10.327,True,0.299,0.447,0.15,False,False,-168.9,14.5,-9.3,False,False
10.361,True,0.301,0.446,0.144,False,False,-169.0,14.3,-9.3,False,False
10.393,True,0.3,0.446,0.139,False,False,-169.2,14.2,-9.3,False,False
10.441,True,0.299,0.445,0.133,False,False,-169.2,13.9,-9.3,False,False
10.471,True,0.292,0.447,0.128,False,False,-169.0,14.0,-9.2,False,False
10.501,True,0.292,0.446,0.122,False,False,-168.9,14.0,-9.2,False,False
10.531,True,0.292,0.445,0.117,False,False,-168.4,13.9,-9.3,False,False
10.571,True,0.291,0.445,0.111,False,False,-168.7,13.8,-9.3,False,False
10.601,True,0.289,0.446,0.106,False,False,-168.6,13.7,-9.2,False,False
10.64,True,0.291,0.446,0.1,False,False,-168.5,13.7,-9.2,False,False
10.671,True,0.289,0.447,0.094,False,False,-168.3,13.8,-9.1,False,False
10.701,True,0.293,0.447,0.089,False,False,-168.4,14.1,-9.2,False,False
10.731,True,0.294,0.446,0.083,False,False,-168.3,13.8,-9.2,False,False
10.761,True,0.292,0.445,0.078,False,False,-168.5,14.1,-9.2,False,False
10.791,True,0.297,0.445,0.072,False,False,-168.3,13.9,-9.2,False,False
10.841,True,0.297,0.447,0.067,False,False,-168.4,13.9,-9.2,False,False
10.871,True,0.297,0.446,0.061,False,False,-168.3,13.6,-9.1,False,False
10.905,True,0.294,0.447,0.056,False,False,-168.3,13.9,-9.1,False,False
10.935,True,0.294,0.446,0.05,False,False,-168.3,13.6,-9.0,False,False
10.971,True,0.294,0.446,0.044,False,False,-168.3,13.7,-9.0,False,False
10.998,True,0.292,0.445,0.039,False,False,-168.6,13.7,-9.1,False,False
11.033,True,0.291,0.445,0.033,False,False,-168.5,13.5,-9.0,False,False
11.061,True,0.289,0.445,0.028,False,False,-168.3,13.3,-9.1,False,False
11.095,True,0.292,0.445,0.022,False,False,-168.4,13.0,-9.0,False,False
11.131,True,0.288,0.444,0.017,False,False,-168.5,12.9,-8.9,False,False
11.161,True,0.285,0.444,0.017,False,False,-168.3,12.9,-9.0,False,False
11.185,True,0.287,0.445,0.017,False,False,-168.3,13.2,-8.9,False,False
11.239,True,0.285,0.445,0.017,False,False,-168.2,13.1,-9.0,False,False
11.267,True,0.281,0.445,0.017,False,False,-168.0,13.2,-8.9,False,False
11.307,True,0.282,0.445,0.017,False,False,-168.1,13.3,-8.9,False,False
11.338,True,0.281,0.445,0.017,False,False,-168.4,13.0,-9.0,False,False
11.371,True,0.281,0.445,0.017,False,False,-168.2,12.9,-9.0,False,False
11.398,True,0.276,0.445,0.017,False,False,-168.2,12.8,-8.9,False,False
11.431,True,0.278,0.444,0.017,False,False,-168.0,13.2,-8.8,False,False
11.463,True,0.283,0.445,0.017,False,False,-168.0,13.4,-8.8,False,False
11.499,True,0.279,0.445,0.017,False,False,-168.2,13.1,-8.9,False,False
11.527,True,0.28,0.444,0.017,False,False,-168.6,13.1,-9.0,False,False
11.555,True,0.274,0.444,0.011,False,False,-168.9,12.7,-9.0,False,False
11.587,True,0.275,0.445,0.006,False,False,-168.2,12.5,-8.9,False,False
11.635,True,0.279,0.444,0.0,False,False,-167.9,13.0,-8.9,False,False
11.667,True,0.279,0.445,0.0,False,False,-168.1,12.6,-8.9,False,False
11.699,True,0.281,0.445,0.0,False,False,-168.3,12.4,-8.9,False,False
11.732,True,0.279,0.445,0.0,False,False,-168.0,12.3,-8.8,False,False
11.768,True,0.28,0.446,0.0,False,False,-167.7,13.2,-8.6,False,False
11.803,True,0.278,0.444,0.0,False,False,-168.2,12.6,-8.7,False,False
11.826,True,0.279,0.445,0.0,False,False,-168.3,13.0,-8.8,False,False
11.857,True,0.282,0.445,0.0,False,False,-168.3,12.9,-8.8,False,False
11.896,True,0.281,0.445,0.0,False,False,-168.4,12.9,-8.7,False,False
11.929,True,0.281,0.445,0.0,False,False,-168.4,13.0,-8.8,False,False
11.961,True,0.276,0.445,0.0,False,False,-168.5,12.1,-8.7,False,False
11.99,True,0.274,0.445,0.0,False,False,-168.3,13.2,-8.6,False,False
12.042,True,0.275,0.444,0.0,False,False,-168.4,13.1,-8.6,False,False
12.065,True,0.272,0.445,0.0,False,False,-168.2,13.2,-8.6,False,False
12.104,True,0.266,0.444,0.0,False,False,-168.1,12.4,-8.7,False,False
12.134,True,0.271,0.446,0.0,False,False,-168.0,12.9,-8.7,False,False
12.169,True,0.268,0.444,0.0,False,False,-168.2,12.7,-8.7,False,False
12.199,True,0.267,0.445,0.0,False,False,-167.6,12.8,-8.6,False,False
12.231,True,0.272,0.446,0.0,False,False,-167.9,12.7,-8.6,False,False
12.259,True,0.268,0.444,0.0,False,False,-167.1,12.7,-8.5,False,False
12.291,True,0.265,0.445,0.0,False,False,-167.2,12.3,-8.7,False,False
12.329,True,0.214,0.445,0.006,True,False,-168.7,12.3,-9.0,False,False
12.358,True,0.078,0.445,0.011,True,False,-169.2,12.7,-8.9,False,False
12.385,True,0.051,0.446,0.017,True,False,-168.1,12.2,-9.3,False,False
12.442,True,0.063,0.445,0.022,True,False,-168.6,12.4,-9.2,False,False
12.473,True,0.172,0.444,0.028,True,False,-169.4,13.0,-8.9,False,False
12.503,True,0.212,0.443,0.033,True,False,-169.4,13.2,-8.9,False,False
12.529,True,0.234,0.444,0.039,True,False,-168.4,12.8,-8.9,False,False
12.57,True,0.238,0.443,0.044,True,False,-168.6,12.9,-8.8,False,False
12.599,True,0.244,0.443,0.05,True,False,-168.9,13.0,-8.9,False,False
12.631,True,0.241,0.443,0.056,True,False,-168.6,12.6,-8.8,False,False
12.663,True,0.245,0.444,0.061,True,False,-168.4,12.9,-8.7,False,False
12.695,True,0.248,0.444,0.067,True,False,-168.5,12.7,-8.7,False,False
12.73,True,0.25,0.444,0.072,True,False,-168.7,12.8,-8.7,False,False
12.76,True,0.254,0.444,0.078,True,False,-168.5,12.8,-8.7,False,False
12.786,True,0.259,0.444,0.078,False,False,-168.4,13.0,-8.6,False,False
12.841,True,0.26,0.443,0.078,False,False,-168.6,13.0,-8.6,False,False
12.867,True,0.262,0.444,0.078,False,False,-168.5,13.0,-8.7,False,False
12.899,True,0.263,0.444,0.078,False,False,-168.6,13.1,-8.7,False,False
12.934,True,0.261,0.443,0.078,False,False,-168.8,12.8,-8.6,False,False
12.964,True,0.26,0.444,0.078,False,False,-168.5,12.8,-8.6,False,False
13.0,True,0.262,0.444,0.078,False,False,-168.2,12.8,-8.5,False,False
13.031,True,0.257,0.445,0.083,True,False,-168.3,12.9,-8.4,False,False
13.064,True,0.257,0.445,0.083,False,False,-168.1,13.0,-8.4,False,False
13.1,True,0.259,0.445,0.083,False,False,-168.2,13.0,-8.4,False,False
13.123,True,0.258,0.445,0.083,False,False,-168.3,13.0,-8.4,False,False
13.161,True,0.256,0.444,0.089,True,False,-168.0,12.6,-8.4,False,False
13.188,True,0.257,0.444,0.094,True,False,-168.0,13.0,-8.4,False,False
13.233,True,0.257,0.444,0.094,False,False,-168.1,12.9,-8.4,False,False
13.27,True,0.258,0.445,0.094,False,False,-168.3,12.9,-8.4,False,False
13.306,True,0.257,0.445,0.1,True,False,-167.8,12.9,-8.3,False,False
13.335,True,0.256,0.445,0.106,True,False,-167.9,13.2,-8.3,False,False
13.361,True,0.254,0.445,0.111,True,False,-168.0,12.9,-8.3,False,False
13.4,True,0.255,0.445,0.117,True,False,-167.8,12.9,-8.2,False,False
13.43,True,0.253,0.444,0.122,True,False,-168.0,13.0,-8.3,False,False
13.458,True,0.254,0.443,0.128,True,False,-168.3,12.7,-8.3,False,False
13.49,True,0.253,0.444,0.133,True,False,-167.8,12.5,-8.3,False,False
13.529,True,0.254,0.445,0.139,True,False,-167.9,12.7,-8.2,False,False
13.551,True,0.252,0.445,0.144,True,False,-168.1,13.0,-8.3,False,False
13.586,True,0.253,0.445,0.15,True,False,-168.3,12.7,-8.3,False,False
13.633,True,0.253,0.445,0.156,True,False,-168.0,12.9,-8.2,False,False
13.673,True,0.252,0.445,0.161,True,False,-168.1,12.7,-8.3,False,False
13.704,True,0.252,0.445,0.167,True,False,-168.1,12.6,-8.3,False,False
13.731,True,0.251,0.444,0.172,True,False,-168.0,12.6,-8.3,False,False
13.768,True,0.25,0.444,0.178,True,False,-168.0,13.0,-8.3,False,False
13.8,True,0.257,0.443,0.178,False,False,-167.6,12.9,-8.5,False,False
13.827,True,0.262,0.443,0.178,False,False,-167.5,12.8,-8.4,False,False
13.857,True,0.268,0.443,0.178,False,False,-167.6,13.1,-8.4,False,False
13.895,True,0.264,0.444,0.178,False,False,-167.8,13.1,-8.4,False,False
13.927,True,0.265,0.444,0.178,False,False,-167.5,13.4,-8.4,False,False
13.962,True,0.273,0.443,0.178,False,False,-167.3,13.2,-8.4,False,False
13.991,True,0.28,0.443,0.178,False,False,-167.0,12.8,-8.5,False,False
14.044,True,0.279,0.444,0.178,False,False,-167.1,13.0,-8.5,False,False
14.071,True,0.279,0.443,0.178,False,False,-167.3,13.0,-8.5,False,False
14.101,True,0.285,0.444,0.178,False,False,-167.1,13.6,-8.5,False,False
14.132,True,0.284,0.444,0.178,False,False,-167.1,13.7,-8.4,False,False
14.161,True,0.282,0.444,0.178,False,False,-166.9,13.3,-8.4,False,False
14.201,True,0.279,0.444,0.178,False,False,-166.8,13.6,-8.3,False,False
14.226,True,0.277,0.444,0.178,False,False,-166.8,13.9,-8.3,False,False
14.261,True,0.233,0.444,0.183,True,False,-167.6,14.0,-8.3,False,False
14.297,True,0.184,0.442,0.189,True,False,-169.2,13.5,-8.8,False,False
14.325,True,0.08,0.444,0.194,True,False,-169.3,12.7,-9.1,False,False
14.359,True,0.059,0.445,0.2,True,False,-168.9,12.6,-9.2,False,False
14.394,True,0.047,0.444,0.206,True,False,-168.4,12.4,-9.1,False,False
14.441,True,0.045,0.445,0.211,True,False,-168.0,12.2,-9.1,False,False
14.472,True,0.051,0.446,0.217,True,False,-168.1,12.4,-9.1,False,False
14.506,True,0.053,0.445,0.222,True,False,-168.1,12.2,-9.1,False,False
14.536,True,0.045,0.445,0.228,True,False,-168.3,11.7,-9.1,False,False
14.569,True,0.049,0.445,0.233,True,False,-168.0,12.0,-9.1,False,False
14.601,True,0.048,0.445,0.239,True,False,-168.1,12.0,-9.1,False,False
14.63,True,0.046,0.445,0.244,True,False,-167.7,12.1,-9.0,False,False
14.663,True,0.057,0.445,0.25,True,False,-167.8,12.0,-8.9,False,False
14.698,True,0.066,0.445,0.256,True,False,-168.3,11.9,-8.7,False,False
14.729,True,0.115,0.445,0.261,True,False,-169.2,12.5,-8.6,False,False
14.756,True,0.134,0.444,0.267,True,False,-169.3,12.9,-8.8,False,False
14.786,True,0.149,0.444,0.272,True,False,-169.9,12.8,-8.9,False,False
14.841,True,0.161,0.444,0.278,True,False,-169.3,12.8,-8.8,False,False
14.871,True,0.169,0.444,0.283,True,False,-169.5,12.9,-8.6,False,False
14.902,True,0.182,0.445,0.289,True,False,-169.8,13.1,-8.6,False,False
14.935,True,0.182,0.444,0.294,True,False,-169.3,13.1,-8.6,False,False
14.961,True,0.188,0.444,0.3,True,False,-169.7,13.1,-8.7,False,False
15.002,True,0.195,0.444,0.306,True,False,-169.1,13.1,-8.6,False,False
15.025,True,0.197,0.443,0.311,True,False,-169.2,12.8,-8.7,False,False
15.057,True,0.198,0.443,0.317,True,False,-169.2,12.9,-8.6,False,False
15.089,True,0.202,0.443,0.322,True,False,-169.1,12.9,-8.5,False,False
15.124,True,0.206,0.443,0.328,True,False,-168.9,13.2,-8.5,False,False
15.155,True,0.207,0.443,0.333,True,False,-169.0,13.1,-8.6,False,False
15.187,True,0.21,0.443,0.339,True,False,-168.7,12.9,-8.5,False,False
15.241,True,0.211,0.443,0.344,True,False,-168.8,12.9,-8.5,False,False
15.275,True,0.21,0.443,0.35,True,False,-168.8,12.9,-8.4,False,False
15.302,True,0.212,0.443,0.356,True,False,-169.0,13.0,-8.4,False,False
15.337,True,0.212,0.443,0.361,True,False,-169.0,13.0,-8.5,False,False
15.361,True,0.216,0.444,0.367,True,False,-168.9,13.1,-8.5,False,False
15.402,True,0.214,0.443,0.372,True,False,-169.4,13.1,-8.5,False,False
15.431,True,0.215,0.444,0.378,True,False,-168.9,13.4,-8.5,False,False
15.463,True,0.214,0.444,0.383,True,False,-168.9,13.3,-8.4,False,False
15.498,True,0.215,0.443,0.389,True,False,-169.0,13.3,-8.4,False,False
15.526,True,0.214,0.443,0.394,True,False,-168.6,13.1,-8.5,False,False
15.559,True,0.214,0.442,0.4,True,False,-168.7,13.1,-8.4,False,True
15.587,True,0.215,0.444,0.406,True,False,-168.7,13.2,-8.4,False,True
15.635,True,0.213,0.443,0.411,True,False,-169.0,13.2,-8.5,False,True
15.675,True,0.215,0.443,0.417,True,False,-168.6,13.0,-8.5,False,True
15.707,True,0.217,0.443,0.422,True,False,-168.7,13.0,-8.4,False,True
15.734,True,0.217,0.443,0.428,True,False,-168.8,13.0,-8.4,False,True
15.767,True,0.216,0.443,0.433,True,False,-168.8,13.0,-8.5,False,True
15.803,True,0.217,0.442,0.439,True,False,-169.1,12.8,-8.4,False,True
15.834,True,0.216,0.443,0.444,True,False,-168.6,13.0,-8.4,False,True
15.865,True,0.216,0.442,0.45,True,False,-168.6,12.9,-8.4,False,True
15.897,True,0.22,0.442,0.456,True,False,-168.1,13.0,-8.4,False,True
15.931,True,0.226,0.443,0.461,True,False,-168.1,13.1,-8.4,False,True
15.96,True,0.231,0.444,0.467,True,False,-167.8,13.1,-8.4,False,True
15.992,True,0.23,0.443,0.472,True,False,-167.7,13.1,-8.4,False,True
16.042,True,0.229,0.443,0.478,True,False,-167.5,13.0,-8.4,False,True
16.072,True,0.238,0.442,0.483,True,False,-167.5,13.0,-8.4,False,True
16.101,True,0.244,0.444,0.489,True,False,-167.6,13.2,-8.3,False,True
16.132,True,0.243,0.443,0.494,True,False,-167.8,13.4,-8.3,False,True
16.173,True,0.244,0.443,0.5,True,False,-168.1,13.3,-8.2,False,True
16.203,True,0.245,0.442,0.506,True,False,-167.9,13.2,-8.2,False,True
16.232,True,0.252,0.443,0.511,True,False,-167.6,13.1,-8.1,False,True
16.264,True,0.266,0.443,0.511,False,False,-167.8,13.2,-8.2,False,True
16.294,True,0.276,0.443,0.511,False,False,-167.1,12.7,-8.2,False,True
16.322,True,0.277,0.444,0.511,False,False,-167.0,12.8,-8.1,False,True
16.36,True,0.276,0.443,0.511,False,False,-166.8,12.6,-8.1,False,True
16.39,True,0.268,0.444,0.511,False,False,-166.8,12.9,-8.1,False,True
16.44,True,0.266,0.443,0.511,False,False,-166.8,13.1,-8.1,False,True
16.47,True,0.268,0.443,0.511,False,False,-167.1,13.2,-8.1,False,True
16.5,True,0.267,0.443,0.511,False,False,-166.8,13.0,-8.1,False,True
16.536,True,0.269,0.444,0.511,False,False,-166.8,13.2,-8.1,False,True
16.56,True,0.27,0.443,0.511,False,False,-166.9,13.4,-8.1,False,True
16.6,True,0.267,0.443,0.511,False,False,-166.9,13.1,-8.1,False,True
16.63,True,0.249,0.444,0.517,True,False,-167.1,13.5,-8.0,False,True
16.662,True,0.198,0.444,0.522,True,False,-168.5,13.6,-8.3,False,True
16.696,True,0.101,0.442,0.528,True,False,-168.9,12.7,-8.4,False,True
16.727,True,0.104,0.443,0.533,True,False,-168.9,12.9,-8.5,False,True
16.76,True,0.197,0.442,0.539,True,False,-168.3,13.1,-8.6,False,True
16.794,True,0.226,0.442,0.544,True,False,-167.9,13.0,-8.2,False,True
16.824,True,0.244,0.443,0.55,True,False,-167.1,13.2,-8.1,False,True
16.872,True,0.259,0.445,0.55,False,False,-166.8,13.1,-8.0,False,True
16.904,True,0.272,0.444,0.55,False,False,-166.1,13.1,-8.0,False,True
16.93,True,0.288,0.444,0.55,False,False,-166.6,13.2,-8.1,False,True
16.963,True,0.297,0.444,0.55,False,False,-166.3,12.9,-8.1,False,True
17.0,True,0.306,0.445,0.55,False,False,-166.5,13.1,-8.0,False,True
17.033,True,0.309,0.444,0.55,False,False,-166.6,12.8,-8.1,False,True
17.064,True,0.317,0.445,0.55,False,False,-166.7,12.9,-8.1,False,True
17.095,True,0.322,0.444,0.55,False,False,-167.0,13.2,-8.2,False,True
17.123,True,0.323,0.445,0.55,False,False,-167.3,13.0,-8.2,False,True
17.161,True,0.32,0.444,0.55,False,False,-167.1,12.8,-8.2,False,True
17.192,True,0.318,0.444,0.55,False,False,-166.8,12.8,-8.2,False,True
17.221,True,0.319,0.444,0.55,False,False,-166.6,12.6,-8.2,False,True
17.273,True,0.322,0.443,0.55,False,False,-166.5,12.8,-8.1,False,True
17.3,True,0.321,0.443,0.55,False,False,-166.6,12.7,-8.2,False,True
17.336,True,0.323,0.446,0.55,False,False,-166.6,12.8,-8.2,False,True
17.368,True,0.316,0.445,0.55,False,False,-167.2,12.8,-8.2,False,True
17.4,True,0.313,0.444,0.55,False,False,-167.3,12.9,-8.3,False,True
17.432,True,0.309,0.445,0.55,False,False,-167.1,13.1,-8.2,False,True
17.466,True,0.308,0.444,0.55,False,False,-166.8,12.9,-8.2,False,True
17.496,True,0.31,0.444,0.55,False,False,-166.9,12.7,-8.1,False,True
17.525,True,0.308,0.444,0.55,False,False,-166.6,13.1,-8.2,False,True
17.56,True,0.297,0.443,0.55,False,False,-166.7,13.0,-8.2,False,True
17.59,True,0.296,0.443,0.55,False,False,-167.0,12.9,-8.2,False,True
17.621,True,0.284,0.443,0.55,False,False,-166.9,13.0,-8.1,False,True
17.674,True,0.28,0.444,0.55,False,False,-166.8,12.9,-8.1,False,True
17.707,True,0.278,0.444,0.55,False,False,-166.8,12.8,-8.2,False,True
17.73,True,0.276,0.445,0.55,False,False,-166.7,12.9,-8.2,False,True
17.766,True,0.274,0.442,0.55,False,False,-166.6,12.6,-8.2,False,True
17.8,True,0.275,0.443,0.55,False,False,-166.5,12.7,-8.1,False,True
17.83,True,0.275,0.443,0.55,False,False,-166.6,12.5,-8.2,False,True
17.866,True,0.277,0.443,0.55,False,False,-166.7,12.9,-8.1,False,True
17.894,True,0.274,0.444,0.55,False,False,-167.2,12.8,-8.2,False,True
17.93,True,0.268,0.444,0.55,False,False,-167.1,13.1,-8.2,False,True
17.96,True,0.267,0.444,0.55,False,False,-167.0,13.1,-8.2,False,True
17.994,True,0.267,0.444,0.55,False,False,-167.4,12.7,-8.2,False,True
18.028,True,0.262,0.444,0.55,False,False,-167.1,12.9,-8.1,False,True
18.07,True,0.263,0.445,0.55,False,False,-167.2,13.1,-8.2,False,True
18.106,True,0.263,0.444,0.55,False,False,-166.8,13.1,-8.2,False,True
18.132,True,0.262,0.445,0.55,False,False,-166.9,13.0,-8.1,False,True
18.163,True,0.257,0.445,0.556,True,False,-167.0,12.9,-8.1,False,True
18.204,True,0.258,0.444,0.556,False,False,-167.0,13.0,-8.2,False,True
18.23,True,0.262,0.444,0.556,False,False,-166.9,13.1,-8.2,False,True
18.26,True,0.263,0.444,0.556,False,False,-166.7,13.2,-8.3,False,True
18.295,True,0.266,0.445,0.556,False,False,-166.8,13.3,-8.2,False,True
18.332,True,0.274,0.444,0.55,False,False,-166.7,13.0,-8.3,False,True
18.36,True,0.285,0.444,0.544,False,False,-166.8,13.0,-8.2,False,True
18.39,True,0.298,0.444,0.539,False,False,-167.1,13.0,-8.3,False,True
18.422,True,0.299,0.444,0.533,False,False,-167.1,13.0,-8.3,False,True
18.472,True,0.307,0.444,0.528,False,False,-166.9,12.7,-8.2,False,True
18.505,True,0.313,0.444,0.522,False,False,-166.9,12.8,-8.3,False,True
18.54,True,0.314,0.444,0.517,False,False,-166.9,12.7,-8.3,False,True
18.57,True,0.316,0.444,0.511,False,False,-167.0,12.5,-8.2,False,True
18.602,True,0.317,0.444,0.506,False,False,-166.6,12.7,-8.2,False,True
18.634,True,0.318,0.443,0.5,False,False,-166.8,12.6,-8.3,False,True
18.66,True,0.318,0.443,0.494,False,False,-166.6,12.8,-8.2,False,True
18.697,True,0.32,0.444,0.489,False,False,-166.7,12.8,-8.2,False,True
18.73,True,0.316,0.444,0.483,False,False,-166.7,12.6,-8.2,False,True
18.762,True,0.314,0.443,0.478,False,False,-166.5,12.9,-8.2,False,True
18.792,True,0.312,0.443,0.478,False,False,-166.7,12.9,-8.2,False,True
18.823,True,0.309,0.444,0.478,False,False,-166.7,12.8,-8.2,False,True
18.874,True,0.304,0.444,0.478,False,False,-166.8,12.7,-8.2,False,True
18.9,True,0.303,0.444,0.478,False,False,-166.7,12.4,-8.1,False,True
18.939,True,0.307,0.443,0.478,False,False,-166.6,12.7,-8.1,False,True
18.967,True,0.3,0.444,0.478,False,False,-166.4,12.7,-8.1,False,True
19.002,True,0.301,0.444,0.478,False,False,-166.4,12.7,-8.1,False,True
19.032,True,0.297,0.445,0.472,False,False,-166.4,12.5,-8.0,False,True
19.06,True,0.297,0.444,0.472,False,False,-166.9,12.6,-8.0,False,True
19.09,True,0.294,0.444,0.472,False,False,-166.6,12.6,-8.1,False,True
19.13,True,0.292,0.444,0.472,False,False,-166.3,12.7,-8.1,False,True
19.162,True,0.297,0.443,0.467,False,False,-166.6,12.6,-8.2,False,True
19.198,True,0.295,0.443,0.461,False,False,-166.3,12.4,-8.1,False,True
19.223,True,0.292,0.443,0.461,False,False,-166.5,12.4,-8.2,False,True
19.27,True,0.289,0.444,0.461,False,False,-166.6,12.7,-8.1,False,True
19.303,True,0.287,0.443,0.456,False,False,-166.3,12.5,-8.0,False,True
19.337,True,0.284,0.443,0.45,False,False,-166.1,12.6,-8.1,False,True
19.37,True,0.258,0.444,0.444,False,False,-166.5,13.0,-8.0,False,True
19.405,True,0.204,0.445,0.444,True,False,-168.0,13.3,-8.1,False,True
19.436,True,0.134,0.444,0.444,True,False,-168.8,13.1,-8.2,False,True
19.463,True,0.175,0.443,0.444,True,False,-168.2,12.6,-8.3,False,True
19.492,True,0.208,0.442,0.444,True,False,-167.7,12.7,-8.2,False,True
19.523,True,0.222,0.442,0.444,True,False,-168.0,12.8,-8.1,False,True
19.56,True,0.229,0.443,0.444,True,False,-167.4,12.9,-8.0,False,True
19.59,True,0.232,0.443,0.444,True,False,-167.2,13.0,-7.9,False,True
19.624,True,0.238,0.444,0.444,True,False,-167.1,13.0,-7.8,False,True
19.67,True,0.246,0.444,0.444,True,False,-166.9,13.3,-7.9,False,True
19.705,True,0.248,0.445,0.444,True,False,-167.0,13.2,-7.9,False,True
19.738,True,0.249,0.445,0.444,True,False,-167.1,13.1,-7.9,False,True
19.768,True,0.254,0.445,0.444,True,False,-167.0,13.1,-7.9,False,True
19.8,True,0.261,0.445,0.444,False,False,-166.5,13.3,-8.0,False,True
19.83,True,0.288,0.445,0.444,False,False,-166.3,13.4,-7.9,False,True
19.86,True,0.288,0.445,0.444,False,False,-166.5,13.1,-8.0,False,True
19.898,True,0.293,0.445,0.444,False,False,-166.6,13.3,-8.1,False,True
19.93,True,0.294,0.445,0.444,False,False,-166.5,13.1,-8.1,False,True
19.96,True,0.296,0.445,0.444,False,False,-166.5,12.8,-8.0,False,True
19.994,True,0.302,0.444,0.444,False,False,-166.3,13.0,-8.0,False,True
20.024,True,0.301,0.444,0.444,False,False,-166.3,12.9,-7.9,False,True
20.07,True,0.301,0.444,0.444,False,False,-166.3,12.8,-7.9,False,True
20.102,True,0.288,0.443,0.444,False,False,-166.3,12.9,-7.9,False,True
20.13,True,0.286,0.444,0.444,False,False,-166.1,12.7,-7.9,False,True
20.17,True,0.294,0.443,0.444,False,False,-166.3,12.6,-7.9,False,True
20.202,True,0.3,0.443,0.444,False,False,-166.6,12.7,-7.9,False,True
20.23,True,0.301,0.443,0.444,False,False,-166.7,12.9,-7.8,False,True
20.26,True,0.305,0.443,0.439,False,False,-166.9,12.9,-7.7,False,True
20.29,True,0.293,0.446,0.433,False,False,-167.2,13.7,-7.3,False,True
20.33,True,0.301,0.446,0.428,False,False,-167.0,13.2,-7.1,False,True
20.36,True,0.3,0.446,0.422,False,False,-167.0,12.9,-7.1,False,True
20.39,True,0.3,0.445,0.417,False,False,-166.8,12.7,-7.1,False,True
20.425,True,0.302,0.447,0.411,False,False,-167.0,13.0,-6.9,False,True
20.472,True,0.285,0.446,0.406,False,False,-167.0,12.4,-6.8,False,True
20.502,True,0.227,0.446,0.406,True,False,-167.2,12.2,-6.8,False,True
20.536,True,0.111,0.446,0.406,True,False,-166.9,11.8,-6.2,False,True
20.57,True,0.115,0.445,0.406,True,False,-166.6,11.2,-5.9,False,True
20.6,True,0.175,0.447,0.406,True,False,-166.6,12.1,-5.3,False,True
20.632,True,0.271,0.448,0.4,False,False,-166.1,11.3,-5.4,False,True
20.665,True,0.309,0.448,0.394,False,False,-165.9,11.4,-5.0,False,False
20.69,True,0.331,0.45,0.389,False,False,-166.2,10.7,-5.0,False,False
20.73,True,0.33,0.449,0.383,False,False,-165.7,10.3,-4.6,False,False
20.76,True,0.356,0.447,0.378,False,False,-166.8,9.7,-4.6,False,False
20.791,True,0.352,0.448,0.372,False,False,-167.4,9.8,-4.4,False,False
20.825,True,0.353,0.447,0.367,False,False,-167.9,9.4,-4.4,False,False
20.87,True,0.351,0.446,0.361,False,False,-168.2,8.6,-4.5,False,False
20.905,True,0.353,0.448,0.356,False,False,-168.2,8.9,-4.5,False,False
20.938,True,0.343,0.447,0.35,False,False,-168.3,7.9,-4.6,False,False
20.97,True,0.34,0.447,0.344,False,False,-168.0,7.5,-4.6,False,False
21.0,True,0.34,0.446,0.339,False,False,-168.1,7.6,-4.5,False,False
21.03,True,0.341,0.447,0.333,False,False,-167.8,7.3,-4.6,False,False
21.064,True,0.337,0.447,0.328,False,False,-168.3,7.0,-4.6,False,False
21.097,True,0.338,0.446,0.322,False,False,-168.5,6.5,-4.7,False,False
21.13,True,0.338,0.445,0.317,False,False,-168.3,6.4,-4.7,False,False
21.16,True,0.338,0.444,0.311,False,False,-168.1,6.4,-4.7,False,False
21.192,True,0.339,0.445,0.306,False,False,-168.1,6.3,-4.7,False,False
21.226,True,0.339,0.445,0.3,False,False,-168.3,6.4,-4.8,False,False
21.27,True,0.337,0.445,0.294,False,False,-167.9,6.5,-4.6,False,False
21.306,True,0.333,0.446,0.289,False,False,-167.9,6.6,-4.6,False,False
21.337,True,0.332,0.445,0.283,False,False,-167.6,6.2,-4.7,False,False
21.37,True,0.336,0.445,0.278,False,False,-167.8,6.6,-4.7,False,False
21.4,True,0.334,0.446,0.272,False,False,-167.5,6.6,-4.6,False,False
21.43,True,0.332,0.446,0.267,False,False,-167.8,6.8,-4.7,False,False
21.46,True,0.304,0.445,0.261,False,False,-167.3,6.7,-4.7,False,False
21.497,True,0.249,0.447,0.261,True,False,-167.2,7.1,-4.7,False,False
21.53,True,0.121,0.447,0.261,True,False,-166.8,6.5,-4.6,False,False
21.56,True,0.05,0.448,0.261,True,False,-165.3,6.1,-5.3,False,False
21.59,True,0.04,0.449,0.261,True,False,-164.4,5.8,-5.3,False,False
21.624,True,0.153,0.45,0.261,True,False,-166.1,6.4,-5.4,False,False
21.673,True,0.206,0.45,0.261,True,False,-164.9,6.4,-5.6,False,False
21.7,True,0.224,0.45,0.261,True,False,-164.7,6.6,-5.4,False,False
21.74,True,0.23,0.448,0.261,True,False,-164.6,6.8,-5.6,False,False
21.77,True,0.236,0.449,0.261,True,False,-164.4,6.8,-5.6,False,False
21.8,True,0.241,0.449,0.261,True,False,-164.4,7.0,-5.4,False,False
21.83,True,0.25,0.449,0.261,True,False,-164.6,7.0,-5.5,False,False
21.86,True,0.251,0.449,0.261,True,False,-164.4,7.0,-5.5,False,False
21.897,True,0.252,0.45,0.261,True,False,-164.4,6.8,-5.4,False,False
21.93,True,0.249,0.448,0.261,True,False,-164.4,7.2,-5.5,False,False
21.961,True,0.248,0.449,0.261,True,False,-164.2,7.3,-5.5,False,False
21.985,True,0.249,0.448,0.261,True,False,-164.2,7.3,-5.5,False,False
22.027,True,0.25,0.447,0.261,True,False,-164.2,6.9,-5.5,False,False
22.068,True,0.252,0.448,0.261,True,False,-164.3,7.3,-5.5,False,False
22.099,True,0.252,0.448,0.261,True,False,-164.2,7.3,-5.5,False,False
22.13,True,0.252,0.448,0.261,True,False,-163.8,7.9,-5.5,False,False
22.165,True,0.252,0.448,0.261,True,False,-164.1,8.1,-5.5,False,False
22.194,True,0.25,0.447,0.261,True,False,-163.9,7.6,-5.6,False,False
22.227,True,0.25,0.447,0.261,True,False,-163.8,7.4,-5.5,False,False
22.265,True,0.249,0.449,0.267,True,False,-163.7,7.4,-5.5,False,False
22.295,True,0.251,0.447,0.272,True,False,-163.8,7.5,-5.5,False,False
22.329,True,0.252,0.447,0.278,True,False,-163.6,7.5,-5.5,False,False
22.36,True,0.248,0.447,0.283,True,False,-163.8,7.4,-5.5,False,False
22.391,True,0.248,0.447,0.289,True,False,-163.6,7.4,-5.5,False,False
22.427,True,0.248,0.447,0.294,True,False,-163.6,7.2,-5.5,False,False
22.477,True,0.247,0.448,0.3,True,False,-163.9,7.0,-5.5,False,False
22.498,True,0.247,0.447,0.306,True,False,-164.0,7.2,-5.6,False,False
22.537,True,0.246,0.447,0.311,True,False,-164.0,7.6,-5.6,False,False
22.567,True,0.246,0.447,0.317,True,False,-163.6,7.7,-5.5,False,False
22.595,True,0.247,0.448,0.322,True,False,-163.4,7.3,-5.5,False,False
22.631,True,0.246,0.45,0.322,True,False,-163.3,7.3,-5.5,False,False
22.657,True,0.244,0.449,0.322,True,False,-163.5,7.2,-5.5,False,False
22.733,True,0.246,0.448,0.322,True,False,-163.8,7.5,-5.4,False,False
22.74,True,0.247,0.448,0.322,True,False,-163.7,7.5,-5.5,False,False
22.758,True,0.245,0.448,0.322,True,False,-163.9,7.3,-5.5,False,False
22.785,True,0.245,0.448,0.322,True,False,-163.7,7.6,-5.5,False,False
22.818,True,0.247,0.448,0.322,True,False,-163.6,7.7,-5.4,False,False
22.869,True,0.246,0.448,0.328,True,False,-163.6,7.3,-5.5,False,False
22.905,True,0.247,0.448,0.333,True,False,-163.4,7.4,-5.5,False,False
22.935,True,0.247,0.448,0.339,True,False,-163.2,7.5,-5.6,False,False
22.967,True,0.246,0.448,0.344,True,False,-163.1,7.5,-5.5,False,False
23.002,True,0.246,0.448,0.35,True,False,-163.3,7.0,-5.6,False,False
23.028,True,0.247,0.448,0.356,True,False,-163.2,7.5,-5.6,False,False
23.065,True,0.247,0.447,0.361,True,False,-163.2,7.3,-5.5,False,False
23.097,True,0.248,0.447,0.367,True,False,-163.3,7.2,-5.6,False,False
23.13,True,0.25,0.447,0.372,True,False,-163.4,7.4,-5.5,False,False
23.153,True,0.249,0.447,0.378,True,False,-163.4,7.7,-5.5,False,False
23.187,True,0.251,0.447,0.383,True,False,-163.3,7.7,-5.6,False,False
23.222,True,0.252,0.447,0.389,True,False,-163.4,7.4,-5.6,False,False
23.272,True,0.255,0.447,0.394,True,False,-163.6,7.5,-5.6,False,False
23.305,True,0.252,0.447,0.4,True,False,-163.7,7.4,-5.6,False,True
23.333,True,0.254,0.447,0.406,True,False,-163.6,7.5,-5.6,False,True
23.361,True,0.254,0.448,0.411,True,False,-163.5,7.5,-5.6,False,True
23.402,True,0.252,0.446,0.417,True,False,-163.8,7.5,-5.6,False,True
23.428,True,0.252,0.447,0.422,True,False,-163.7,7.6,-5.6,False,True
23.465,True,0.259,0.448,0.422,False,False,-164.0,8.2,-5.6,False,True
23.5,True,0.259,0.448,0.422,False,False,-163.6,8.0,-5.5,False,True
23.528,True,0.261,0.449,0.422,False,False,-163.8,7.7,-5.5,False,True
23.559,True,0.258,0.45,0.422,False,False,-163.5,7.6,-5.6,False,True
23.591,True,0.256,0.449,0.428,True,False,-163.8,7.4,-5.6,False,True
23.623,True,0.256,0.449,0.433,True,False,-163.8,7.6,-5.6,False,True
23.669,True,0.255,0.447,0.439,True,False,-163.8,7.5,-5.5,False,True
23.703,True,0.26,0.448,0.439,False,False,-164.0,7.5,-5.5,False,True
23.73,True,0.261,0.448,0.439,False,False,-164.0,7.6,-5.6,False,True
23.769,True,0.263,0.448,0.439,False,False,-164.0,7.7,-5.5,False,True
23.799,True,0.264,0.447,0.439,False,False,-164.1,7.5,-5.6,False,True
23.829,True,0.267,0.447,0.439,False,False,-163.9,7.5,-5.5,False,True
23.859,True,0.265,0.447,0.439,False,False,-164.1,7.2,-5.6,False,True
23.894,True,0.27,0.447,0.439,False,False,-163.9,7.1,-5.6,False,True
23.929,True,0.269,0.447,0.439,False,False,-163.8,7.2,-5.8,False,True
23.959,True,0.268,0.448,0.439,False,False,-163.8,7.4,-5.8,False,True
23.989,True,0.272,0.448,0.439,False,False,-163.7,7.5,-5.7,False,True
24.019,True,0.272,0.448,0.439,False,False,-163.6,7.5,-5.7,False,True
24.074,True,0.279,0.448,0.439,False,False,-163.8,7.0,-5.8,False,True
24.101,True,0.281,0.448,0.439,False,False,-163.6,7.1,-5.8,False,True
24.129,True,0.282,0.447,0.439,False,False,-163.7,7.2,-5.8,False,True
24.169,True,0.279,0.447,0.433,False,False,-163.8,7.3,-5.7,False,True
24.199,True,0.28,0.448,0.433,False,False,-163.7,7.3,-5.7,False,True
24.229,True,0.28,0.447,0.433,False,False,-163.8,7.6,-5.7,False,True
24.265,True,0.281,0.447,0.433,False,False,-163.9,7.6,-5.7,False,True
24.294,True,0.278,0.446,0.433,False,False,-164.0,7.6,-5.7,False,True
24.329,True,0.276,0.447,0.433,False,False,-163.7,7.8,-5.7,False,True
24.359,True,0.277,0.447,0.433,False,False,-163.7,7.6,-5.7,False,True
24.389,True,0.277,0.446,0.433,False,False,-163.9,7.5,-5.8,False,True
24.419,True,0.278,0.446,0.433,False,False,-164.1,7.4,-5.7,False,True
24.472,True,0.277,0.447,0.433,False,False,-164.1,7.4,-5.7,False,True
24.503,True,0.277,0.446,0.433,False,False,-163.9,7.4,-5.7,False,True
24.537,True,0.275,0.447,0.433,False,False,-164.1,7.5,-5.7,False,True
24.569,True,0.277,0.446,0.433,False,False,-164.2,7.4,-5.8,False,True
24.599,True,0.273,0.447,0.433,False,False,-164.2,7.2,-5.7,False,True
24.629,True,0.27,0.448,0.433,False,False,-163.9,7.4,-5.6,False,True
24.659,True,0.271,0.447,0.433,False,False,-163.9,7.3,-5.6,False,True
24.695,True,0.272,0.448,0.433,False,False,-164.0,7.1,-5.6,False,True
24.729,True,0.275,0.446,0.433,False,False,-164.0,7.4,-5.7,False,True
24.759,True,0.277,0.447,0.433,False,False,-163.8,7.6,-5.7,False,True
24.789,True,0.279,0.446,0.433,False,False,-163.9,7.4,-5.8,False,True
24.819,True,0.278,0.446,0.433,False,False,-163.6,7.3,-5.7,False,True
24.869,True,0.278,0.447,0.433,False,False,-163.8,7.5,-5.7,False,True
24.903,True,0.277,0.448,0.433,False,False,-163.5,7.3,-5.6,False,True
24.931,True,0.287,0.447,0.433,False,False,-163.9,7.2,-5.8,False,True
24.969,True,0.292,0.447,0.433,False,False,-164.1,7.3,-5.8,False,True
24.999,True,0.297,0.446,0.433,False,False,-164.7,6.9,-5.8,False,True
25.029,True,0.301,0.447,0.433,False,False,-164.8,6.9,-5.8,False,True
25.059,True,0.3,0.446,0.433,False,False,-165.1,6.6,-5.8,False,True
25.099,True,0.303,0.448,0.433,False,False,-164.8,6.8,-5.7,False,True
25.129,True,0.302,0.447,0.433,False,False,-164.9,6.7,-5.8,False,True
25.161,True,0.304,0.446,0.433,False,False,-164.8,6.6,-5.7,False,True
25.191,True,0.304,0.447,0.433,False,False,-164.9,7.0,-5.7,False,True
25.223,True,0.304,0.447,0.433,False,False,-164.6,6.7,-5.8,False,True
25.269,True,0.306,0.447,0.433,False,False,-164.8,7.2,-5.8,False,True
25.299,True,0.307,0.447,0.433,False,False,-164.2,6.9,-5.8,False,True
25.329,True,0.301,0.447,0.433,False,False,-164.6,7.1,-5.6,False,True
25.369,True,0.294,0.447,0.433,False,False,-164.3,6.7,-5.8,False,True
25.399,True,0.29,0.447,0.428,False,False,-164.0,7.2,-5.8,False,True
25.429,True,0.278,0.447,0.422,False,False,-163.8,7.3,-5.7,False,True
25.459,True,0.275,0.448,0.417,False,False,-163.9,7.1,-5.8,False,True
25.491,True,0.269,0.447,0.411,False,False,-163.7,7.6,-5.8,False,True
25.529,True,0.27,0.446,0.406,False,False,-163.8,7.3,-5.8,False,True
25.559,True,0.266,0.447,0.4,False,False,-163.7,7.8,-5.8,False,True
25.589,True,0.265,0.447,0.394,False,False,-163.7,7.4,-5.8,False,False
25.619,True,0.265,0.447,0.389,False,False,-163.5,7.4,-5.8,False,False
25.672,True,0.262,0.448,0.383,False,False,-163.7,7.4,-5.7,False,False
25.705,True,0.263,0.448,0.378,False,False,-163.7,7.5,-5.7,False,False
25.729,True,0.262,0.447,0.372,False,False,-163.5,7.7,-5.8,False,False
25.763,True,0.262,0.448,0.367,False,False,-163.2,7.8,-5.7,False,False
25.799,True,0.261,0.449,0.367,False,False,-163.2,7.5,-5.7,False,False
25.832,True,0.26,0.449,0.367,False,False,-163.2,7.6,-5.7,False,False
25.865,True,0.258,0.449,0.367,False,False,-163.3,7.5,-5.7,False,False
25.889,True,0.257,0.448,0.372,True,False,-163.5,7.6,-5.7,False,False
25.923,True,0.257,0.448,0.378,True,False,-163.5,7.5,-5.7,False,False
25.962,True,0.256,0.447,0.383,True,False,-163.5,7.5,-5.8,False,False
25.992,True,0.257,0.448,0.389,True,False,-163.5,7.2,-5.8,False,False
26.019,True,0.258,0.448,0.389,False,False,-163.5,7.5,-5.8,False,False
26.073,True,0.258,0.449,0.389,False,False,-163.6,7.2,-5.7,False,False
26.099,True,0.256,0.448,0.394,True,False,-163.3,7.2,-5.7,False,False
26.129,True,0.256,0.449,0.4,True,False,-163.4,7.3,-5.7,False,True
26.168,True,0.256,0.449,0.406,True,False,-163.1,7.5,-5.7,False,True
26.203,True,0.257,0.448,0.406,False,False,-163.5,7.4,-5.7,False,True
26.233,True,0.258,0.448,0.406,False,False,-163.4,7.6,-5.7,False,True
26.259,True,0.257,0.448,0.411,True,False,-163.4,7.5,-5.7,False,True
26.297,True,0.249,0.448,0.417,True,False,-163.2,7.5,-5.7,False,True
26.329,True,0.253,0.448,0.422,True,False,-163.5,7.5,-5.7,False,True
26.359,True,0.252,0.447,0.428,True,False,-163.4,7.6,-5.7,False,True
26.392,True,0.252,0.448,0.433,True,False,-163.1,7.8,-5.5,False,True
26.428,True,0.251,0.448,0.439,True,False,-163.5,7.3,-5.6,False,True
26.457,True,0.253,0.447,0.444,True,False,-163.3,7.3,-5.6,False,True
26.503,True,0.252,0.448,0.444,True,False,-163.6,7.3,-5.7,False,True
26.535,True,0.253,0.448,0.444,True,False,-163.4,7.7,-5.7,False,True
26.568,True,0.252,0.448,0.444,True,False,-163.5,7.2,-5.6,False,True
26.599,True,0.253,0.447,0.444,True,False,-163.6,7.2,-5.6,False,True
26.634,True,0.254,0.448,0.45,True,False,-163.5,7.4,-5.6,False,True
26.659,True,0.251,0.448,0.456,True,False,-163.6,7.2,-5.7,False,True
26.699,True,0.254,0.449,0.461,True,False,-163.7,7.3,-5.7,False,True
26.729,True,0.251,0.45,0.467,True,False,-163.5,7.0,-5.8,False,True
26.763,True,0.253,0.448,0.472,True,False,-163.4,7.1,-5.7,False,True
26.789,True,0.254,0.45,0.478,True,False,-163.5,7.3,-5.8,False,True
26.822,True,0.257,0.449,0.483,True,False,-163.3,8.1,-5.7,False,True
26.855,True,0.259,0.447,0.483,False,False,-163.6,8.0,-5.8,False,True
26.899,True,0.259,0.449,0.483,False,False,-163.6,7.9,-5.8,False,True
26.931,True,0.255,0.449,0.489,True,False,-163.3,8.0,-5.7,False,True
26.969,True,0.257,0.448,0.489,False,False,-163.6,8.0,-5.7,False,True
26.999,True,0.259,0.448,0.489,False,False,-163.7,8.3,-5.7,False,True
27.032,True,0.261,0.448,0.489,False,False,-163.6,8.2,-5.7,False,True
27.066,True,0.262,0.448,0.489,False,False,-163.5,7.8,-5.8,False,True
27.101,True,0.262,0.447,0.489,False,False,-163.7,7.7,-5.8,False,True
27.129,True,0.262,0.447,0.489,False,False,-163.7,8.2,-5.8,False,True
27.159,True,0.264,0.448,0.489,False,False,-163.7,8.2,-5.8,False,True
27.189,True,0.264,0.448,0.489,False,False,-163.6,8.0,-5.8,False,True
27.223,True,0.263,0.448,0.489,False,False,-163.8,8.4,-5.8,False,True
27.259,True,0.266,0.448,0.489,False,False,-163.7,8.2,-5.8,False,True
27.299,True,0.267,0.448,0.489,False,False,-163.7,8.7,-5.6,False,True
27.331,True,0.264,0.45,0.489,False,False,-163.8,8.1,-5.9,False,True
27.369,True,0.275,0.45,0.489,False,False,-164.9,7.3,-6.0,False,True
27.399,True,0.275,0.448,0.489,False,False,-167.6,7.7,-6.1,False,True
27.431,True,0.271,0.448,0.489,False,False,-169.9,6.9,-6.4,False,True
27.465,True,0.284,0.451,0.489,False,False,-173.4,6.5,-6.6,False,True
27.499,True,0.285,0.449,0.483,False,False,-175.0,6.3,-6.8,False,True
27.529,True,0.278,0.452,0.478,False,False,-177.0,5.5,-7.5,False,True
27.561,True,0.273,0.448,0.472,False,False,179.4,3.9,-8.1,False,True
27.59,True,0.275,0.446,0.467,False,False,174.1,4.2,-8.6,False,True
27.625,True,0.27,0.447,0.461,False,False,171.5,4.0,-8.9,False,True
27.655,True,0.27,0.444,0.456,False,False,169.5,3.7,-9.2,False,True
27.699,True,0.262,0.446,0.45,False,False,167.0,4.4,-9.4,False,True
27.729,True,0.269,0.446,0.444,False,False,164.6,3.9,-9.6,False,True
27.769,True,0.264,0.447,0.439,False,False,164.3,4.6,-9.8,False,True
27.799,True,0.265,0.445,0.433,False,False,164.9,4.5,-9.6,True,True
27.829,True,0.256,0.445,0.433,True,False,165.0,4.1,-9.7,True,True
27.859,True,0.243,0.445,0.433,True,False,164.9,4.1,-9.7,True,True
27.889,True,0.244,0.445,0.433,True,False,164.8,3.9,-9.7,True,True
27.929,True,0.243,0.444,0.433,True,False,163.6,3.8,-9.7,True,True
27.959,True,0.246,0.444,0.433,True,False,164.2,3.9,-9.7,True,True
27.991,True,0.244,0.444,0.433,True,False,164.5,4.3,-9.6,True,True
28.019,True,0.24,0.444,0.433,True,False,164.8,4.5,-9.6,True,True
28.059,True,0.239,0.445,0.433,True,False,165.5,4.3,-9.6,True,True
28.109,True,0.236,0.444,0.433,True,False,164.5,4.1,-9.6,True,True
28.143,True,0.237,0.444,0.433,True,False,164.3,3.9,-9.8,True,True
28.169,True,0.232,0.445,0.433,True,False,163.8,3.8,-9.6,True,True
28.199,True,0.231,0.445,0.433,True,False,164.0,4.2,-9.6,True,True
28.229,True,0.235,0.446,0.433,True,False,164.8,4.6,-9.7,True,True
28.26,True,0.237,0.444,0.433,True,False,165.6,4.6,-9.6,True,True
28.289,True,0.205,0.444,0.433,True,False,165.5,4.7,-9.7,True,True
28.329,True,0.098,0.445,0.433,True,False,164.3,5.4,-9.4,True,True
28.359,True,0.064,0.445,0.433,True,False,164.0,4.9,-9.4,True,True
28.389,True,0.139,0.445,0.433,True,False,164.6,4.8,-9.4,True,True
28.423,True,0.179,0.444,0.433,True,False,165.8,4.9,-9.6,True,True
28.449,True,0.2,0.444,0.433,True,False,167.4,5.3,-9.9,True,True
28.505,True,0.219,0.445,0.433,True,False,167.5,5.6,-9.6,True,True
28.531,True,0.209,0.446,0.433,True,False,166.6,5.0,-9.6,True,True
28.56,True,0.213,0.444,0.433,True,False,167.1,5.0,-9.6,True,True
28.599,True,0.215,0.444,0.433,True,False,166.5,5.1,-9.6,True,True
28.629,True,0.217,0.445,0.433,True,False,167.0,5.2,-9.5,True,True
28.659,True,0.228,0.445,0.433,True,False,167.4,5.6,-9.6,True,True
28.693,True,0.229,0.445,0.433,True,False,167.2,5.9,-9.6,True,True
28.729,True,0.233,0.445,0.433,True,False,167.8,5.9,-9.5,True,True
28.759,True,0.23,0.444,0.433,True,False,167.9,5.8,-9.6,True,True
28.789,True,0.233,0.444,0.433,True,False,168.0,6.2,-9.6,True,True
28.823,True,0.235,0.445,0.433,True,False,167.7,6.3,-9.5,True,True
28.857,True,0.237,0.444,0.433,True,False,168.4,6.2,-9.6,True,True
28.9,True,0.236,0.444,0.433,True,False,168.3,6.2,-9.5,True,True
28.929,True,0.237,0.444,0.433,True,False,168.8,6.1,-9.4,True,True
28.969,True,0.232,0.445,0.433,True,False,169.0,6.3,-9.5,True,True
28.999,True,0.199,0.445,0.433,True,False,168.2,5.2,-9.4,True,True
29.031,True,0.065,0.446,0.433,True,False,166.9,5.4,-9.2,True,True
29.061,True,0.054,0.448,0.433,True,False,168.4,5.8,-9.1,True,True
29.089,True,0.17,0.447,0.433,True,False,168.7,5.8,-9.2,True,True
29.127,True,0.207,0.445,0.433,True,False,169.2,6.0,-9.1,True,True
29.159,True,0.221,0.446,0.433,True,False,168.6,5.7,-8.9,True,True
29.189,True,0.231,0.445,0.433,True,False,168.8,6.0,-8.6,True,True
29.219,True,0.239,0.445,0.433,True,False,168.6,5.9,-8.6,True,True
29.25,True,0.242,0.445,0.433,True,False,168.6,5.6,-8.3,True,True
29.299,True,0.249,0.445,0.433,True,False,169.3,5.8,-8.3,True,True
29.331,True,0.247,0.446,0.433,True,False,170.1,5.7,-8.1,True,True
29.369,True,0.253,0.446,0.433,True,False,169.9,5.3,-7.9,True,True
29.399,True,0.256,0.445,0.433,True,False,169.7,4.6,-7.7,True,True
29.429,True,0.254,0.445,0.433,True,False,170.0,4.3,-7.8,True,True
29.463,True,0.249,0.445,0.439,True,False,169.5,4.1,-7.6,True,True
29.489,True,0.254,0.446,0.444,True,False,169.2,4.1,-7.5,True,True
29.527,True,0.245,0.445,0.45,True,False,168.7,4.1,-7.3,True,True
29.56,True,0.243,0.445,0.456,True,False,168.7,3.6,-7.3,True,True
29.591,True,0.231,0.444,0.456,True,False,169.0,3.2,-7.0,True,True
29.625,True,0.236,0.445,0.456,True,False,169.1,2.9,-7.0,True,True
29.658,True,0.221,0.445,0.456,True,False,168.2,2.5,-7.0,True,True
29.701,True,0.23,0.444,0.461,True,False,168.7,2.1,-7.1,True,True
29.733,True,0.22,0.445,0.467,True,False,168.0,1.5,-7.0,True,True
29.769,True,0.223,0.444,0.472,True,False,168.4,1.9,-7.1,True,True
29.799,True,0.221,0.445,0.478,True,False,168.5,2.0,-7.1,True,True
29.829,True,0.217,0.447,0.483,True,False,168.6,2.5,-6.9,True,True
29.859,True,0.212,0.446,0.489,True,False,168.8,2.2,-6.9,True,True
29.899,True,0.214,0.448,0.494,True,False,170.6,3.1,-7.0,True,True
29.929,True,0.219,0.447,0.5,True,False,171.4,3.4,-7.0,True,True
29.959,True,0.217,0.448,0.506,True,False,171.9,3.4,-7.1,True,True
29.989,True,0.22,0.447,0.511,True,False,171.4,3.2,-7.2,True,True
30.019,True,0.221,0.446,0.517,True,False,171.4,3.1,-7.2,True,True
30.053,True,0.232,0.447,0.522,True,False,171.8,3.3,-7.3,True,True
30.099,True,0.23,0.447,0.528,True,False,171.5,3.2,-7.3,True,True
30.129,True,0.227,0.447,0.533,True,False,171.9,3.0,-7.3,True,True
30.173,True,0.228,0.448,0.539,True,False,172.5,3.2,-7.3,True,True
30.201,True,0.226,0.447,0.544,True,False,172.2,3.2,-7.3,True,True
30.233,True,0.227,0.447,0.55,True,False,173.1,3.1,-7.3,True,True
30.263,True,0.21,0.446,0.556,True,False,172.2,3.6,-7.1,True,True
30.295,True,0.198,0.447,0.561,True,False,172.6,3.5,-7.2,True,True
30.331,True,0.2,0.447,0.567,True,False,172.7,3.5,-7.2,True,True
30.359,True,0.206,0.448,0.572,True,False,172.9,3.5,-7.2,True,True
30.389,True,0.207,0.447,0.578,True,False,172.7,3.5,-7.3,True,True
30.419,True,0.207,0.449,0.583,True,False,174.1,4.2,-7.2,True,True
30.464,True,0.21,0.449,0.589,True,False,174.5,4.2,-7.1,True,True
30.537,True,0.207,0.448,0.594,True,False,174.2,4.1,-7.2,True,True
30.556,True,0.21,0.449,0.6,True,False,175.5,4.6,-7.2,True,True
30.573,True,0.211,0.448,0.606,True,False,175.4,4.6,-7.2,True,True
30.601,True,0.212,0.448,0.611,True,False,175.3,4.6,-7.2,True,True
30.631,True,0.209,0.449,0.617,True,False,175.4,4.8,-7.2,True,True
30.659,True,0.21,0.448,0.622,True,False,175.3,4.6,-7.3,True,True
30.689,True,0.209,0.449,0.628,True,False,175.7,4.4,-7.4,True,True
30.729,True,0.208,0.449,0.633,True,False,175.0,4.8,-7.2,True,True
30.759,True,0.208,0.449,0.639,True,False,175.9,4.6,-7.3,True,True
30.789,True,0.21,0.448,0.644,True,False,175.9,4.7,-7.2,True,True
30.824,True,0.212,0.448,0.65,True,False,175.8,4.6,-7.2,True,True
30.849,True,0.21,0.448,0.656,True,False,175.7,4.6,-7.1,True,True
30.899,True,0.211,0.447,0.661,True,False,175.5,4.5,-7.2,True,True
30.939,True,0.209,0.449,0.667,True,False,176.2,4.7,-7.2,True,True
30.969,True,0.209,0.449,0.672,True,False,176.3,4.7,-7.3,True,True
30.999,True,0.207,0.448,0.678,True,False,176.3,4.8,-7.2,True,True
31.029,True,0.205,0.448,0.683,True,False,175.6,4.5,-7.3,True,True
31.059,True,0.204,0.449,0.689,True,False,175.4,4.6,-7.2,True,True
31.091,True,0.207,0.449,0.694,True,False,176.0,5.0,-7.2,True,True
31.129,True,0.204,0.449,0.7,True,False,176.3,5.1,-7.2,True,True
31.159,True,0.204,0.449,0.706,True,False,175.8,4.9,-7.1,True,True
31.189,True,0.196,0.449,0.711,True,False,176.2,4.6,-7.2,True,True
31.223,True,0.199,0.448,0.717,True,False,175.6,4.0,-7.3,True,True
31.251,True,0.2,0.448,0.722,True,False,176.5,4.4,-7.3,True,True
31.299,True,0.201,0.449,0.728,True,False,176.8,4.4,-7.3,True,True
31.329,True,0.206,0.449,0.733,True,False,176.5,4.2,-7.3,True,True
31.361,True,0.208,0.448,0.739,True,False,175.7,4.5,-7.4,True,True
31.399,True,0.204,0.449,0.744,True,False,177.1,4.5,-7.4,True,True
31.429,True,0.205,0.45,0.75,True,False,176.9,4.6,-7.4,True,True
31.459,True,0.21,0.45,0.756,True,False,176.7,4.9,-7.3,True,True
31.495,True,0.211,0.45,0.761,True,False,176.5,4.7,-7.4,True,True
31.527,True,0.208,0.45,0.767,True,False,177.3,4.8,-7.4,True,True
31.559,True,0.207,0.45,0.772,True,False,176.5,4.5,-7.5,True,True
31.593,True,0.211,0.45,0.778,True,False,176.5,4.7,-7.5,True,True
31.619,True,0.209,0.449,0.783,True,False,177.2,5.1,-7.5,True,True
31.649,True,0.209,0.45,0.789,True,False,177.2,5.2,-7.5,True,True
31.699,True,0.208,0.449,0.794,True,False,176.8,4.9,-7.5,True,True
31.736,True,0.205,0.448,0.8,True,False,176.9,5.0,-7.6,True,True
31.764,True,0.207,0.449,0.806,True,False,177.2,5.2,-7.5,True,True
31.799,True,0.209,0.448,0.811,True,False,176.5,5.3,-7.5,True,True
31.829,True,0.203,0.449,0.817,True,False,176.5,5.2,-7.4,True,True
31.863,True,0.206,0.448,0.822,True,False,176.0,5.5,-7.4,True,True
31.892,True,0.206,0.449,0.822,True,False,176.8,5.5,-7.5,True,True
31.929,True,0.206,0.449,0.822,True,False,176.4,5.4,-7.5,True,True
31.959,True,0.205,0.449,0.822,True,False,176.9,5.6,-7.5,True,True
31.991,True,0.205,0.449,0.822,True,False,176.7,5.5,-7.5,True,True
32.019,True,0.204,0.449,0.828,True,False,176.3,5.2,-7.5,True,True
32.051,True,0.204,0.447,0.833,True,False,176.5,5.1,-7.5,True,True
32.099,True,0.205,0.448,0.833,True,False,176.4,5.2,-7.5,True,True
32.129,True,0.206,0.449,0.833,True,False,176.0,4.5,-7.5,True,True
32.169,True,0.209,0.449,0.833,True,False,176.3,5.0,-7.6,True,True
32.199,True,0.208,0.449,0.839,True,False,176.5,5.2,-7.6,True,True
32.229,True,0.206,0.449,0.844,True,False,175.9,4.8,-7.4,True,True
32.259,True,0.205,0.448,0.844,True,False,176.1,5.3,-7.4,True,True
32.299,True,0.206,0.448,0.844,True,False,175.8,5.3,-7.4,True,True
32.329,True,0.206,0.449,0.844,True,False,176.0,5.2,-7.3,True,True
32.359,True,0.204,0.449,0.844,True,False,175.9,5.0,-7.3,True,True
32.389,True,0.203,0.449,0.844,True,False,176.1,5.1,-7.2,True,True
32.419,True,0.206,0.449,0.844,True,False,176.1,4.8,-7.3,True,True
32.449,True,0.206,0.449,0.844,True,False,176.4,5.4,-7.3,True,True
32.505,True,0.205,0.448,0.844,True,False,176.4,5.1,-7.4,True,True
32.529,True,0.209,0.448,0.844,True,False,176.6,4.9,-7.3,True,True
32.561,True,0.212,0.449,0.844,True,False,176.8,5.1,-7.3,True,True
32.599,True,0.213,0.45,0.844,True,False,176.6,5.4,-7.3,True,True
32.629,True,0.216,0.45,0.844,True,False,176.7,5.4,-7.4,True,True
32.659,True,0.215,0.45,0.844,True,False,176.0,5.2,-7.3,True,True
32.689,True,0.216,0.45,0.844,True,False,176.0,5.7,-7.3,True,True
32.729,True,0.217,0.449,0.844,True,False,176.3,5.7,-7.2,True,True
32.759,True,0.214,0.45,0.844,True,False,176.5,5.6,-7.2,True,True
32.789,True,0.211,0.449,0.844,True,False,176.9,5.8,-7.3,True,True
32.819,True,0.21,0.449,0.844,True,False,176.4,5.6,-7.3,True,True
32.849,True,0.211,0.449,0.85,True,False,176.5,5.7,-7.4,True,True
32.899,True,0.214,0.449,0.856,True,False,176.3,5.3,-7.5,True,True
32.933,True,0.208,0.449,0.856,True,False,176.5,4.8,-7.4,True,True
32.961,True,0.186,0.449,0.861,True,False,176.8,5.4,-7.3,True,True
32.999,True,0.186,0.449,0.867,True,False,177.5,5.6,-7.3,True,True
33.032,True,0.166,0.449,0.872,True,False,177.5,5.3,-7.3,True,True
33.06,True,0.076,0.449,0.878,True,False,176.1,3.5,-7.3,True,True
33.094,True,0.057,0.449,0.883,True,False,176.2,3.4,-7.3,True,True
33.127,True,0.144,0.449,0.889,True,False,177.3,4.6,-7.2,True,True
33.162,True,0.2,0.449,0.894,True,False,178.2,5.0,-7.4,True,True
33.193,True,0.221,0.45,0.9,True,False,179.1,5.7,-7.3,True,True
33.219,True,0.227,0.45,0.906,True,False,179.1,5.7,-7.2,True,True
33.256,True,0.237,0.45,0.911,True,False,179.1,6.0,-7.3,True,True
33.299,True,0.238,0.45,0.917,True,False,178.8,5.8,-7.4,True,True
33.334,True,0.24,0.45,0.922,True,False,179.5,6.2,-7.4,True,True
33.361,True,0.242,0.449,0.928,True,False,179.4,6.3,-7.3,True,True
33.401,True,0.245,0.449,0.933,True,False,179.7,6.2,-7.3,True,True
33.431,True,0.245,0.45,0.939,True,False,179.6,6.2,-7.3,True,True
33.464,True,0.244,0.449,0.944,True,False,179.4,6.0,-7.5,True,True
33.497,True,0.245,0.45,0.95,True,False,179.7,6.2,-7.5,True,True
33.528,True,0.245,0.449,0.956,True,False,179.2,5.7,-7.5,True,True
33.559,True,0.243,0.45,0.961,True,False,179.3,5.9,-7.4,True,True
33.589,True,0.246,0.45,0.967,True,False,179.5,5.9,-7.4,True,True
33.619,True,0.241,0.45,0.972,True,False,179.2,5.8,-7.5,True,True
33.649,True,0.24,0.449,0.978,True,False,178.4,5.4,-7.6,True,True
33.699,True,0.244,0.45,0.983,True,False,178.8,5.7,-7.5,True,True
33.729,True,0.245,0.45,0.989,True,False,179.1,5.8,-7.5,True,True
33.766,True,0.244,0.45,0.994,True,False,178.7,5.6,-7.5,True,True
33.799,True,0.246,0.45,1.0,True,False,179.1,5.6,-7.6,True,True
33.829,True,0.249,0.449,1.0,True,False,178.9,5.5,-7.5,True,True
33.859,True,0.247,0.45,1.0,True,False,179.3,5.9,-7.5,True,True
33.889,True,0.238,0.451,1.0,True,False,178.9,5.2,-7.4,True,True
33.921,True,0.24,0.45,1.0,True,False,179.1,5.3,-7.4,True,True
33.959,True,0.24,0.45,1.0,True,False,178.7,5.1,-7.3,True,True
33.989,True,0.252,0.449,1.0,True,False,178.7,5.2,-7.2,True,True
34.019,True,0.269,0.45,0.994,False,False,-179.6,5.1,-7.2,False,True
34.052,True,0.286,0.449,0.989,False,False,-179.4,5.0,-7.3,False,True
34.099,True,0.291,0.447,0.983,False,False,-179.8,5.0,-7.3,False,True
34.129,True,0.303,0.446,0.978,False,False,179.6,4.6,-7.4,False,True
34.161,True,0.305,0.445,0.972,False,False,179.4,4.6,-7.4,False,True
34.201,True,0.313,0.447,0.967,False,False,-179.8,4.9,-7.3,False,True
34.232,True,0.302,0.446,0.961,False,False,-179.9,4.9,-7.3,False,True
34.259,True,0.294,0.445,0.956,False,False,179.2,4.7,-7.3,False,True
34.295,True,0.282,0.446,0.95,False,False,178.1,4.4,-7.2,False,True
34.329,True,0.285,0.446,0.944,False,False,178.8,4.7,-7.2,False,True
34.359,True,0.266,0.445,0.939,False,False,177.9,4.3,-7.3,False,True
34.389,True,0.257,0.445,0.933,False,False,178.3,4.1,-7.2,False,True
34.419,True,0.258,0.446,0.928,False,False,178.9,4.6,-7.2,False,True
34.449,True,0.256,0.446,0.928,True,False,178.9,4.4,-7.1,False,True
34.505,True,0.253,0.446,0.928,True,False,178.7,4.3,-7.2,True,True
34.537,True,0.247,0.447,0.928,True,False,179.2,4.8,-7.1,True,True
34.569,True,0.244,0.446,0.928,True,False,-179.5,4.4,-7.2,False,True
34.602,True,0.242,0.447,0.928,True,False,179.1,4.3,-7.0,False,True
34.629,True,0.241,0.446,0.928,True,False,-179.8,4.7,-7.0,False,True
34.664,True,0.229,0.445,0.928,True,False,179.7,4.4,-7.1,False,True
34.689,True,0.228,0.449,0.928,True,False,-178.1,5.3,-6.6,False,True
34.723,True,0.233,0.449,0.928,True,False,-177.4,5.4,-6.6,False,True
34.759,True,0.236,0.448,0.928,True,False,-177.0,5.4,-6.4,False,True
34.789,True,0.241,0.449,0.928,True,False,-176.4,5.9,-6.2,False,True
34.819,True,0.24,0.449,0.928,True,False,-175.5,6.2,-6.3,False,True
34.856,True,0.242,0.447,0.928,True,False,-174.9,5.5,-6.2,False,True
34.904,True,0.246,0.45,0.928,True,False,-173.6,6.3,-5.9,False,True
34.929,True,0.257,0.451,0.928,True,False,-172.3,6.9,-5.7,False,True
34.959,True,0.269,0.451,0.922,False,False,-171.4,6.9,-5.5,False,True
34.999,True,0.26,0.449,0.917,False,False,-170.9,7.4,-5.5,False,True
35.029,True,0.256,0.448,0.917,True,False,-170.6,7.7,-5.3,False,True
35.065,True,0.258,0.447,0.911,False,False,-170.0,7.4,-5.3,False,True
35.089,True,0.254,0.448,0.911,True,False,-170.3,7.4,-5.2,False,True
35.13,True,0.22,0.452,0.911,True,False,-170.5,7.4,-5.2,False,True
35.159,True,0.099,0.452,0.911,True,False,-172.0,6.4,-5.0,False,True
35.192,True,0.05,0.452,0.911,True,False,-171.8,5.6,-5.1,False,True
35.222,True,0.135,0.45,0.911,True,False,-172.1,5.9,-5.0,False,True
35.25,True,0.195,0.448,0.911,True,False,-173.3,5.7,-5.2,False,True
35.281,True,0.217,0.451,0.911,True,False,-173.2,6.6,-5.3,False,True
35.331,True,0.238,0.451,0.911,True,False,-172.5,7.1,-5.5,False,True
35.369,True,0.247,0.453,0.911,True,False,-173.3,8.0,-5.6,False,True
35.399,True,0.255,0.455,0.911,True,False,-173.0,8.4,-5.6,False,True
35.432,True,0.236,0.45,0.911,True,False,-173.9,5.3,-6.0,False,True
35.459,True,0.246,0.449,0.911,True,False,-172.0,7.7,-6.0,False,True
35.495,True,0.255,0.451,0.911,True,False,-168.8,8.1,-5.9,False,True
35.528,True,0.272,0.455,0.906,False,False,-165.2,7.4,-7.2,False,True
35.561,True,0.223,0.454,0.906,True,False,-162.9,9.2,-5.1,False,True
35.589,True,0.254,0.461,0.906,True,False,-164.6,9.2,-4.4,False,True
35.625,True,0.291,0.449,0.9,False,False,-160.4,10.9,-3.9,False,True
35.651,True,0.295,0.463,0.894,False,False,-159.7,9.1,-3.3,False,True
35.689,True,0.272,0.466,0.889,False,False,-159.4,4.5,-2.5,False,True
35.73,True,0.279,0.473,0.883,False,False,-159.0,1.3,-2.1,False,True
35.762,True,0.302,0.466,0.878,False,False,-158.5,-0.4,-2.1,False,True
35.801,True,0.289,0.454,0.872,False,False,-158.5,-0.9,-2.0,False,True
35.836,True,0.278,0.454,0.867,False,False,-157.2,-2.5,-2.0,False,True
35.864,True,0.279,0.459,0.861,False,False,-156.5,-0.6,-2.1,False,True
35.894,True,0.307,0.493,0.856,False,False,-155.5,-0.7,-2.2,False,True
35.922,True,0.303,0.461,0.85,False,False,-154.2,0.4,-1.7,False,True
35.959,True,0.279,0.461,0.844,False,False,-154.0,0.6,-1.0,False,True
35.989,True,0.283,0.467,0.839,False,False,-155.2,-0.8,-0.5,False,True
36.019,True,0.3,0.466,0.833,False,False,-154.4,-2.2,-0.1,False,True
36.053,True,0.263,0.457,0.828,False,False,-154.6,-0.9,1.1,False,True
36.079,True,0.271,0.458,0.822,False,False,-156.3,0.7,1.8,False,True
36.133,True,0.265,0.458,0.817,False,False,-159.9,2.0,2.1,False,True
36.162,True,0.256,0.455,0.817,True,False,-162.9,2.1,1.6,False,True
36.199,True,0.266,0.454,0.811,False,False,-164.2,2.6,1.7,False,True
36.232,True,0.263,0.459,0.806,False,False,-168.6,3.1,1.5,False,True
36.259,True,0.238,0.457,0.806,True,False,-171.4,3.9,-0.1,False,True
36.289,True,0.241,0.452,0.806,True,False,-171.4,5.4,-0.4,False,True
36.329,True,0.228,0.45,0.806,True,False,-172.8,5.8,-1.8,False,True
36.359,True,0.231,0.451,0.806,True,False,-177.0,5.8,-2.8,False,True
36.389,True,0.24,0.45,0.806,True,False,-179.8,6.5,-4.0,False,True
36.419,True,0.229,0.451,0.806,True,False,178.3,6.4,-5.2,False,True
36.454,True,0.243,0.448,0.806,True,False,173.9,5.9,-5.4,False,True
36.481,True,0.247,0.446,0.806,True,False,170.9,4.6,-5.7,False,True
36.533,True,0.244,0.453,0.806,True,False,170.0,5.5,-5.4,False,True
36.569,True,0.266,0.447,0.8,False,False,167.0,4.9,-5.5,False,True
36.599,True,0.255,0.447,0.8,True,False,164.4,3.9,-5.2,False,True
36.629,True,0.256,0.449,0.8,True,False,163.7,4.8,-4.8,False,True
36.665,True,0.259,0.448,0.794,False,False,162.7,4.5,-4.2,True,True
36.697,True,0.255,0.447,0.794,True,False,162.5,4.6,-4.0,True,True
36.729,True,0.236,0.447,0.794,True,False,161.6,4.1,-3.1,True,True
36.759,True,0.253,0.455,0.794,True,False,162.2,4.3,-2.6,True,True
36.789,True,0.255,0.451,0.794,True,False,163.6,4.5,-2.6,True,True
36.823,True,0.263,0.456,0.789,False,False,162.2,5.8,-2.6,True,True
36.859,True,0.252,0.449,0.789,True,False,163.6,6.0,-2.8,True,True
36.881,True,0.248,0.45,0.789,True,False,164.6,4.9,-2.7,True,True
36.929,True,0.23,0.449,0.789,True,False,165.5,6.9,-3.0,True,True
36.969,True,0.229,0.449,0.789,True,False,167.9,7.2,-2.7,True,True
36.999,True,0.221,0.448,0.789,True,False,170.3,7.1,-2.5,True,True
37.029,True,0.232,0.447,0.789,True,False,172.7,6.3,-2.8,True,True
37.059,True,0.22,0.446,0.789,True,False,174.5,6.6,-3.0,True,True
37.089,True,0.219,0.452,0.789,True,False,-178.9,5.7,-3.1,False,True
37.12,True,0.229,0.449,0.789,True,False,-179.7,4.6,-3.8,False,True
37.159,True,0.228,0.446,0.789,True,False,-179.0,4.2,-3.6,False,True
37.189,True,0.232,0.447,0.789,True,False,-179.3,4.3,-3.6,False,True
37.221,True,0.224,0.448,0.789,True,False,175.4,3.1,-3.5,False,True
37.249,True,0.216,0.449,0.789,True,False,174.8,3.3,-4.2,False,True
37.289,True,0.239,0.446,0.789,True,False,173.4,2.1,-4.5,False,True
37.336,True,0.228,0.446,0.789,True,False,171.7,3.8,-4.6,False,True
37.369,True,0.252,0.445,0.789,True,False,171.2,4.2,-4.3,False,True
37.399,True,0.246,0.447,0.789,True,False,173.2,4.0,-4.0,False,True
37.429,True,0.255,0.447,0.789,True,False,171.7,4.0,-3.9,False,True
37.463,True,0.271,0.448,0.783,False,False,175.0,3.1,-3.3,True,True
37.493,True,0.257,0.451,0.783,True,False,176.7,1.9,-3.1,True,True
37.532,True,0.248,0.445,0.783,True,False,173.0,3.3,-3.3,True,True
37.559,True,0.254,0.451,0.783,True,False,176.3,4.9,-3.3,True,True
37.596,True,0.24,0.449,0.783,True,False,178.0,3.1,-3.5,True,True
37.625,True,0.239,0.449,0.783,True,False,176.6,2.3,-4.2,True,True
37.655,True,0.278,0.451,0.778,False,False,-179.5,6.4,-4.2,False,True
37.689,True,0.269,0.455,0.772,False,False,-177.8,6.4,-3.2,False,True
37.734,True,0.271,0.449,0.767,False,False,-178.3,5.5,-3.4,False,True
37.766,True,0.258,0.452,0.761,False,False,-177.0,4.9,-3.5,False,True
37.809,True,0.261,0.449,0.756,False,False,-173.6,4.4,-3.2,False,True
37.829,True,0.266,0.45,0.75,False,False,-173.4,3.0,-3.4,False,True
37.862,True,0.283,0.449,0.744,False,False,-173.3,3.6,-3.1,False,True
37.889,True,0.329,0.447,0.739,False,False,-174.0,3.1,-2.9,False,True
37.926,True,0.272,0.45,0.733,False,False,-175.0,5.7,-3.2,False,True
37.963,True,0.249,0.452,0.733,True,False,-175.7,5.6,-2.8,False,True
37.993,True,0.306,0.452,0.728,False,False,-170.6,5.2,-2.1,False,True
38.024,True,0.331,0.464,0.722,False,False,-167.7,5.8,-1.9,False,True
38.063,True,0.302,0.45,0.717,False,False,-165.7,2.3,-3.0,False,True
38.095,True,0.263,0.452,0.711,False,False,-165.4,5.7,-2.1,False,True
38.137,True,0.27,0.452,0.706,False,False,-164.8,6.4,-2.1,False,True
38.172,True,0.319,0.458,0.7,False,False,-169.9,4.0,-2.6,False,True
38.203,True,0.278,0.453,0.694,False,False,-168.7,4.8,-2.4,False,True
38.237,True,0.264,0.45,0.689,False,False,-169.4,5.2,-2.4,False,True
38.259,True,0.28,0.452,0.683,False,False,-165.3,5.1,-1.8,False,True
38.294,True,0.289,0.45,0.678,False,False,-160.2,1.9,-1.9,False,True
38.329,True,0.292,0.452,0.672,False,False,-161.2,3.9,-1.5,False,True
38.359,True,0.314,0.449,0.667,False,False,-164.1,3.6,-2.1,False,True
38.389,True,0.308,0.452,0.661,False,False,-163.7,3.5,-2.3,False,True
38.429,True,0.273,0.454,0.656,False,False,-161.2,2.7,-2.3,False,True
38.452,True,0.285,0.454,0.65,False,False,-159.6,4.0,-1.8,False,True
38.489,True,0.284,0.455,0.644,False,False,-158.5,3.0,-1.9,False,True
38.539,True,0.278,0.452,0.639,False,False,-158.7,2.8,-2.2,False,True
38.57,True,0.301,0.452,0.633,False,False,-160.5,2.4,-2.3,False,True
38.599,True,0.297,0.45,0.628,False,False,-161.6,3.3,-2.2,False,True
38.631,True,0.292,0.45,0.622,False,False,-159.2,3.2,-2.5,False,True
38.668,True,0.287,0.452,0.617,False,False,-158.0,3.8,-2.2,False,True
38.691,True,0.297,0.456,0.611,False,False,-157.9,4.7,-1.9,False,True
38.729,True,0.3,0.453,0.606,False,False,-158.1,4.6,-2.2,False,True
38.759,True,0.285,0.451,0.6,False,False,-158.9,4.5,-1.8,False,True
38.789,True,0.29,0.455,0.594,False,False,-157.5,4.8,-1.9,False,True
38.819,True,0.296,0.455,0.589,False,False,-156.9,4.3,-2.2,False,True
38.849,True,0.297,0.457,0.583,False,False,-156.4,4.5,-2.0,False,True
38.881,True,0.295,0.456,0.578,False,False,-156.1,5.1,-2.1,False,True
38.929,True,0.285,0.452,0.572,False,False,-156.3,5.7,-2.1,False,True
38.969,True,0.306,0.453,0.567,False,False,-156.3,4.8,-2.2,False,True
38.999,True,0.291,0.456,0.561,False,False,-155.7,4.7,-2.2,False,True
39.029,True,0.302,0.458,0.556,False,False,-154.5,4.9,-2.0,False,True
39.059,True,0.309,0.459,0.55,False,False,-154.4,5.2,-2.0,False,True
39.091,True,0.308,0.458,0.544,False,False,-154.2,4.9,-1.9,False,True
39.122,True,0.307,0.456,0.539,False,False,-153.8,4.7,-2.0,False,True
39.159,True,0.297,0.456,0.533,False,False,-154.6,5.1,-2.1,False,True
39.193,True,0.295,0.459,0.528,False,False,-154.1,4.9,-2.2,False,True
39.223,True,0.297,0.461,0.522,False,False,-153.4,4.5,-2.2,False,True
39.255,True,0.296,0.457,0.517,False,False,-154.0,4.8,-2.3,False,True
39.283,True,0.313,0.458,0.511,False,False,-153.8,5.0,-2.5,False,True
39.332,True,0.309,0.458,0.506,False,False,-154.2,5.6,-2.7,False,True
39.368,True,0.303,0.46,0.5,False,False,-154.0,5.4,-2.7,False,True
39.4,True,0.301,0.462,0.494,False,False,-154.1,5.4,-2.7,False,True
39.429,True,0.301,0.46,0.489,False,False,-154.1,4.5,-2.7,False,True
39.461,True,0.301,0.46,0.483,False,False,-153.9,4.6,-2.7,False,True
39.495,True,0.296,0.46,0.478,False,False,-153.6,4.9,-2.8,False,True
39.521,True,0.303,0.459,0.472,False,False,-153.9,5.6,-2.7,False,True
39.559,True,0.304,0.458,0.467,False,False,-154.3,5.9,-2.8,False,True
39.592,True,0.3,0.461,0.461,False,False,-154.6,6.0,-2.8,False,True
39.624,True,0.301,0.458,0.456,False,False,-154.1,5.8,-2.9,False,True
39.655,True,0.305,0.461,0.45,False,False,-153.6,6.0,-2.8,False,True
39.689,True,0.3,0.462,0.444,False,False,-153.4,6.0,-2.8,False,True
39.733,True,0.305,0.459,0.439,False,False,-153.6,6.1,-3.0,False,True
39.763,True,0.308,0.46,0.433,False,False,-153.6,6.1,-3.0,False,True
39.799,True,0.307,0.46,0.428,False,False,-154.0,6.6,-2.9,False,True
39.829,True,0.307,0.46,0.422,False,False,-153.5,5.8,-3.1,False,True
39.859,True,0.305,0.46,0.417,False,False,-153.6,6.2,-3.0,False,True
39.893,True,0.306,0.46,0.411,False,False,-153.6,6.2,-3.2,False,True
39.929,True,0.305,0.46,0.406,False,False,-154.0,6.5,-3.0,False,True
39.959,True,0.304,0.459,0.4,False,False,-153.7,6.6,-3.0,False,True
39.991,True,0.305,0.461,0.394,False,False,-153.7,6.5,-3.0,False,False
40.026,True,0.306,0.46,0.394,False,False,-153.8,6.7,-2.9,False,False
40.059,True,0.305,0.458,0.394,False,False,-154.3,6.7,-3.2,False,False
40.081,True,0.313,0.459,0.394,False,False,-154.3,6.9,-3.2,False,False
40.129,True,0.318,0.459,0.394,False,False,-153.7,7.2,-3.1,False,False
40.169,True,0.315,0.46,0.394,False,False,-153.4,7.3,-3.1,False,False
40.201,True,0.314,0.46,0.394,False,False,-153.5,7.6,-3.1,False,False
40.233,True,0.317,0.461,0.394,False,False,-153.5,7.3,-3.0,False,False
40.264,True,0.321,0.458,0.394,False,False,-153.7,7.9,-3.0,False,False
40.295,True,0.322,0.46,0.394,False,False,-153.6,7.7,-3.1,False,False
40.329,True,0.322,0.459,0.394,False,False,-153.6,7.8,-3.1,False,False
40.361,True,0.318,0.46,0.394,False,False,-153.6,7.6,-3.2,False,False
40.389,True,0.318,0.46,0.394,False,False,-153.6,7.1,-3.0,False,False
40.424,True,0.323,0.459,0.394,False,False,-153.7,7.2,-3.0,False,False
40.449,True,0.319,0.458,0.389,False,False,-153.8,7.3,-3.0,False,False
40.489,True,0.315,0.46,0.383,False,False,-153.8,7.4,-3.1,False,False
40.531,True,0.317,0.459,0.378,False,False,-154.0,7.1,-3.1,False,False
40.569,True,0.312,0.459,0.372,False,False,-153.9,7.5,-3.0,False,False
40.599,True,0.315,0.46,0.367,False,False,-153.6,7.0,-3.1,False,False
40.629,True,0.321,0.461,0.361,False,False,-153.7,6.9,-3.3,False,False
40.663,True,0.323,0.459,0.356,False,False,-153.8,6.9,-3.2,False,False
40.691,True,0.318,0.458,0.35,False,False,-153.8,7.3,-3.3,False,False
40.729,True,0.313,0.458,0.344,False,False,-154.3,6.8,-3.2,False,False
40.759,True,0.316,0.458,0.339,False,False,-154.0,6.2,-3.3,False,False
40.789,True,0.316,0.457,0.333,False,False,-153.9,6.6,-3.1,False,False
40.825,True,0.317,0.459,0.328,False,False,-153.8,5.9,-3.2,False,False
40.854,True,0.318,0.458,0.322,False,False,-154.0,6.7,-3.0,False,False
40.881,True,0.316,0.458,0.317,False,False,-153.6,6.6,-2.9,False,False
40.935,True,0.315,0.458,0.311,False,False,-153.7,6.8,-2.9,False,False
40.969,True,0.317,0.459,0.311,False,False,-154.0,6.9,-2.8,False,False
40.999,True,0.311,0.458,0.311,False,False,-153.8,6.4,-2.9,False,False
41.029,True,0.314,0.458,0.306,False,False,-153.6,6.4,-3.0,False,False
41.061,True,0.31,0.457,0.306,False,False,-153.7,6.7,-2.9,False,False
41.089,True,0.312,0.458,0.3,False,False,-153.8,6.9,-3.0,False,False
41.127,True,0.309,0.458,0.294,False,False,-153.5,7.0,-2.9,False,False
41.159,True,0.313,0.458,0.289,False,False,-153.2,7.3,-3.0,False,False
41.191,True,0.32,0.46,0.283,False,False,-153.5,7.2,-3.1,False,False
41.226,True,0.316,0.46,0.278,False,False,-153.5,7.5,-3.1,False,False
41.249,True,0.315,0.461,0.272,False,False,-153.8,7.3,-3.2,False,False
41.283,True,0.312,0.459,0.267,False,False,-153.9,7.2,-3.2,False,False
41.329,True,0.314,0.461,0.261,False,False,-153.9,7.2,-3.2,False,False
41.369,True,0.312,0.459,0.256,False,False,-153.6,7.5,-3.2,False,False
41.399,True,0.316,0.46,0.25,False,False,-153.5,7.8,-3.1,False,False
41.431,True,0.314,0.459,0.244,False,False,-153.5,7.7,-3.2,False,False
41.468,True,0.317,0.458,0.239,False,False,-153.4,7.6,-3.2,False,False
41.5,True,0.32,0.457,0.233,False,False,-153.3,7.5,-3.2,False,False
41.529,True,0.32,0.459,0.233,False,False,-153.4,7.8,-3.2,False,False
41.562,True,0.318,0.457,0.228,False,False,-153.5,7.6,-3.3,False,False
41.593,True,0.32,0.456,0.222,False,False,-153.3,7.4,-3.3,False,False
41.625,True,0.323,0.459,0.222,False,False,-153.4,7.9,-3.1,False,False
41.659,True,0.319,0.46,0.222,False,False,-153.2,7.3,-3.3,False,False
41.681,True,0.321,0.46,0.222,False,False,-153.3,8.0,-3.3,False,False
41.734,True,0.315,0.457,0.222,False,False,-153.1,7.9,-3.3,False,False
41.769,True,0.319,0.458,0.222,False,False,-153.2,8.1,-3.3,False,False
41.799,True,0.314,0.459,0.222,False,False,-153.0,7.1,-3.4,False,False
41.832,True,0.313,0.459,0.222,False,False,-152.9,7.1,-3.4,False,False
41.859,True,0.313,0.459,0.222,False,False,-152.8,7.8,-3.3,False,False
41.898,True,0.321,0.462,0.222,False,False,-153.0,7.7,-3.5,False,False
41.921,True,0.314,0.461,0.222,False,False,-153.0,7.5,-3.5,False,False
41.958,True,0.31,0.46,0.222,False,False,-152.5,7.6,-3.4,False,False
41.991,True,0.316,0.458,0.222,False,False,-152.6,7.9,-3.3,False,False
42.021,True,0.325,0.457,0.222,False,False,-152.5,8.0,-3.3,False,False
42.048,True,0.324,0.457,0.222,False,False,-152.4,7.7,-3.5,False,False
42.085,True,0.323,0.459,0.222,False,False,-152.4,7.3,-3.4,False,False
42.131,True,0.327,0.46,0.222,False,False,-152.5,7.9,-3.3,False,False
42.162,True,0.325,0.462,0.217,False,False,-152.8,7.5,-3.3,False,False
42.193,True,0.326,0.462,0.217,False,False,-152.5,7.9,-3.3,False,False
42.225,True,0.325,0.461,0.217,False,False,-152.2,7.7,-3.4,False,False
42.258,True,0.323,0.462,0.211,False,False,-152.3,8.0,-3.3,False,False
42.293,True,0.319,0.464,0.206,False,False,-152.2,7.8,-3.4,False,False
42.324,True,0.316,0.462,0.2,False,False,-152.2,7.4,-3.4,False,False
42.357,True,0.316,0.461,0.194,False,False,-152.1,7.5,-3.6,False,False
42.385,True,0.317,0.461,0.189,False,False,-152.1,7.4,-3.7,False,False
42.422,True,0.318,0.459,0.183,False,False,-152.2,7.5,-3.6,False,False
42.448,True,0.312,0.46,0.178,False,False,-152.0,7.4,-3.7,False,False
42.486,True,0.315,0.46,0.172,False,False,-152.3,7.9,-3.7,False,False
42.538,True,0.315,0.459,0.167,False,False,-152.4,7.9,-3.6,False,False
42.569,True,0.32,0.459,0.167,False,False,-152.5,7.8,-3.5,False,False
42.592,True,0.319,0.46,0.161,False,False,-152.5,7.6,-3.6,False,False
42.625,True,0.312,0.461,0.156,False,False,-152.1,7.3,-3.4,False,False
42.659,True,0.313,0.459,0.156,False,False,-152.1,7.4,-3.5,False,False
42.696,True,0.315,0.461,0.15,False,False,-151.9,7.3,-3.5,False,False
42.722,True,0.316,0.462,0.144,False,False,-152.4,7.7,-3.4,False,False
42.752,True,0.315,0.462,0.139,False,False,-152.4,7.6,-3.5,False,False
42.785,True,0.317,0.462,0.133,False,False,-152.1,7.7,-3.4,False,False
42.822,True,0.319,0.461,0.133,False,False,-152.2,7.4,-3.5,False,False
42.849,True,0.316,0.46,0.128,False,False,-152.1,7.6,-3.5,False,False
42.889,True,0.315,0.461,0.122,False,False,-152.1,7.7,-3.4,False,False
42.932,True,0.318,0.462,0.117,False,False,-152.0,7.3,-3.5,False,False
42.961,True,0.316,0.46,0.111,False,False,-152.1,7.3,-3.4,False,False
42.998,True,0.32,0.462,0.106,False,False,-152.0,7.7,-3.4,False,False
43.027,True,0.316,0.462,0.1,False,False,-152.0,7.3,-3.5,False,False
43.063,True,0.318,0.462,0.094,False,False,-152.0,7.6,-3.5,False,False
43.088,True,0.315,0.462,0.089,False,False,-151.9,7.7,-3.5,False,False
43.125,True,0.315,0.462,0.083,False,False,-151.9,7.7,-3.4,False,False
43.153,True,0.316,0.462,0.078,False,False,-152.3,7.6,-3.5,False,False
43.193,True,0.314,0.462,0.072,False,False,-152.1,7.5,-3.5,False,False
43.223,True,0.315,0.461,0.067,False,False,-152.3,7.2,-3.8,False,False
43.252,True,0.316,0.461,0.061,False,False,-152.3,7.3,-3.7,False,False
43.281,True,0.316,0.461,0.056,False,False,-152.7,7.3,-3.8,False,False
43.331,True,0.312,0.46,0.05,False,False,-152.4,7.5,-3.7,False,False
43.368,True,0.309,0.459,0.044,False,False,-152.5,7.4,-3.8,False,False
43.393,True,0.307,0.463,0.039,False,False,-152.3,7.4,-3.7,False,False
43.424,True,0.312,0.462,0.033,False,False,-152.4,7.4,-3.7,False,False
43.464,True,0.313,0.463,0.033,False,False,-152.2,7.3,-3.7,False,False
43.495,True,0.315,0.461,0.028,False,False,-152.1,7.2,-3.7,False,False
43.527,True,0.315,0.459,0.022,False,False,-152.2,7.3,-3.7,False,False
43.559,True,0.316,0.46,0.017,False,False,-152.3,7.7,-3.7,False,False
43.592,True,0.314,0.461,0.011,False,False,-152.1,7.3,-3.9,False,False
43.623,True,0.313,0.462,0.006,False,False,-152.1,7.8,-3.6,False,False
43.655,True,0.307,0.461,0.006,False,False,-152.0,7.5,-3.8,False,False
43.686,True,0.31,0.46,0.006,False,False,-152.2,7.9,-3.7,False,False
43.731,True,0.308,0.459,0.006,False,False,-152.0,7.6,-3.7,False,False
43.766,True,0.31,0.458,0.006,False,False,-152.1,7.7,-3.7,False,False
43.8,True,0.309,0.459,0.006,False,False,-151.7,7.7,-3.7,False,False
43.826,True,0.311,0.46,0.006,False,False,-151.8,7.8,-3.6,False,False
43.857,True,0.31,0.46,0.006,False,False,-151.9,7.5,-3.7,False,False
43.897,True,0.315,0.459,0.006,False,False,-151.9,7.6,-3.6,False,False
43.924,True,0.316,0.459,0.006,False,False,-151.9,7.3,-3.7,False,False
43.952,True,0.314,0.46,0.0,False,False,-152.0,7.5,-3.6,False,False
43.986,True,0.318,0.461,0.0,False,False,-152.2,7.4,-3.7,False,False
44.024,True,0.316,0.461,0.0,False,False,-152.2,7.7,-3.9,False,False
44.058,True,0.316,0.461,0.0,False,False,-152.0,7.6,-3.8,False,False
44.087,True,0.314,0.463,0.0,False,False,-151.9,7.8,-3.8,False,False
44.129,True,0.318,0.462,0.0,False,False,-152.0,7.7,-3.9,False,False
44.161,True,0.315,0.462,0.0,False,False,-151.7,7.9,-3.8,False,False
44.193,True,0.321,0.46,0.0,False,False,-151.6,8.0,-3.7,False,False
44.224,True,0.319,0.46,0.0,False,False,-151.7,7.8,-3.9,False,False
44.257,True,0.316,0.461,0.0,False,False,-151.7,7.7,-3.9,False,False
44.295,True,0.319,0.46,0.0,False,False,-151.8,8.0,-3.8,False,False
44.324,True,0.316,0.46,0.0,False,False,-151.8,8.3,-3.7,False,False
44.355,True,0.317,0.461,0.0,False,False,-151.6,8.4,-3.8,False,False
44.386,True,0.313,0.46,0.0,False,False,-151.9,8.4,-3.8,False,False
44.425,True,0.317,0.461,0.0,False,False,-151.7,8.2,-3.8,False,False
44.457,True,0.309,0.461,0.0,False,False,-151.8,8.3,-3.8,False,False
44.49,True,0.31,0.459,0.0,False,False,-151.9,8.6,-3.7,False,False
44.52,True,0.313,0.46,0.0,False,False,-151.8,8.4,-3.7,False,False
44.569,True,0.315,0.461,0.0,False,False,-151.9,8.6,-3.5,False,False
44.597,True,0.315,0.461,0.0,False,False,-151.7,8.5,-3.6,False,False
44.633,True,0.313,0.461,0.0,False,False,-151.7,8.5,-3.7,False,False
44.658,True,0.309,0.462,0.0,False,False,-151.7,7.9,-3.8,False,False
44.695,True,0.309,0.46,0.0,False,False,-151.9,8.3,-3.7,False,False
44.729,True,0.309,0.46,0.0,False,False,-151.7,8.2,-3.7,False,False
44.753,True,0.312,0.46,0.0,False,False,-151.7,7.9,-3.8,False,False
44.791,True,0.311,0.458,0.0,False,False,-151.8,8.1,-3.7,False,False
44.825,True,0.314,0.459,0.0,False,False,-151.8,8.1,-3.8,False,False
44.855,True,0.316,0.46,0.0,False,False,-151.8,8.4,-3.7,False,False
44.884,True,0.317,0.461,0.0,False,False,-151.8,8.3,-3.6,False,False
44.918,True,0.318,0.46,0.0,False,False,-151.8,8.2,-3.7,False,False
44.965,True,0.315,0.461,0.0,False,False,-152.4,8.3,-3.7,False,False
44.993,True,0.316,0.462,0.0,False,False,-152.4,8.3,-3.7,False,False
45.025,True,0.317,0.463,0.0,False,False,-152.6,8.6,-3.7,False,False
45.063,True,0.314,0.461,0.0,False,False,-152.4,8.4,-3.7,False,False
45.096,True,0.314,0.459,0.0,False,False,-152.2,8.3,-3.7,False,False
45.125,True,0.312,0.46,0.0,False,False,-152.1,8.4,-3.6,False,False
45.159,True,0.314,0.46,0.0,False,False,-152.0,8.4,-3.6,False,False
45.191,True,0.318,0.462,0.0,False,False,-152.0,8.6,-3.5,False,False
45.222,True,0.318,0.461,0.0,False,False,-152.0,8.8,-3.5,False,False
45.249,True,0.319,0.461,0.0,False,False,-152.3,8.7,-3.5,False,False
45.281,True,0.318,0.46,0.0,False,False,-152.4,8.2,-3.6,False,False
45.318,True,0.319,0.461,0.0,False,False,-151.9,8.3,-3.7,False,False
45.361,True,0.321,0.459,0.0,False,False,-152.1,8.7,-3.6,False,False
45.395,True,0.318,0.459,0.0,False,False,-151.9,8.7,-3.5,False,False
45.426,True,0.315,0.459,0.0,False,False,-152.0,8.8,-3.6,False,False
45.461,True,0.317,0.46,0.0,False,False,-152.0,8.2,-3.7,False,False
45.494,True,0.318,0.46,0.0,False,False,-151.8,8.0,-3.7,False,False
45.526,True,0.32,0.46,0.0,False,False,-152.0,8.2,-3.6,False,False
45.553,True,0.315,0.46,0.0,False,False,-152.1,8.2,-3.8,False,False
45.593,True,0.315,0.461,0.0,False,False,-151.9,8.0,-3.8,False,False
45.623,True,0.313,0.46,0.0,False,False,-151.9,8.3,-3.7,False,False
45.655,True,0.316,0.463,0.0,False,False,-151.8,8.5,-3.6,False,False
45.681,True,0.316,0.463,0.0,False,False,-151.9,8.0,-3.7,False,False
45.719,True,0.313,0.462,0.0,False,False,-152.0,8.3,-3.7,False,False
45.764,True,0.313,0.463,0.0,False,False,-152.1,8.7,-3.7,False,False
45.801,True,0.316,0.462,0.0,False,False,-151.8,8.3,-3.8,False,False
45.827,True,0.316,0.461,0.0,False,False,-152.0,8.2,-3.8,False,False
45.856,True,0.321,0.461,0.0,False,False,-152.0,8.5,-3.8,False,False
45.893,True,0.316,0.463,0.0,False,False,-152.0,8.8,-3.7,False,False
45.928,True,0.313,0.463,0.0,False,False,-151.8,9.0,-3.7,False,False
45.956,True,0.315,0.462,0.0,False,False,-151.9,8.7,-3.7,False,False
45.984,True,0.319,0.462,0.0,False,False,-151.9,8.5,-3.7,False,False
46.016,True,0.316,0.462,0.0,False,False,-151.9,8.5,-3.8,False,False
46.055,True,0.318,0.459,0.0,False,False,-152.2,8.7,-3.8,False,False
46.08,True,0.319,0.46,0.0,False,False,-151.7,8.6,-3.8,False,False
46.11,True,0.319,0.458,0.0,False,False,-151.7,8.3,-3.8,False,False
46.168,True,0.317,0.458,0.0,False,False,-152.0,8.3,-3.8,False,False
46.194,True,0.316,0.458,0.0,False,False,-152.1,8.5,-4.0,False,False
46.229,True,0.309,0.46,0.0,False,False,-152.5,9.1,-4.0,False,False
46.259,True,0.241,0.458,0.006,True,False,-154.8,10.0,-4.6,False,False
46.293,True,0.125,0.457,0.011,True,False,-154.9,9.9,-4.7,False,False
46.329,True,0.118,0.455,0.017,True,False,-155.9,9.6,-4.9,False,False
46.359,True,0.193,0.455,0.022,True,False,-156.2,10.3,-6.2,False,False
46.384,True,0.253,0.454,0.028,True,False,-156.4,10.2,-7.5,False,False
46.423,True,0.272,0.452,0.028,False,False,-157.1,8.6,-8.9,False,False
46.456,True,0.292,0.453,0.028,False,False,-158.9,10.2,-10.0,False,False
46.48,True,0.283,0.453,0.028,False,False,-158.0,12.2,-11.2,False,False
46.519,True,0.286,0.453,0.028,False,False,-158.6,11.6,-12.3,False,False
46.565,True,0.287,0.453,0.028,False,False,-159.8,11.7,-14.0,False,False
46.594,True,0.284,0.45,0.028,False,False,-158.6,11.9,-14.7,False,False
46.632,True,0.292,0.45,0.028,False,False,-159.7,11.4,-15.9,False,False
46.663,True,0.291,0.45,0.028,False,False,-161.1,11.7,-17.1,False,False
46.692,True,0.286,0.45,0.028,False,False,-160.9,11.6,-17.8,False,False
46.721,True,0.287,0.451,0.028,False,False,-160.8,11.6,-18.3,False,False
46.753,True,0.301,0.45,0.028,False,False,-162.0,11.3,-19.2,False,False
46.785,True,0.288,0.452,0.028,False,False,-161.5,11.1,-19.4,False,False
46.825,True,0.291,0.452,0.028,False,False,-161.4,11.2,-19.4,False,False
46.849,True,0.287,0.451,0.028,False,False,-161.1,11.5,-19.5,False,False
46.89,True,0.284,0.449,0.028,False,False,-160.6,11.6,-19.6,False,False
46.914,True,0.283,0.451,0.028,False,False,-159.1,12.6,-19.5,False,False
46.966,True,0.278,0.451,0.028,False,False,-159.8,12.8,-19.4,False,False
46.999,True,0.284,0.451,0.028,False,False,-160.1,13.1,-19.3,False,False
47.029,True,0.284,0.453,0.028,False,False,-159.3,13.6,-18.9,False,False
47.063,True,0.274,0.446,0.028,False,False,-160.2,12.7,-18.6,False,False
47.09,True,0.288,0.451,0.028,False,False,-157.0,12.8,-17.5,False,False
47.129,True,0.303,0.454,0.028,False,False,-156.0,13.5,-16.4,False,False
47.153,True,0.325,0.46,0.028,False,False,-152.9,13.5,-14.7,False,False
47.191,True,0.329,0.462,0.028,False,False,-149.2,13.5,-13.2,False,False
47.223,True,0.363,0.468,0.028,False,False,-146.7,14.8,-11.9,False,False
47.256,True,0.351,0.472,0.028,False,False,-146.4,16.2,-10.3,False,False
47.286,True,0.334,0.45,0.028,False,False,-143.4,13.8,-9.7,False,False
47.318,True,0.309,0.457,0.028,False,False,-142.2,14.3,-9.2,False,False
47.363,True,0.312,0.462,0.028,False,False,-140.6,13.9,-9.5,False,False
47.399,True,0.288,0.463,0.028,False,False,-140.4,17.7,171.1,False,False
47.43,True,0.305,0.469,0.028,False,False,-137.9,17.2,172.6,False,False
47.46,True,0.297,0.465,0.028,False,False,-139.3,18.8,173.0,False,False
47.491,True,0.299,0.469,0.028,False,False,-145.6,15.0,-8.0,False,False
47.527,True,0.291,0.467,0.028,False,False,-143.5,12.8,-7.7,False,False
47.555,True,0.296,0.469,0.028,False,False,-144.1,13.0,-7.4,False,False
47.591,True,0.29,0.473,0.028,False,False,-144.2,11.9,-7.3,False,False
47.623,True,0.288,0.466,0.028,False,False,-141.5,12.5,-7.3,False,False
47.654,True,0.28,0.467,0.028,False,False,-141.8,11.5,-7.1,False,False
47.689,True,0.271,0.47,0.028,False,False,-142.2,12.2,-7.0,False,False
47.713,True,0.27,0.472,0.028,False,False,-143.4,12.0,-7.3,False,False
47.761,True,0.271,0.472,0.028,False,False,-135.4,14.3,175.0,False,False
47.793,True,0.263,0.471,0.028,False,False,-140.1,14.2,174.8,False,False
47.83,True,0.27,0.473,0.028,False,False,-142.8,14.4,174.8,False,False
47.863,True,0.277,0.473,0.028,False,False,-142.4,14.8,175.0,False,False
47.889,True,0.271,0.475,0.028,False,False,-139.4,15.2,175.1,False,False
47.929,True,0.27,0.468,0.028,False,False,-140.0,15.1,175.1,False,False
47.956,True,0.275,0.47,0.028,False,False,-139.6,15.4,175.4,False,False
47.985,True,0.272,0.465,0.028,False,False,-138.0,15.3,175.3,False,False
48.017,True,0.28,0.464,0.028,False,False,-136.5,14.2,175.5,False,False
48.054,True,0.28,0.467,0.028,False,False,-137.9,15.0,175.4,False,False
48.081,True,0.28,0.468,0.028,False,False,-136.9,15.2,175.8,False,False
48.117,True,0.277,0.464,0.028,False,False,-138.0,16.8,175.8,False,False
48.16,True,0.274,0.465,0.028,False,False,-138.6,16.0,175.6,False,False
48.2,True,0.257,0.465,0.028,False,False,-140.5,18.0,175.7,False,False
48.23,True,0.274,0.467,0.028,False,False,-138.0,15.8,175.6,False,False
48.258,True,0.268,0.47,0.028,False,False,-132.1,14.6,175.6,False,False
48.289,True,0.271,0.464,0.028,False,False,-135.4,14.6,175.4,False,False
48.324,True,0.271,0.465,0.028,False,False,-137.4,15.4,175.6,False,False
48.353,True,0.268,0.472,0.028,False,False,-136.1,15.1,175.5,False,False
48.385,True,0.271,0.467,0.028,False,False,-138.1,14.9,175.6,False,False
48.425,True,0.272,0.468,0.028,False,False,-136.9,14.7,176.2,False,False
48.456,True,0.272,0.466,0.028,False,False,-135.8,14.1,175.9,False,False
48.489,True,0.271,0.463,0.028,False,False,-134.7,13.6,175.9,False,False
48.517,True,0.28,0.461,0.028,False,False,-137.2,13.6,175.7,False,False
48.567,True,0.283,0.467,0.028,False,False,-134.4,14.3,175.8,False,False
48.594,True,0.281,0.466,0.028,False,False,-136.6,14.5,175.7,False,False
48.63,True,0.274,0.468,0.028,False,False,-135.7,14.5,175.6,False,False
48.657,True,0.272,0.471,0.028,False,False,-137.0,14.5,175.5,False,False
48.694,True,0.277,0.474,0.028,False,False,-138.5,14.3,175.5,False,False
48.73,True,0.274,0.471,0.028,False,False,-134.9,13.4,175.6,False,False
48.753,True,0.272,0.469,0.028,False,False,-138.6,14.0,175.5,False,False
48.785,True,0.274,0.463,0.028,False,False,-137.0,13.5,175.8,False,False
48.822,True,0.276,0.465,0.028,False,False,-132.6,13.4,175.9,False,False
48.849,True,0.281,0.462,0.028,False,False,-131.4,13.3,176.0,False,False
48.885,True,0.276,0.463,0.028,False,False,-132.2,13.7,176.1,False,False
48.913,True,0.274,0.466,0.028,False,False,-134.0,13.0,175.8,False,False
48.962,True,0.275,0.465,0.028,False,False,-136.4,13.3,175.9,False,False
48.998,True,0.277,0.467,0.028,False,False,-135.8,13.3,175.7,False,False
49.031,True,0.274,0.467,0.028,False,False,-132.9,13.5,175.7,False,False
49.061,True,0.276,0.464,0.028,False,False,-135.2,13.4,175.5,False,False
49.089,True,0.276,0.472,0.028,False,False,-139.1,14.3,175.4,False,False
49.12,True,0.277,0.466,0.028,False,False,-137.3,14.0,175.5,False,False
49.153,True,0.273,0.467,0.028,False,False,-136.4,14.3,175.3,False,False
49.192,True,0.273,0.464,0.028,False,False,-134.9,14.0,175.8,False,False
49.221,True,0.274,0.465,0.028,False,False,-135.2,13.7,175.8,False,False
49.25,True,0.266,0.464,0.028,False,False,-136.6,14.1,175.8,False,False
49.28,True,0.288,0.452,0.028,False,False,-142.6,15.6,175.9,False,False
49.312,True,0.274,0.456,0.028,False,False,-145.9,18.6,176.0,False,False
49.36,True,0.265,0.462,0.028,False,False,-149.1,17.1,175.8,False,False
49.393,True,0.273,0.473,0.028,False,False,-145.8,18.1,176.2,False,False
49.431,True,0.256,0.484,0.033,True,False,-144.7,19.1,177.0,False,False
49.464,True,0.269,0.493,0.033,False,False,-144.3,17.2,176.7,False,False
49.493,True,0.268,0.542,0.033,False,False,-140.0,18.4,177.3,False,False
49.528,True,0.264,0.492,0.033,False,False,-134.7,18.0,177.4,False,False
49.554,True,0.245,0.507,0.039,True,False,-130.5,16.4,177.7,False,False
49.585,True,0.257,0.457,0.044,True,False,-133.7,18.4,177.9,False,False
49.619,True,0.242,0.453,0.05,True,False,-136.0,18.6,177.4,False,False
49.649,True,0.237,0.432,0.056,True,False,-138.9,21.4,178.1,False,False
49.681,True,0.25,0.446,0.061,True,False,-138.0,21.1,178.3,False,False
49.719,True,0.248,0.45,0.067,True,False,-136.7,19.5,178.0,False,False
49.764,True,0.249,0.443,0.072,True,False,-138.9,22.0,178.3,False,False
49.799,True,0.247,0.452,0.078,True,False,-136.0,19.3,177.8,False,False
49.832,True,0.239,0.457,0.083,True,False,-139.5,21.2,177.8,False,False
49.861,True,0.243,0.467,0.089,True,False,-135.2,18.6,177.4,False,False
49.889,True,0.239,0.457,0.094,True,False,-137.4,20.8,178.1,False,False
49.92,True,0.237,0.446,0.1,True,False,-134.3,18.5,177.7,False,False
49.954,True,0.242,0.453,0.106,True,False,-135.4,19.1,178.1,False,False
49.992,True,0.237,0.456,0.111,True,False,-135.8,18.6,177.8,False,False
50.017,True,0.241,0.458,0.117,True,False,-134.9,17.9,177.9,False,False
50.049,True,0.239,0.453,0.122,True,False,-136.1,19.4,177.9,False,False
50.084,True,0.238,0.455,0.128,True,False,-134.9,18.5,178.0,False,False
50.113,True,0.252,0.448,0.133,True,False,-136.2,19.7,178.3,False,False
50.164,True,0.245,0.457,0.139,True,False,-134.9,18.0,178.0,False,False
50.193,True,0.245,0.445,0.144,True,False,-136.6,19.9,178.2,False,False
50.228,True,0.234,0.447,0.15,True,False,-135.5,18.9,178.1,False,False
50.256,True,0.242,0.446,0.156,True,False,-134.6,18.0,178.0,False,False
50.289,True,0.244,0.45,0.161,True,False,-134.2,17.5,178.0,False,False
50.321,True,0.255,0.452,0.167,True,False,-133.6,17.2,177.9,False,False
50.356,True,0.245,0.459,0.172,True,False,-135.8,18.5,178.0,False,False
50.386,True,0.252,0.454,0.178,True,False,-134.3,18.0,177.9,False,False
50.419,True,0.239,0.457,0.183,True,False,-135.9,18.9,178.1,False,False
50.454,True,0.257,0.472,0.189,True,False,-132.3,16.8,177.6,False,False
50.481,True,0.241,0.453,0.194,True,False,-136.7,19.0,178.0,False,False
50.52,True,0.248,0.457,0.2,True,False,-134.8,18.1,177.5,False,False
50.563,True,0.241,0.453,0.206,True,False,-138.2,19.8,178.0,False,False
50.595,True,0.249,0.451,0.211,True,False,-134.2,18.3,177.6,False,False
50.633,True,0.256,0.452,0.217,True,False,-137.9,20.2,178.2,False,False
50.657,True,0.257,0.448,0.222,True,False,-137.4,19.2,177.9,False,False
50.696,True,0.24,0.459,0.228,True,False,-136.6,18.9,178.2,False,False
50.728,True,0.26,0.451,0.228,False,False,-135.8,17.7,178.4,False,False
50.761,True,0.256,0.459,0.233,True,False,-133.6,17.1,178.0,False,False
50.789,True,0.249,0.454,0.239,True,False,-134.6,17.5,178.2,False,False
50.818,True,0.252,0.46,0.244,True,False,-135.1,17.8,178.3,False,False
50.859,True,0.247,0.448,0.25,True,False,-135.5,18.0,178.7,False,False
50.881,True,0.241,0.459,0.256,True,False,-132.9,15.7,178.2,False,False
50.914,True,0.246,0.456,0.261,True,False,-134.2,16.3,178.6,False,False
50.962,True,0.235,0.454,0.267,True,False,-134.1,17.6,178.6,False,False
50.991,True,0.242,0.462,0.272,True,False,-135.7,17.7,178.1,False,False
51.025,True,0.244,0.465,0.278,True,False,-137.2,18.3,178.1,False,False
51.064,True,0.25,0.463,0.283,True,False,-136.0,15.9,177.8,False,False
51.097,True,0.245,0.471,0.289,True,False,-133.0,15.1,177.5,False,False
51.126,True,0.245,0.468,0.294,True,False,-134.9,17.4,177.8,False,False
51.16,True,0.251,0.461,0.3,True,False,-134.8,15.3,177.6,False,False
51.189,True,0.252,0.488,0.306,True,False,-134.6,16.9,177.7,False,False
51.217,True,0.252,0.481,0.311,True,False,-133.7,16.7,177.8,False,False
51.248,True,0.242,0.507,0.317,True,False,-132.9,16.8,177.9,False,False
51.281,True,0.223,0.495,0.322,True,False,-131.6,16.5,177.7,False,False
51.313,True,0.222,0.47,0.328,True,False,-132.7,16.5,177.7,False,False
51.361,True,0.222,0.477,0.333,True,False,-131.8,15.7,177.7,False,False
51.4,True,0.223,0.483,0.339,True,False,-132.7,16.3,177.6,False,False
51.429,True,0.234,0.491,0.344,True,False,-131.9,15.7,177.5,False,False
51.457,True,0.226,0.493,0.35,True,False,-132.8,17.0,177.7,False,False
51.498,True,0.232,0.471,0.356,True,False,-133.0,16.6,178.1,False,False
51.52,True,0.231,0.5,0.361,True,False,-131.5,16.2,178.0,False,False
51.557,True,0.234,0.55,0.367,True,False,-133.1,16.7,178.2,False,False
51.585,True,0.239,0.474,0.372,True,False,-133.9,16.4,178.4,False,False
51.621,True,0.239,0.568,0.378,True,False,-132.0,14.5,178.3,False,False
51.649,True,0.225,0.53,0.383,True,False,-132.6,17.2,178.4,False,False
51.689,True,0.235,0.51,0.389,True,False,-133.8,16.5,178.2,False,False
51.712,True,0.235,0.544,0.394,True,False,-134.4,17.3,178.2,False,False
51.767,True,0.226,0.496,0.4,True,True,-134.3,17.2,178.3,False,True
51.797,True,0.233,0.533,0.406,True,True,-134.2,16.8,178.0,False,True
51.836,True,0.233,0.518,0.411,True,True,-134.0,17.8,178.5,False,True
51.857,True,0.239,0.53,0.417,True,True,-134.5,16.8,178.4,False,True
51.889,True,0.249,0.547,0.422,True,True,-134.4,16.4,178.3,False,True
51.92,True,0.23,0.547,0.428,True,True,-134.0,17.2,178.0,False,True
51.953,True,0.227,0.547,0.433,True,True,-133.5,17.4,178.4,False,True
51.985,True,0.226,0.551,0.439,True,True,-134.4,17.3,178.3,False,True
52.017,True,0.222,0.531,0.444,True,True,-133.5,17.4,178.3,False,True
52.049,True,0.223,0.542,0.45,True,True,-133.4,17.7,178.1,False,True
52.081,True,0.221,0.542,0.456,True,True,-133.3,17.3,178.1,False,True
52.119,True,0.227,0.526,0.461,True,True,-132.4,17.6,178.5,False,True
52.168,True,0.221,0.535,0.467,True,True,-134.1,16.7,178.0,False,True
52.199,True,0.222,0.534,0.472,True,True,-133.6,18.7,178.3,False,True
52.229,True,0.227,0.546,0.478,True,True,-133.9,17.4,178.0,False,True
52.259,True,0.225,0.529,0.478,True,True,-135.1,19.0,178.2,False,True
52.291,True,0.223,0.526,0.478,True,True,-134.5,18.0,178.2,False,True
52.321,True,0.233,0.521,0.478,True,True,-136.3,18.0,177.9,False,True
52.359,True,0.23,0.515,0.478,True,True,-136.4,17.8,178.1,False,True
52.389,True,0.235,0.516,0.478,True,True,-135.9,17.5,178.0,False,True
52.419,True,0.234,0.555,0.483,True,True,-137.1,17.8,178.0,False,True
52.451,True,0.231,0.557,0.489,True,True,-135.0,16.4,177.9,False,True
52.48,True,0.231,0.536,0.494,True,True,-134.5,16.3,178.0,False,True
52.519,True,0.242,0.526,0.5,True,True,-135.0,15.5,178.0,False,True
52.569,True,0.229,0.552,0.506,True,True,-135.5,16.8,178.0,False,True
52.599,True,0.229,0.541,0.511,True,True,-134.8,16.8,177.9,False,True
52.629,True,0.237,0.54,0.517,True,True,-135.0,16.6,177.7,False,True
52.659,True,0.233,0.504,0.522,True,True,-134.1,17.2,178.0,False,True
52.689,True,0.242,0.542,0.528,True,True,-135.4,16.7,177.7,False,True
52.721,True,0.244,0.536,0.533,True,True,-136.1,17.1,178.0,False,True
52.759,True,0.253,0.536,0.539,True,True,-135.7,16.9,177.9,False,True
52.791,True,0.237,0.529,0.544,True,True,-135.2,17.7,178.0,False,True
52.819,True,0.23,0.514,0.55,True,True,-134.7,18.1,177.9,False,True
52.849,True,0.225,0.527,0.556,True,True,-135.6,19.0,178.0,False,True
52.881,True,0.234,0.52,0.561,True,True,-135.3,19.9,178.6,False,True
52.919,True,0.277,0.489,0.561,False,True,-136.3,18.6,178.3,False,True
52.969,True,0.274,0.467,0.561,False,False,-145.5,16.8,-4.8,False,True
52.999,True,0.278,0.478,0.561,False,False,-136.7,20.4,177.8,False,True
53.029,True,0.29,0.479,0.561,False,False,-145.8,22.9,177.0,False,True
53.059,True,0.3,0.467,0.561,False,False,-146.3,17.6,176.8,False,True
53.089,True,0.307,0.46,0.561,False,False,-144.5,12.7,-3.9,False,True
53.129,True,0.309,0.467,0.561,False,False,-144.3,11.8,-4.0,False,True
53.159,True,0.304,0.462,0.561,False,False,-145.5,13.5,-4.3,False,True
53.189,True,0.302,0.464,0.561,False,False,-145.2,12.7,-4.4,False,True
53.219,True,0.309,0.461,0.561,False,False,-144.7,13.7,-4.4,False,True
53.249,True,0.31,0.462,0.561,False,False,-145.1,12.3,-4.2,False,True
53.286,True,0.315,0.464,0.561,False,False,-145.8,10.3,-3.9,False,True
53.319,True,0.309,0.458,0.561,False,False,-144.3,9.9,-4.1,False,True
53.361,True,0.316,0.464,0.561,False,False,-147.5,10.3,-4.3,False,True
53.399,True,0.324,0.46,0.561,False,False,-146.5,10.6,-4.3,False,True
53.429,True,0.329,0.453,0.561,False,False,-146.8,11.1,-4.2,False,True
53.459,True,0.342,0.463,0.561,False,False,-147.6,10.5,-4.8,False,True
53.489,True,0.329,0.463,0.561,False,False,-149.2,10.8,-5.0,False,True
53.52,True,0.336,0.464,0.561,False,False,-149.3,10.4,-5.1,False,True
53.559,True,0.335,0.46,0.561,False,False,-149.7,11.0,-5.3,False,True
53.589,True,0.339,0.459,0.561,False,False,-151.2,10.7,-5.8,False,True
53.619,True,0.325,0.462,0.561,False,False,-151.8,11.2,-5.9,False,True
53.649,True,0.337,0.459,0.561,False,False,-153.2,11.1,-6.4,False,True
53.688,True,0.332,0.458,0.561,False,False,-153.7,11.6,-6.7,False,True
53.719,True,0.337,0.456,0.561,False,False,-155.4,11.9,-7.4,False,True
53.759,True,0.339,0.453,0.561,False,False,-155.3,11.4,-7.5,False,True
53.799,True,0.331,0.452,0.561,False,False,-157.2,10.8,-8.5,False,True
53.831,True,0.327,0.45,0.561,False,False,-157.9,10.2,-9.2,False,True
53.863,True,0.322,0.453,0.561,False,False,-157.6,10.2,-9.2,False,True
53.891,True,0.298,0.451,0.561,False,False,-158.9,9.7,-9.6,False,True
53.92,True,0.241,0.454,0.567,True,False,-159.6,9.9,-10.0,False,True
53.959,True,0.111,0.453,0.572,True,False,-162.1,9.9,-10.5,True,True
53.989,True,0.079,0.452,0.578,True,False,-162.3,9.8,-10.7,True,True
54.019,True,0.162,0.449,0.583,True,False,-164.3,10.0,-11.6,True,True
54.049,True,0.222,0.447,0.589,True,False,-164.6,9.6,-12.0,True,True
54.089,True,0.225,0.449,0.594,True,False,-164.2,10.0,-12.2,True,True
54.119,True,0.24,0.45,0.6,True,False,-166.2,8.6,-13.1,True,True
54.149,True,0.252,0.448,0.606,True,False,-166.5,8.3,-13.6,True,True
54.199,True,0.262,0.45,0.606,False,False,-167.8,8.1,-14.2,True,True
54.229,True,0.262,0.449,0.606,False,False,-168.1,7.9,-14.7,True,True
54.259,True,0.271,0.449,0.606,False,False,-168.3,8.4,-15.1,True,True
54.289,True,0.276,0.45,0.606,False,False,-169.1,8.4,-16.0,True,True
54.32,True,0.279,0.449,0.606,False,False,-168.5,8.8,-16.3,True,True
54.359,True,0.276,0.447,0.606,False,False,-169.5,8.1,-17.1,True,True
54.389,True,0.283,0.448,0.606,False,False,-171.4,8.6,-17.5,True,True
54.419,True,0.283,0.445,0.606,False,False,-173.9,7.1,-18.4,True,True
54.449,True,0.289,0.446,0.606,False,False,-173.2,6.5,-18.8,True,True
54.489,True,0.282,0.449,0.606,False,False,-174.8,6.1,-19.2,True,True
54.519,True,0.298,0.45,0.606,False,False,-176.6,5.5,-19.7,True,True
54.551,True,0.299,0.451,0.606,False,False,-178.6,3.8,-20.0,True,True
54.599,True,0.292,0.45,0.606,False,False,178.9,1.5,-20.4,True,True
54.631,True,0.291,0.449,0.606,False,False,176.1,1.5,-20.7,True,True
54.663,True,0.285,0.448,0.606,False,False,175.3,1.2,-20.7,True,True
54.696,True,0.29,0.45,0.606,False,False,174.7,0.6,-21.1,True,True
54.725,True,0.285,0.449,0.606,False,False,174.5,1.1,-21.2,True,True
54.759,True,0.282,0.449,0.606,False,False,172.7,-0.7,-21.6,True,True
54.789,True,0.285,0.449,0.606,False,False,172.7,-1.3,-21.9,True,True
54.823,True,0.277,0.45,0.606,False,False,172.1,-1.5,-22.1,True,True
54.857,True,0.275,0.449,0.606,False,False,171.7,-1.0,-22.1,True,True
54.886,True,0.276,0.448,0.606,False,False,171.0,-1.3,-22.2,True,True
54.919,True,0.266,0.448,0.606,False,False,170.3,-2.0,-22.1,True,True
54.949,True,0.269,0.448,0.606,False,False,168.9,-2.1,-22.0,True,True
54.999,True,0.274,0.448,0.606,False,False,168.2,-2.1,-21.9,True,True
55.029,True,0.266,0.446,0.606,False,False,167.5,-3.2,-21.7,True,True
55.059,True,0.276,0.446,0.606,False,False,167.5,-3.0,-21.9,True,True
55.089,True,0.278,0.446,0.606,False,False,166.1,-3.5,-21.7,True,True
55.129,True,0.297,0.446,0.606,False,False,167.4,-2.8,-21.7,True,True
55.159,True,0.289,0.448,0.606,False,False,164.5,-3.5,-21.9,True,True
55.189,True,0.287,0.448,0.606,False,False,163.4,-3.7,-21.9,True,True
55.219,True,0.285,0.446,0.606,False,False,163.9,-3.5,-21.6,True,True
55.249,True,0.284,0.452,0.606,False,False,162.3,-3.6,-21.8,True,True
55.28,True,0.274,0.45,0.606,False,False,161.9,-5.1,-21.2,True,True
55.319,True,0.275,0.448,0.606,False,False,160.9,-4.9,-21.1,True,True
55.349,True,0.281,0.445,0.606,False,False,161.0,-5.8,-20.9,True,True
55.399,True,0.279,0.451,0.606,False,False,159.6,-5.2,-20.9,True,True
55.431,True,0.285,0.447,0.6,False,False,158.7,-6.0,-20.4,True,True
55.459,True,0.261,0.451,0.6,False,False,158.7,-7.2,-20.1,True,True
55.489,True,0.26,0.447,0.6,False,False,159.1,-5.6,-19.7,True,True
55.522,True,0.243,0.445,0.606,True,False,159.6,-5.2,-18.9,True,True
55.559,True,0.257,0.448,0.6,False,False,159.3,-4.1,-18.2,True,True
55.591,True,0.252,0.449,0.6,True,False,159.1,-4.6,-17.8,True,True
55.619,True,0.264,0.449,0.594,False,False,159.3,-4.3,-17.4,True,True
55.649,True,0.251,0.452,0.594,True,False,160.0,-3.6,-16.3,True,True
55.689,True,0.255,0.449,0.594,True,False,163.1,-2.0,-15.6,True,True
55.719,True,0.244,0.446,0.594,True,False,164.8,-3.2,-14.2,True,True
55.749,True,0.26,0.448,0.589,False,False,167.5,-0.7,-13.5,True,True
55.799,True,0.256,0.445,0.589,True,False,170.4,-0.8,-12.8,True,True
55.835,True,0.262,0.447,0.583,False,False,171.2,0.6,-12.3,True,True
55.863,True,0.267,0.448,0.578,False,False,173.7,-0.2,-11.1,True,True
55.89,True,0.249,0.447,0.578,True,False,175.8,1.0,-10.8,True,True
55.929,True,0.241,0.449,0.578,True,False,179.1,2.1,-10.2,True,True
55.959,True,0.219,0.453,0.578,True,False,-177.2,2.6,-9.1,True,True
55.989,True,0.087,0.453,0.578,True,False,-178.1,2.5,-8.9,True,True
56.019,True,0.105,0.449,0.578,True,False,-171.7,2.9,-8.3,True,True
56.049,True,0.19,0.448,0.578,True,False,-168.7,4.4,-7.1,True,True
56.079,True,0.232,0.451,0.578,True,False,-165.2,4.3,-6.8,True,True
56.119,True,0.259,0.45,0.572,False,False,-163.8,5.1,-6.2,True,True
56.149,True,0.274,0.452,0.567,False,False,-163.1,5.0,-6.0,True,True
56.199,True,0.29,0.451,0.561,False,False,-162.0,4.8,-5.6,True,True
56.231,True,0.295,0.451,0.556,False,False,-161.1,4.6,-5.5,True,True
56.259,True,0.304,0.453,0.55,False,False,-160.5,4.1,-5.7,True,True
56.289,True,0.321,0.455,0.544,False,False,-160.3,5.8,-5.4,True,True
56.319,True,0.311,0.453,0.539,False,False,-161.3,6.0,-5.4,True,True
56.359,True,0.324,0.453,0.533,False,False,-161.5,7.0,-5.2,True,True
56.389,True,0.318,0.451,0.528,False,False,-161.6,7.0,-5.4,True,True
56.419,True,0.332,0.455,0.522,False,False,-161.9,7.0,-4.7,True,True
56.449,True,0.301,0.452,0.517,False,False,-163.1,6.0,-5.3,True,True
56.489,True,0.321,0.454,0.511,False,False,-163.3,8.0,-4.8,True,True
56.519,True,0.314,0.449,0.506,False,False,-163.1,7.5,-5.1,True,True
56.549,True,0.312,0.452,0.5,False,False,-161.1,6.7,-5.0,True,True
56.599,True,0.319,0.452,0.494,False,False,-163.7,6.7,-5.3,True,True
56.629,True,0.302,0.453,0.489,False,False,-162.4,6.2,-5.3,True,True
56.659,True,0.309,0.452,0.483,False,False,-162.3,6.1,-5.2,True,True
56.689,True,0.304,0.451,0.478,False,False,-162.9,5.9,-5.5,True,True
56.729,True,0.309,0.451,0.478,False,False,-163.5,5.6,-5.7,True,True
56.759,True,0.307,0.452,0.472,False,False,-162.8,5.6,-5.7,True,True
56.789,True,0.303,0.451,0.467,False,False,-162.4,5.1,-5.9,True,True
56.819,True,0.302,0.451,0.461,False,False,-162.1,5.9,-6.0,True,True
56.853,True,0.303,0.452,0.456,False,False,-161.8,5.8,-6.5,True,True
56.889,True,0.307,0.45,0.45,False,False,-161.0,7.2,-6.0,True,True
56.919,True,0.298,0.452,0.444,False,False,-161.0,6.9,-6.2,True,True
56.949,True,0.294,0.45,0.439,False,False,-159.2,6.7,-6.2,True,True
56.999,True,0.292,0.453,0.433,False,False,-160.0,7.4,-5.9,True,True
57.029,True,0.286,0.455,0.428,False,False,-158.8,8.4,-5.1,True,True
57.059,True,0.294,0.451,0.422,False,False,-158.3,7.6,-5.1,True,True
57.089,True,0.297,0.45,0.417,False,False,-158.7,8.3,-4.9,True,True
57.123,True,0.299,0.453,0.411,False,False,-157.3,7.5,-4.8,True,True
57.159,True,0.297,0.456,0.406,False,False,-157.2,7.7,-4.6,True,True
57.189,True,0.298,0.454,0.4,False,False,-156.3,7.8,-4.8,True,True
57.221,True,0.301,0.452,0.394,False,False,-155.7,8.3,-4.4,True,True
57.249,True,0.303,0.451,0.389,False,False,-155.9,7.6,-4.8,True,True
57.281,True,0.307,0.451,0.383,False,False,-156.4,8.0,-4.7,True,True
57.319,True,0.312,0.454,0.378,False,False,-155.1,7.8,-4.5,True,True
57.349,True,0.317,0.457,0.372,False,False,-154.3,7.7,-4.4,False,False
57.399,True,0.311,0.459,0.367,False,False,-154.9,7.9,-4.2,False,False
57.429,True,0.31,0.457,0.361,False,False,-155.2,7.3,-4.1,False,False
57.459,True,0.317,0.459,0.356,False,False,-155.4,7.8,-4.0,False,False
57.491,True,0.325,0.454,0.35,False,False,-155.6,7.9,-4.0,False,False
57.521,True,0.332,0.46,0.344,False,False,-155.9,7.9,-4.1,False,False
57.559,True,0.324,0.456,0.339,False,False,-155.7,7.6,-4.0,False,False
57.589,True,0.324,0.459,0.333,False,False,-156.1,7.1,-4.4,False,False
57.619,True,0.323,0.46,0.328,False,False,-155.9,7.2,-4.1,False,False
57.649,True,0.323,0.462,0.322,False,False,-156.1,7.2,-4.2,False,False
57.686,True,0.323,0.459,0.317,False,False,-155.6,7.1,-4.4,False,False
57.719,True,0.318,0.458,0.311,False,False,-155.8,6.6,-4.5,False,False
57.749,True,0.319,0.459,0.306,False,False,-155.5,6.6,-4.5,False,False
57.799,True,0.32,0.459,0.3,False,False,-155.7,7.1,-4.4,False,False
57.832,True,0.322,0.458,0.294,False,False,-155.7,7.2,-4.3,False,False
57.859,True,0.32,0.459,0.289,False,False,-155.7,7.3,-4.4,False,False
57.889,True,0.322,0.459,0.283,False,False,-155.2,7.0,-4.4,False,False
57.927,True,0.316,0.459,0.278,False,False,-155.3,6.9,-4.6,False,False
57.96,True,0.317,0.458,0.272,False,False,-155.5,7.2,-4.6,False,False
57.989,True,0.318,0.46,0.267,False,False,-155.1,7.1,-4.6,False,False
58.019,True,0.312,0.458,0.261,False,False,-154.9,6.9,-4.7,False,False
58.049,True,0.317,0.458,0.256,False,False,-155.1,7.0,-4.8,False,False
58.079,True,0.313,0.458,0.25,False,False,-154.9,7.4,-4.6,False,False
58.119,True,0.314,0.456,0.244,False,False,-155.1,7.5,-4.8,False,False
58.149,True,0.313,0.458,0.239,False,False,-155.0,7.4,-4.7,False,False
58.199,True,0.31,0.459,0.233,False,False,-154.6,7.4,-4.7,False,False
58.225,True,0.309,0.457,0.228,False,False,-154.5,7.5,-4.7,False,False
58.256,True,0.318,0.459,0.222,False,False,-154.4,7.7,-4.6,False,False
58.288,True,0.313,0.458,0.217,False,False,-155.1,8.1,-4.7,False,False
58.32,True,0.307,0.458,0.211,False,False,-155.1,7.5,-4.7,False,False
58.353,True,0.312,0.459,0.206,False,False,-155.0,8.5,-4.7,False,False
58.384,True,0.308,0.457,0.2,False,False,-155.3,8.2,-4.7,False,False
58.416,True,0.308,0.458,0.194,False,False,-154.8,8.4,-4.7,False,False
58.448,True,0.308,0.459,0.189,False,False,-155.0,8.8,-4.6,False,False
58.481,True,0.308,0.46,0.183,False,False,-154.8,8.3,-4.5,False,False
58.516,True,0.308,0.459,0.178,False,False,-154.8,8.8,-4.4,False,False
58.544,True,0.311,0.458,0.172,False,False,-155.0,8.5,-4.6,False,False
58.6,True,0.315,0.457,0.167,False,False,-154.8,8.9,-4.5,False,False
58.625,True,0.31,0.458,0.161,False,False,-155.2,8.7,-4.6,False,False
58.656,True,0.311,0.46,0.156,False,False,-155.3,8.4,-4.7,False,False
58.691,True,0.31,0.458,0.15,False,False,-155.1,8.0,-4.7,False,False
58.718,True,0.304,0.459,0.144,False,False,-155.0,8.2,-4.7,False,False
58.753,True,0.285,0.459,0.139,False,False,-155.6,8.9,-4.5,False,False
58.785,True,0.236,0.459,0.139,True,False,-156.2,8.4,-4.7,False,False
58.816,True,0.094,0.459,0.139,True,False,-155.3,7.6,-4.5,False,False
58.856,True,0.071,0.459,0.139,True,False,-155.0,6.7,-4.7,False,False
58.882,True,0.084,0.46,0.139,True,False,-155.5,7.1,-4.6,False,False
58.912,True,0.209,0.46,0.144,True,False,-157.6,8.4,-4.7,False,False
58.952,True,0.234,0.459,0.15,True,False,-157.1,8.5,-4.5,False,False
58.993,True,0.254,0.458,0.156,True,False,-156.7,8.1,-4.6,False,False
59.025,True,0.268,0.457,0.156,False,False,-157.2,8.0,-4.5,False,False
59.062,True,0.273,0.455,0.156,False,False,-156.5,8.2,-4.4,False,False
59.089,True,0.281,0.456,0.156,False,False,-156.4,7.3,-4.7,False,False
59.121,True,0.285,0.457,0.156,False,False,-156.0,8.1,-4.5,False,False
59.158,True,0.288,0.458,0.156,False,False,-156.1,7.5,-4.6,False,False
59.185,True,0.291,0.459,0.156,False,False,-155.8,7.4,-4.7,False,False
59.217,True,0.293,0.461,0.156,False,False,-155.9,7.4,-4.7,False,False
59.254,True,0.295,0.459,0.156,False,False,-155.6,7.1,-4.9,False,False
59.287,True,0.301,0.458,0.156,False,False,-155.8,7.4,-4.8,False,False
59.314,True,0.298,0.459,0.156,False,False,-155.7,7.5,-4.8,False,False
59.345,True,0.298,0.459,0.156,False,False,-155.8,7.2,-4.9,False,False
59.393,True,0.299,0.459,0.156,False,False,-155.3,7.5,-4.8,False,False
59.43,True,0.301,0.458,0.156,False,False,-155.4,7.8,-4.8,False,False
59.463,True,0.299,0.458,0.156,False,False,-155.8,8.0,-4.7,False,False
59.489,True,0.302,0.458,0.156,False,False,-156.0,7.9,-4.8,False,False
59.534,True,0.307,0.456,0.156,False,False,-155.7,7.6,-4.8,False,False
59.561,True,0.308,0.457,0.156,False,False,-155.5,7.6,-4.8,False,False
59.591,True,0.303,0.46,0.156,False,False,-155.0,7.3,-4.7,False,False
59.624,True,0.309,0.459,0.156,False,False,-155.4,7.3,-4.7,False,False
59.647,True,0.31,0.458,0.156,False,False,-155.3,6.8,-4.8,False,False
59.681,True,0.306,0.46,0.156,False,False,-155.4,6.8,-4.8,False,False
59.714,True,0.301,0.46,0.156,False,False,-155.6,6.9,-4.6,False,False
59.746,True,0.303,0.461,0.156,False,False,-155.2,6.9,-4.7,False,False
59.8,True,0.305,0.46,0.156,False,False,-155.0,7.2,-4.6,False,False
59.83,True,0.302,0.461,0.156,False,False,-155.5,7.7,-4.5,False,False
59.861,True,0.303,0.46,0.156,False,False,-155.5,7.3,-4.6,False,False
59.89,True,0.303,0.461,0.156,False,False,-155.4,7.7,-4.5,False,False
59.925,True,0.304,0.459,0.15,False,False,-155.6,7.8,-4.7,False,False
59.958,True,0.307,0.457,0.144,False,False,-155.7,7.8,-4.7,False,False
59.995,True,0.308,0.457,0.139,False,False,-155.6,7.3,-4.7,False,False
60.024,True,0.31,0.458,0.133,False,False,-155.8,7.3,-4.7,False,False
60.049,True,0.311,0.455,0.128,False,False,-157.4,7.8,-4.5,False,False
60.08,True,0.309,0.46,0.122,False,False,-160.9,9.2,-4.7,False,False
60.113,True,0.314,0.515,0.117,False,False,-162.6,10.8,-4.7,False,False
60.146,True,0.318,0.52,0.111,False,False,-166.4,10.7,-5.5,False,False
60.194,True,0.329,0.559,0.111,False,False,-168.6,11.5,-5.5,False,False
60.225,True,0.313,0.604,0.111,False,False,-169.6,12.4,-5.5,False,False
60.257,True,0.297,0.626,0.111,False,False,-170.7,13.3,-5.5,False,False
60.288,True,0.3,0.672,0.111,False,False,-172.0,13.6,-5.7,False,False
60.321,True,0.295,0.662,0.111,False,False,-172.5,13.9,-5.7,False,False
60.352,True,0.29,0.677,0.111,False,True,-174.0,13.0,-5.9,False,True
60.388,True,0.292,0.686,0.111,False,True,-175.0,13.1,-5.9,False,True
60.419,True,0.292,0.695,0.111,False,True,-176.7,13.8,-6.1,True,True
60.449,True,0.285,0.718,0.111,False,True,-176.9,12.7,-6.0,True,True
60.48,True,0.279,0.713,0.111,False,True,-177.7,13.7,-5.9,True,True
60.514,True,0.281,0.747,0.111,False,True,-177.5,13.8,-5.9,True,True
60.544,True,0.276,0.722,0.111,False,True,-179.5,13.7,-6.0,True,True
60.6,True,0.287,0.764,0.111,False,True,-179.8,13.6,-6.3,True,True
60.633,True,0.286,0.775,0.111,False,True,179.7,14.7,-6.3,True,True
60.657,True,0.282,0.784,0.111,False,True,179.3,14.5,-6.5,True,True
60.695,True,0.279,0.797,0.111,False,True,179.1,14.2,-6.5,True,True
60.725,True,0.275,0.797,0.111,False,True,179.3,15.4,-6.3,True,True
60.755,True,0.274,0.786,0.111,False,True,178.7,13.9,-6.3,True,True
60.785,True,0.272,0.799,0.111,False,True,179.0,15.5,-6.3,True,True
60.82,True,0.269,0.788,0.111,False,True,179.1,15.3,-6.2,True,True
60.855,True,0.262,0.792,0.111,False,True,179.2,15.5,-6.1,True,True
60.885,True,0.264,0.783,0.111,False,True,179.0,15.6,-6.1,True,True
60.915,True,0.263,0.775,0.111,False,True,179.2,15.6,-6.0,True,True
60.945,True,0.268,0.755,0.111,False,True,179.5,15.7,-6.0,True,True
61.0,True,0.265,0.721,0.111,False,True,-179.6,17.0,-6.0,True,True
61.028,True,0.266,0.603,0.111,False,True,-179.9,11.7,-5.9,True,True
61.057,True,0.267,0.55,0.111,False,True,-176.2,10.0,-5.3,True,True
61.095,True,0.275,0.468,0.111,False,False,-175.5,8.5,-5.3,True,True
61.125,True,0.265,0.455,0.111,False,False,-172.7,6.4,-4.8,True,True
61.155,True,0.254,0.449,0.117,True,False,-171.3,6.1,-4.9,True,True
61.185,True,0.256,0.449,0.122,True,False,-169.6,6.9,-4.8,True,True
61.215,True,0.257,0.449,0.122,False,False,-169.0,6.5,-4.8,True,True
61.248,True,0.254,0.449,0.128,True,False,-167.7,6.8,-5.0,False,False
61.285,True,0.256,0.451,0.133,True,False,-167.4,6.3,-4.9,False,False
61.315,True,0.259,0.45,0.133,False,False,-167.0,6.2,-4.9,False,False
61.345,True,0.26,0.45,0.133,False,False,-167.2,6.1,-5.1,False,False
61.395,True,0.263,0.45,0.133,False,False,-167.3,6.1,-5.2,False,False
61.425,True,0.264,0.452,0.133,False,False,-167.8,6.2,-5.3,False,False
61.457,True,0.268,0.451,0.133,False,False,-166.9,6.3,-5.4,False,False
61.495,True,0.272,0.451,0.133,False,False,-167.0,5.6,-5.4,False,False
61.525,True,0.273,0.453,0.128,False,False,-165.2,5.4,-5.2,False,False
61.557,True,0.281,0.451,0.128,False,False,-165.9,5.5,-5.2,False,False
61.585,True,0.279,0.449,0.122,False,False,-165.1,5.6,-5.4,False,False
61.615,True,0.286,0.452,0.122,False,False,-165.0,5.6,-5.4,False,False
61.655,True,0.288,0.451,0.117,False,False,-164.9,5.5,-5.3,False,False
61.685,True,0.288,0.453,0.111,False,False,-165.1,5.7,-5.3,False,False
61.715,True,0.292,0.45,0.106,False,False,-163.5,5.4,-5.2,False,False
61.745,True,0.3,0.451,0.106,False,False,-163.7,5.3,-5.2,False,False
61.799,True,0.294,0.45,0.1,False,False,-163.1,4.4,-5.2,False,False
61.825,True,0.287,0.45,0.1,False,False,-163.2,4.1,-5.4,False,False
61.86,True,0.286,0.451,0.1,False,False,-162.1,4.6,-5.2,False,False
61.895,True,0.304,0.452,0.094,False,False,-161.9,3.7,-5.3,False,False
61.927,True,0.302,0.45,0.089,False,False,-161.5,4.0,-5.3,False,False
61.955,True,0.297,0.452,0.083,False,False,-160.3,3.5,-5.3,False,False
61.99,True,0.285,0.45,0.078,False,False,-159.8,4.2,-5.2,False,False
62.024,True,0.299,0.452,0.072,False,False,-160.0,5.5,-4.9,False,False
62.055,True,0.304,0.453,0.067,False,False,-160.5,5.0,-5.1,False,False
62.085,True,0.301,0.453,0.061,False,False,-159.6,5.1,-5.1,False,False
62.116,True,0.297,0.453,0.061,False,False,-159.7,5.7,-5.1,False,False
62.15,True,0.298,0.453,0.061,False,False,-159.0,4.7,-5.0,False,False
62.195,True,0.298,0.454,0.061,False,False,-159.5,4.8,-5.1,False,False
62.225,True,0.296,0.454,0.061,False,False,-158.8,5.1,-4.9,False,False
62.262,True,0.3,0.456,0.061,False,False,-158.2,5.4,-4.8,False,False
62.295,True,0.3,0.456,0.061,False,False,-157.9,5.3,-4.8,False,False
62.325,True,0.3,0.456,0.061,False,False,-157.7,5.2,-4.8,False,False
62.355,True,0.296,0.457,0.061,False,False,-157.9,5.6,-4.7,False,False
62.394,True,0.297,0.452,0.061,False,False,-158.2,5.4,-4.7,False,False
62.417,True,0.301,0.455,0.061,False,False,-157.5,5.6,-4.8,False,False
62.455,True,0.301,0.457,0.061,False,False,-157.3,5.3,-4.7,False,False
62.485,True,0.304,0.456,0.061,False,False,-156.5,5.3,-4.4,False,False
62.515,True,0.311,0.46,0.061,False,False,-156.6,5.2,-4.6,False,False
62.55,True,0.307,0.457,0.061,False,False,-156.8,5.8,-4.6,False,False
62.595,True,0.312,0.459,0.061,False,False,-155.7,5.2,-4.8,False,False
62.625,True,0.302,0.459,0.061,False,False,-155.8,4.8,-4.7,False,False
62.66,True,0.299,0.456,0.061,False,False,-155.4,5.1,-4.7,False,False
62.695,True,0.305,0.46,0.061,False,False,-155.8,5.7,-4.5,False,False
62.725,True,0.308,0.459,0.061,False,False,-155.1,4.9,-4.7,False,False
62.755,True,0.306,0.462,0.061,False,False,-154.6,5.0,-4.6,False,False
62.785,True,0.299,0.461,0.061,False,False,-154.6,5.8,-4.5,False,False
62.818,True,0.307,0.462,0.061,False,False,-154.6,5.5,-4.6,False,False
62.855,True,0.314,0.462,0.061,False,False,-154.0,5.2,-4.4,False,False
62.885,True,0.306,0.462,0.061,False,False,-154.2,5.2,-4.6,False,False
62.919,True,0.304,0.464,0.061,False,False,-154.2,5.9,-4.4,False,False
62.945,True,0.307,0.462,0.061,False,False,-154.2,5.7,-4.5,False,False
62.997,True,0.306,0.461,0.061,False,False,-154.5,6.1,-4.3,False,False
63.027,True,0.31,0.461,0.061,False,False,-154.5,6.0,-4.6,False,False
63.063,True,0.308,0.461,0.061,False,False,-154.4,6.1,-4.5,False,False
63.095,True,0.309,0.461,0.061,False,False,-154.6,6.1,-4.6,False,False
63.125,True,0.31,0.462,0.061,False,False,-154.1,5.4,-4.7,False,False
63.16,True,0.311,0.463,0.061,False,False,-153.8,5.4,-4.5,False,False
63.19,True,0.306,0.462,0.061,False,False,-153.9,5.3,-4.5,False,False
63.225,True,0.313,0.463,0.061,False,False,-154.3,5.5,-4.5,False,False
63.255,True,0.313,0.461,0.061,False,False,-154.4,5.5,-4.6,False,False
63.285,True,0.311,0.461,0.061,False,False,-153.9,5.5,-4.7,False,False
63.315,True,0.309,0.464,0.061,False,False,-153.9,5.8,-4.5,False,False
63.346,True,0.309,0.46,0.061,False,False,-153.9,6.1,-4.6,False,False
63.401,True,0.31,0.462,0.061,False,False,-153.8,6.0,-4.6,False,False
63.429,True,0.308,0.463,0.061,False,False,-153.7,5.8,-4.7,False,False
63.458,True,0.306,0.463,0.061,False,False,-153.9,6.1,-4.6,False,False
63.495,True,0.31,0.464,0.061,False,False,-154.1,6.1,-4.6,False,False
63.525,True,0.312,0.463,0.061,False,False,-153.7,5.4,-4.7,False,False
63.555,True,0.313,0.464,0.061,False,False,-153.9,5.6,-4.7,False,False
63.585,True,0.305,0.465,0.061,False,False,-153.3,5.5,-4.7,False,False
63.617,True,0.302,0.464,0.061,False,False,-153.2,5.2,-4.7,False,False
63.655,True,0.307,0.464,0.061,False,False,-153.4,5.1,-4.8,False,False
63.685,True,0.308,0.462,0.061,False,False,-153.8,5.5,-4.8,False,False
63.715,True,0.308,0.463,0.061,False,False,-153.6,5.7,-4.7,False,False
63.745,True,0.308,0.463,0.061,False,False,-153.7,5.9,-4.6,False,False
63.777,True,0.308,0.463,0.061,False,False,-153.4,5.6,-4.6,False,False
63.825,True,0.308,0.464,0.061,False,False,-153.6,5.8,-4.6,False,False
63.857,True,0.309,0.464,0.061,False,False,-153.6,5.9,-4.6,False,False
63.895,True,0.308,0.463,0.061,False,False,-154.0,6.2,-4.6,False,False
63.925,True,0.31,0.463,0.061,False,False,-153.1,6.2,-4.5,False,False
63.955,True,0.306,0.464,0.061,False,False,-153.7,6.6,-4.5,False,False
63.985,True,0.307,0.463,0.061,False,False,-153.3,6.8,-4.5,False,False
64.02,True,0.313,0.464,0.061,False,False,-153.2,6.7,-4.6,False,False
64.048,True,0.313,0.464,0.061,False,False,-153.4,6.8,-4.5,False,False
64.085,True,0.308,0.463,0.061,False,False,-152.9,6.5,-4.5,False,False
64.12,True,0.31,0.462,0.061,False,False,-153.4,6.4,-4.6,False,False
64.145,True,0.307,0.464,0.061,False,False,-153.0,6.4,-4.6,False,False
64.177,True,0.303,0.463,0.061,False,False,-153.0,6.6,-4.5,False,False
64.225,True,0.303,0.464,0.061,False,False,-152.9,6.1,-4.5,False,False
64.257,True,0.306,0.465,0.061,False,False,-152.9,5.7,-4.6,False,False
64.295,True,0.306,0.464,0.061,False,False,-152.9,5.8,-4.6,False,False
64.325,True,0.307,0.462,0.061,False,False,-152.9,5.9,-4.7,False,False
64.355,True,0.308,0.461,0.061,False,False,-153.4,6.2,-4.6,False,False
64.385,True,0.305,0.463,0.061,False,False,-153.2,6.3,-4.6,False,False
64.417,True,0.304,0.462,0.061,False,False,-153.1,6.6,-4.5,False,False
64.455,True,0.301,0.461,0.061,False,False,-153.4,6.8,-4.6,False,False
64.485,True,0.303,0.46,0.061,False,False,-153.4,6.2,-4.6,False,False
64.515,True,0.304,0.462,0.061,False,False,-153.2,6.5,-4.5,False,False
64.549,True,0.304,0.464,0.061,False,False,-152.8,6.8,-4.4,False,False
64.578,True,0.304,0.463,0.061,False,False,-153.0,6.7,-4.5,False,False
64.625,True,0.307,0.462,0.061,False,False,-152.7,6.5,-4.6,False,False
64.657,True,0.304,0.463,0.061,False,False,-152.7,7.0,-4.6,False,False
64.688,True,0.302,0.462,0.061,False,False,-153.0,6.7,-4.4,False,False
64.725,True,0.302,0.462,0.061,False,False,-153.3,7.0,-4.4,False,False
64.755,True,0.307,0.462,0.061,False,False,-152.9,6.8,-4.4,False,False
64.785,True,0.306,0.461,0.056,False,False,-153.2,6.6,-4.6,False,False
64.818,True,0.292,0.463,0.05,False,False,-152.8,6.2,-4.5,False,False
64.855,True,0.29,0.464,0.044,False,False,-152.9,6.6,-4.4,False,False
64.885,True,0.29,0.465,0.039,False,False,-152.4,6.4,-4.4,False,False
64.915,True,0.291,0.465,0.033,False,False,-153.0,6.1,-4.5,False,False
64.945,True,0.29,0.465,0.028,False,False,-152.8,5.9,-4.5,False,False
64.985,True,0.29,0.462,0.022,False,False,-153.0,6.1,-4.5,False,False
65.025,True,0.288,0.463,0.022,False,False,-152.5,5.9,-4.6,False,False
65.055,True,0.293,0.463,0.022,False,False,-152.7,5.9,-4.5,False,False
65.095,True,0.293,0.463,0.022,False,False,-153.0,6.1,-4.7,False,False
65.125,True,0.294,0.464,0.022,False,False,-153.2,5.8,-4.7,False,False
65.155,True,0.291,0.462,0.022,False,False,-152.8,5.7,-4.7,False,False
65.185,True,0.293,0.463,0.022,False,False,-153.1,5.9,-4.8,False,False
65.225,True,0.294,0.464,0.022,False,False,-153.1,5.6,-4.7,False,False
65.255,True,0.293,0.463,0.022,False,False,-152.7,5.9,-4.7,False,False
65.285,True,0.297,0.463,0.022,False,False,-152.7,5.8,-4.6,False,False
65.315,True,0.302,0.462,0.022,False,False,-152.7,6.0,-4.6,False,False
65.345,True,0.301,0.463,0.022,False,False,-152.5,5.8,-4.6,False,False
65.375,True,0.301,0.465,0.022,False,False,-153.1,5.6,-4.7,False,False
65.432,True,0.302,0.465,0.022,False,False,-152.6,6.2,-4.7,False,False
65.463,True,0.303,0.464,0.022,False,False,-152.7,6.1,-4.6,False,False
65.495,True,0.307,0.465,0.022,False,False,-152.8,6.2,-4.5,False,False
65.525,True,0.305,0.465,0.022,False,False,-152.8,6.0,-4.6,False,False
65.555,True,0.303,0.465,0.022,False,False,-152.8,6.3,-4.5,False,False
65.585,True,0.303,0.464,0.022,False,False,-152.8,6.7,-4.5,False,False
65.617,True,0.305,0.464,0.022,False,False,-153.4,6.1,-4.7,False,False
65.655,True,0.31,0.464,0.022,False,False,-153.3,6.0,-4.5,False,False
65.685,True,0.31,0.464,0.022,False,False,-153.2,7.0,-4.5,False,False
65.715,True,0.32,0.462,0.022,False,False,-153.4,6.5,-4.5,False,False
65.745,True,0.321,0.466,0.022,False,False,-154.5,7.5,-4.3,False,False
65.775,True,0.327,0.461,0.022,False,False,-154.5,7.5,-4.4,False,False
65.83,True,0.326,0.458,0.022,False,False,-155.6,7.2,-4.8,False,False
65.865,True,0.325,0.46,0.022,False,False,-155.8,6.1,-4.8,False,False
65.895,True,0.326,0.459,0.022,False,False,-156.7,7.2,-4.9,False,False
65.925,True,0.327,0.457,0.022,False,False,-157.6,6.9,-5.4,False,False
65.955,True,0.331,0.456,0.022,False,False,-158.8,7.4,-5.8,False,False
65.985,True,0.313,0.456,0.022,False,False,-159.5,7.0,-6.5,False,False
66.017,True,0.288,0.454,0.022,False,False,-160.8,8.0,-6.4,False,False
66.055,True,0.293,0.452,0.022,False,False,-162.2,8.0,-6.8,False,False
66.085,True,0.302,0.452,0.022,False,False,-162.6,6.5,-7.6,False,False
66.115,True,0.307,0.451,0.022,False,False,-165.0,7.0,-7.9,False,False
66.145,True,0.306,0.454,0.022,False,False,-165.5,7.3,-7.8,False,False
66.179,True,0.305,0.453,0.022,False,False,-167.8,6.3,-8.3,False,False
66.225,True,0.307,0.448,0.022,False,False,-168.9,6.3,-8.6,False,False
66.257,True,0.306,0.452,0.022,False,False,-168.4,7.1,-8.4,False,False
66.295,True,0.303,0.451,0.022,False,False,-168.5,6.8,-8.4,False,False
66.325,True,0.31,0.452,0.022,False,False,-169.0,6.6,-8.4,False,False
66.355,True,0.307,0.453,0.022,False,False,-168.9,6.5,-8.4,False,False
66.385,True,0.313,0.451,0.022,False,False,-170.4,6.7,-8.5,False,False
66.421,True,0.301,0.452,0.022,False,False,-170.7,5.4,-8.3,False,False
66.455,True,0.333,0.451,0.022,False,False,-169.0,5.7,-8.6,False,False
66.485,True,0.303,0.45,0.022,False,False,-169.0,5.7,-8.5,False,False
66.515,True,0.298,0.448,0.022,False,False,-168.5,3.9,-8.5,False,False
66.545,True,0.312,0.448,0.022,False,False,-167.7,2.8,-8.6,False,False
66.577,True,0.294,0.446,0.022,False,False,-168.1,3.4,-8.3,False,False
66.63,True,0.29,0.448,0.022,False,False,-167.9,4.1,-8.1,False,False
66.657,True,0.303,0.452,0.022,False,False,-166.8,4.3,-7.7,False,False
66.689,True,0.308,0.451,0.022,False,False,-166.1,4.7,-7.6,False,False
66.722,True,0.309,0.451,0.022,False,False,-165.9,5.4,-7.2,False,False
66.753,True,0.32,0.451,0.022,False,False,-165.3,4.7,-7.1,False,False
66.785,True,0.315,0.451,0.022,False,False,-164.9,5.5,-6.9,False,False
66.823,True,0.314,0.452,0.022,False,False,-164.8,4.6,-7.0,False,False
66.851,True,0.315,0.452,0.022,False,False,-164.1,4.4,-7.0,False,False
66.878,True,0.313,0.451,0.022,False,False,-164.2,4.2,-7.1,False,False
66.914,True,0.318,0.452,0.022,False,False,-163.4,5.0,-6.8,False,False
66.946,True,0.311,0.452,0.022,False,False,-163.4,5.0,-6.9,False,False
66.977,True,0.314,0.453,0.022,False,False,-163.0,4.9,-6.8,False,False
67.029,True,0.31,0.453,0.022,False,False,-162.9,4.8,-6.8,False,False
67.056,True,0.305,0.453,0.022,False,False,-162.0,5.1,-6.6,False,False
67.087,True,0.311,0.454,0.022,False,False,-161.9,5.4,-6.6,False,False
67.122,True,0.305,0.453,0.022,False,False,-162.1,5.0,-6.7,False,False
67.153,True,0.304,0.453,0.017,False,False,-161.5,5.4,-6.6,False,False
67.184,True,0.301,0.454,0.011,False,False,-161.6,5.1,-6.6,False,False
67.223,True,0.274,0.454,0.011,False,False,-162.4,5.3,-6.6,False,False
67.246,True,0.197,0.454,0.011,True,False,-163.8,4.6,-6.6,False,False
67.281,True,0.046,0.456,0.011,True,False,-162.1,4.0,-6.4,False,False
67.314,True,0.054,0.454,0.017,True,False,-162.2,4.2,-6.3,False,False
67.345,True,0.186,0.455,0.022,True,False,-164.0,4.4,-6.5,False,False
67.378,True,0.211,0.454,0.028,True,False,-163.9,4.2,-6.7,False,False
67.424,True,0.226,0.455,0.033,True,False,-163.6,4.0,-6.7,False,False
67.457,True,0.236,0.454,0.039,True,False,-163.2,4.5,-6.7,False,False
67.49,True,0.24,0.454,0.044,True,False,-163.0,4.7,-6.8,False,False
67.52,True,0.241,0.456,0.05,True,False,-162.6,4.6,-6.7,False,False
67.553,True,0.243,0.455,0.056,True,False,-162.1,4.4,-6.7,False,False
67.583,True,0.244,0.455,0.061,True,False,-162.0,4.7,-6.6,False,False
67.619,True,0.248,0.456,0.067,True,False,-161.8,4.6,-6.6,False,False
67.654,True,0.249,0.455,0.072,True,False,-161.5,4.7,-6.4,False,False
67.681,True,0.244,0.456,0.078,True,False,-161.5,4.6,-6.5,False,False
67.713,True,0.243,0.455,0.083,True,False,-161.4,4.8,-6.4,False,False
67.746,True,0.24,0.456,0.089,True,False,-161.3,4.3,-6.3,False,False
67.776,True,0.241,0.456,0.094,True,False,-161.1,4.1,-6.4,False,False
67.834,True,0.241,0.455,0.1,True,False,-161.2,4.5,-6.3,False,False
67.858,True,0.244,0.455,0.106,True,False,-162.0,3.8,-6.4,False,False
67.891,True,0.239,0.457,0.111,True,False,-161.6,4.2,-6.4,False,False
67.92,True,0.238,0.457,0.117,True,False,-161.4,4.5,-6.4,False,False
67.959,True,0.237,0.457,0.122,True,False,-161.6,4.6,-6.3,False,False
67.99,True,0.232,0.456,0.128,True,False,-162.0,4.8,-6.2,False,False
68.017,True,0.231,0.457,0.133,True,False,-162.1,5.1,-6.4,False,False
68.049,True,0.228,0.456,0.139,True,False,-162.1,5.3,-6.3,False,False
68.082,True,0.229,0.457,0.144,True,False,-161.7,5.1,-6.3,False,False
68.113,True,0.222,0.456,0.15,True,False,-162.0,5.0,-6.3,False,False
68.145,True,0.222,0.456,0.156,True,False,-161.9,4.8,-6.1,False,False
68.178,True,0.219,0.456,0.161,True,False,-161.8,4.4,-6.3,False,False
68.225,True,0.219,0.456,0.167,True,False,-161.9,4.9,-6.2,False,False
68.256,True,0.216,0.456,0.172,True,False,-161.9,5.0,-6.1,False,False
68.29,True,0.217,0.457,0.178,True,False,-162.2,5.0,-6.2,False,False
68.325,True,0.215,0.456,0.183,True,False,-162.1,5.2,-6.2,False,False
68.353,True,0.215,0.458,0.189,True,False,-162.4,4.8,-6.2,False,False
68.386,True,0.213,0.457,0.194,True,False,-162.0,4.9,-6.2,False,False
68.414,True,0.209,0.457,0.2,True,False,-162.0,4.7,-6.1,False,False
68.448,True,0.213,0.456,0.206,True,False,-161.8,4.8,-6.1,False,False
68.484,True,0.212,0.455,0.211,True,False,-162.0,4.8,-6.1,False,False
68.514,True,0.218,0.455,0.217,True,False,-162.0,4.8,-6.0,False,False
68.553,True,0.216,0.454,0.222,True,False,-162.0,5.1,-6.1,False,False
68.579,True,0.218,0.455,0.228,True,False,-161.7,5.1,-6.1,False,False
68.631,True,0.217,0.455,0.233,True,False,-161.9,4.8,-6.0,False,False
68.665,True,0.22,0.455,0.239,True,False,-162.0,5.1,-6.0,False,False
68.697,True,0.222,0.454,0.244,True,False,-161.9,5.1,-6.2,False,False
68.736,True,0.223,0.455,0.25,True,False,-161.7,5.2,-6.1,False,False
68.764,True,0.232,0.454,0.256,True,False,-161.6,5.2,-6.2,False,False
68.792,True,0.243,0.455,0.261,True,False,-161.3,5.0,-6.2,False,False
68.824,True,0.249,0.455,0.267,True,False,-161.5,4.8,-6.1,False,False
68.856,True,0.259,0.455,0.267,False,False,-161.3,4.5,-6.1,False,False
68.891,True,0.261,0.455,0.267,False,False,-161.6,4.6,-6.2,False,False
68.924,True,0.268,0.454,0.267,False,False,-161.2,4.0,-6.1,False,False
68.954,True,0.27,0.455,0.267,False,False,-161.0,4.4,-6.0,False,False
68.987,True,0.269,0.455,0.267,False,False,-161.4,4.4,-6.1,False,False
69.037,True,0.271,0.456,0.267,False,False,-161.0,3.9,-6.1,False,False
69.063,True,0.274,0.456,0.267,False,False,-161.4,4.4,-6.1,False,False
69.096,True,0.279,0.455,0.267,False,False,-161.3,4.7,-6.0,False,False
69.122,True,0.284,0.455,0.267,False,False,-161.3,4.5,-6.0,False,False
69.155,True,0.283,0.455,0.267,False,False,-161.1,4.1,-6.0,False,False
69.192,True,0.279,0.455,0.267,False,False,-161.3,4.6,-6.0,False,False
69.22,True,0.282,0.455,0.267,False,False,-161.3,4.3,-6.1,False,False
69.251,True,0.285,0.455,0.267,False,False,-161.0,3.9,-6.2,False,False
69.285,True,0.289,0.455,0.267,False,False,-161.1,4.4,-6.2,False,False
69.317,True,0.294,0.454,0.267,False,False,-160.7,4.8,-6.1,False,False
69.344,True,0.297,0.455,0.267,False,False,-160.6,4.8,-6.1,False,False
69.379,True,0.299,0.453,0.267,False,False,-161.1,5.1,-6.1,False,False
69.433,True,0.298,0.453,0.267,False,False,-160.8,5.2,-6.0,False,False
69.458,True,0.301,0.453,0.267,False,False,-161.2,5.2,-6.2,False,False
69.497,True,0.301,0.454,0.267,False,False,-160.7,5.0,-5.9,False,False
69.526,True,0.3,0.455,0.267,False,False,-161.0,4.9,-5.9,False,False
69.555,True,0.3,0.455,0.267,False,False,-160.9,4.6,-5.9,False,False
69.587,True,0.306,0.454,0.267,False,False,-160.5,4.4,-6.0,False,False
69.625,True,0.303,0.453,0.267,False,False,-160.1,4.7,-5.9,False,False
69.65,True,0.303,0.453,0.267,False,False,-160.6,4.3,-6.0,False,False
69.682,True,0.307,0.453,0.267,False,False,-160.7,4.6,-6.1,False,False
69.717,True,0.301,0.453,0.267,False,False,-160.5,4.6,-6.0,False,False
69.747,True,0.256,0.452,0.272,True,False,-161.7,4.4,-6.2,False,False
69.785,True,0.112,0.453,0.278,True,False,-162.7,3.6,-6.0,False,False
69.827,True,0.068,0.454,0.283,True,False,-161.7,3.8,-6.1,False,False
69.857,True,0.115,0.452,0.289,True,False,-162.0,4.4,-6.2,False,False
69.889,True,0.22,0.453,0.294,True,False,-161.5,5.1,-6.2,False,False
69.924,True,0.252,0.454,0.3,True,False,-160.8,4.6,-5.9,False,False
69.956,True,0.263,0.453,0.3,False,False,-160.2,4.5,-6.0,False,False
69.993,True,0.275,0.453,0.3,False,False,-160.7,4.3,-6.3,False,False
70.022,True,0.284,0.454,0.3,False,False,-160.6,5.0,-6.0,False,False
70.05,True,0.29,0.454,0.3,False,False,-160.7,4.9,-6.0,False,False
70.083,True,0.294,0.453,0.3,False,False,-160.8,4.5,-6.1,False,False
70.116,True,0.295,0.453,0.3,False,False,-160.2,4.7,-5.9,False,False
70.153,True,0.296,0.454,0.3,False,False,-160.2,4.6,-5.9,False,False
70.183,True,0.278,0.453,0.3,False,False,-160.5,5.0,-5.8,False,False
70.232,True,0.087,0.453,0.306,True,False,-161.4,4.0,-5.7,False,False
70.259,True,0.048,0.454,0.311,True,False,-160.4,4.1,-5.9,False,False
70.292,True,0.057,0.454,0.317,True,False,-160.2,4.1,-5.9,False,False
70.323,True,0.202,0.454,0.322,True,False,-162.2,4.6,-6.2,False,False
70.355,True,0.246,0.455,0.328,True,False,-160.4,4.8,-5.9,False,False
70.387,True,0.261,0.453,0.328,False,False,-160.6,5.0,-5.9,False,False
70.422,True,0.27,0.454,0.328,False,False,-160.8,5.6,-5.9,False,False
70.451,True,0.274,0.453,0.328,False,False,-160.9,5.1,-6.0,False,False
70.487,True,0.234,0.454,0.333,True,False,-161.5,5.5,-6.1,False,False
70.516,True,0.054,0.456,0.339,True,False,-160.4,4.3,-6.0,False,False
70.545,True,0.046,0.455,0.344,True,False,-159.7,4.1,-6.0,False,False
70.587,True,0.055,0.453,0.35,True,False,-160.2,4.3,-6.1,False,False
70.63,True,0.153,0.455,0.356,True,False,-161.1,4.3,-6.5,False,False
70.667,True,0.238,0.453,0.361,True,False,-161.3,4.9,-6.3,False,False
70.696,True,0.258,0.454,0.361,False,False,-160.9,5.7,-6.1,False,False
70.728,True,0.269,0.455,0.361,False,False,-160.5,5.2,-5.9,False,False
70.759,True,0.274,0.455,0.361,False,False,-160.5,5.5,-6.0,False,False
70.795,True,0.277,0.454,0.361,False,False,-160.3,5.1,-5.8,False,False
70.827,True,0.278,0.455,0.361,False,False,-160.4,5.5,-5.9,False,False
70.855,True,0.284,0.454,0.361,False,False,-160.2,5.6,-5.9,False,False
70.887,True,0.285,0.453,0.361,False,False,-160.1,5.2,-5.9,False,False
70.917,True,0.295,0.454,0.361,False,False,-159.9,5.4,-5.9,False,False
70.946,True,0.293,0.455,0.361,False,False,-159.8,5.1,-5.9,False,False
70.978,True,0.292,0.454,0.361,False,False,-160.2,4.6,-6.0,False,False
71.028,True,0.294,0.454,0.361,False,False,-159.8,4.9,-6.0,False,False
71.065,True,0.299,0.454,0.361,False,False,-160.0,5.0,-5.9,False,False
71.089,True,0.299,0.455,0.361,False,False,-160.2,4.8,-5.9,False,False
71.123,True,0.301,0.453,0.361,False,False,-160.2,5.2,-5.8,False,False
71.156,True,0.304,0.456,0.361,False,False,-160.0,5.3,-5.8,False,False
71.193,True,0.305,0.455,0.361,False,False,-159.7,5.6,-5.7,False,False
71.223,True,0.3,0.454,0.361,False,False,-160.1,5.1,-5.9,False,False
71.249,True,0.302,0.455,0.361,False,False,-160.2,5.1,-6.0,False,False
71.283,True,0.3,0.454,0.361,False,False,-160.2,5.5,-5.9,False,False
71.32,True,0.301,0.455,0.361,False,False,-159.7,5.1,-5.8,False,False
71.346,True,0.305,0.455,0.361,False,False,-159.6,5.0,-5.9,False,False
71.381,True,0.305,0.455,0.361,False,False,-159.6,5.4,-5.7,False,False
71.427,True,0.305,0.454,0.361,False,False,-159.6,5.3,-5.6,False,False
71.462,True,0.304,0.456,0.361,False,False,-159.6,5.0,-5.7,False,False
71.498,True,0.307,0.456,0.361,False,False,-159.7,4.6,-5.7,False,False
71.524,True,0.312,0.454,0.361,False,False,-160.1,5.1,-5.7,False,False
71.552,True,0.31,0.456,0.361,False,False,-159.8,4.9,-5.7,False,False
71.586,True,0.314,0.456,0.361,False,False,-159.7,5.1,-5.7,False,False
71.623,True,0.312,0.455,0.361,False,False,-159.8,5.2,-5.7,False,False
71.654,True,0.305,0.455,0.361,False,False,-159.9,4.8,-5.8,False,False
71.682,True,0.312,0.454,0.361,False,False,-159.9,4.7,-5.8,False,False
71.719,True,0.312,0.455,0.361,False,False,-160.0,5.4,-5.7,False,False
71.744,True,0.307,0.456,0.361,False,False,-160.1,4.9,-5.8,False,False
71.779,True,0.306,0.456,0.361,False,False,-160.3,5.1,-5.7,False,False
71.827,True,0.305,0.457,0.361,False,False,-160.1,5.2,-5.7,False,False
71.859,True,0.302,0.457,0.361,False,False,-160.0,5.2,-5.6,False,False
71.891,True,0.304,0.456,0.361,False,False,-159.9,5.3,-5.6,False,False
71.929,True,0.304,0.456,0.361,False,False,-160.5,5.4,-5.6,False,False
71.961,True,0.304,0.456,0.361,False,False,-160.2,5.0,-5.6,False,False
71.992,True,0.306,0.456,0.361,False,False,-160.1,5.1,-5.6,False,False
72.021,True,0.304,0.456,0.361,False,False,-160.3,5.1,-5.5,False,False
72.055,True,0.305,0.457,0.361,False,False,-160.4,5.4,-5.6,False,False
72.09,True,0.304,0.456,0.361,False,False,-160.4,5.1,-5.6,False,False
72.119,True,0.302,0.456,0.361,False,False,-160.5,5.4,-5.6,False,False
72.147,True,0.3,0.456,0.361,False,False,-160.3,5.5,-5.6,False,False
72.182,True,0.304,0.456,0.361,False,False,-160.5,5.5,-5.5,False,False
72.232,True,0.304,0.455,0.361,False,False,-160.6,5.4,-5.5,False,False
72.265,True,0.302,0.454,0.361,False,False,-160.5,5.0,-5.5,False,False
72.295,True,0.3,0.455,0.361,False,False,-160.1,5.4,-5.4,False,False
72.327,True,0.293,0.456,0.361,False,False,-160.0,4.7,-5.6,False,False
72.361,True,0.292,0.456,0.361,False,False,-160.0,4.8,-5.5,False,False
72.389,True,0.293,0.454,0.361,False,False,-159.6,4.8,-5.5,False,False
72.43,True,0.299,0.454,0.361,False,False,-159.9,5.1,-5.3,False,False
72.46,True,0.298,0.454,0.361,False,False,-159.4,5.1,-5.3,False,False
72.49,True,0.301,0.454,0.361,False,False,-159.5,5.1,-5.4,False,False
72.525,True,0.3,0.455,0.361,False,False,-159.5,5.2,-5.4,False,False
72.553,True,0.304,0.453,0.361,False,False,-159.7,5.0,-5.5,False,False
72.577,True,0.299,0.454,0.361,False,False,-159.4,5.0,-5.5,False,False
72.623,True,0.303,0.454,0.361,False,False,-159.9,5.1,-5.7,False,False
72.657,True,0.302,0.455,0.361,False,False,-159.6,5.5,-5.5,False,False
72.697,True,0.308,0.456,0.361,False,False,-159.2,5.2,-5.6,False,False
72.726,True,0.297,0.454,0.361,False,False,-159.3,5.4,-5.5,False,False
72.753,True,0.291,0.453,0.361,False,False,-159.7,4.9,-5.8,False,False
72.785,True,0.305,0.455,0.361,False,False,-157.8,4.4,-5.1,False,False
72.82,True,0.32,0.456,0.361,False,False,-157.3,4.3,-5.6,False,False
72.851,True,0.317,0.455,0.361,False,False,-156.3,5.0,-5.1,False,False
72.885,True,0.322,0.461,0.361,False,False,-155.0,6.5,-4.6,False,False
72.92,True,0.322,0.456,0.361,False,False,-154.3,6.2,-4.3,False,False
72.945,True,0.318,0.462,0.361,False,False,-153.8,6.2,-4.7,False,False
72.977,True,0.301,0.464,0.361,False,False,-153.7,5.8,-4.5,False,False
73.026,True,0.308,0.464,0.361,False,False,-153.4,5.5,-4.6,False,False
73.058,True,0.304,0.464,0.361,False,False,-153.4,5.9,-4.6,False,False
73.097,True,0.304,0.465,0.361,False,False,-153.2,5.9,-4.5,False,False
73.128,True,0.305,0.462,0.361,False,False,-153.4,6.1,-4.3,False,False
73.155,True,0.301,0.464,0.361,False,False,-152.8,5.5,-4.3,False,False
73.185,True,0.299,0.465,0.361,False,False,-152.9,5.5,-4.4,False,False
73.221,True,0.301,0.464,0.361,False,False,-152.9,5.6,-4.2,False,False
73.251,True,0.302,0.464,0.356,False,False,-153.4,5.4,-4.4,False,False
73.288,True,0.3,0.464,0.35,False,False,-153.1,5.1,-4.4,False,False
73.321,True,0.297,0.465,0.344,False,False,-153.3,5.3,-4.3,False,False
73.347,True,0.302,0.464,0.339,False,False,-153.4,5.5,-4.3,False,False
73.379,True,0.303,0.464,0.333,False,False,-152.9,4.7,-4.4,False,False
73.425,True,0.309,0.464,0.328,False,False,-152.9,5.0,-4.4,False,False
73.459,True,0.309,0.462,0.322,False,False,-152.8,5.3,-4.4,False,False
73.489,True,0.308,0.465,0.317,False,False,-152.7,5.0,-4.4,False,False
73.527,True,0.307,0.465,0.311,False,False,-152.8,5.3,-4.3,False,False
73.561,True,0.312,0.465,0.306,False,False,-152.6,5.2,-4.2,False,False
73.588,True,0.316,0.464,0.3,False,False,-152.3,5.3,-4.4,False,False
73.621,True,0.314,0.463,0.294,False,False,-152.5,5.3,-4.3,False,False
73.65,True,0.314,0.463,0.289,False,False,-152.5,5.7,-4.3,False,False
73.682,True,0.316,0.464,0.283,False,False,-152.3,5.4,-4.3,False,False
73.721,True,0.317,0.465,0.278,False,False,-151.7,5.5,-4.3,False,False
73.745,True,0.311,0.462,0.272,False,False,-152.0,5.9,-4.2,False,False
73.785,True,0.316,0.461,0.267,False,False,-151.7,6.1,-4.1,False,False
73.816,True,0.299,0.466,0.261,False,False,-150.1,4.8,-3.9,False,False
73.865,True,0.292,0.464,0.256,False,False,-148.9,4.6,-4.3,False,False
73.892,True,0.299,0.465,0.25,False,False,-146.8,5.2,-4.4,False,False
73.927,True,0.303,0.464,0.244,False,False,-145.9,5.5,-4.6,False,False
73.96,True,0.298,0.46,0.239,False,False,-146.1,5.2,-4.9,False,False
73.988,True,0.298,0.462,0.233,False,False,-144.2,4.6,-4.4,False,False
74.021,True,0.303,0.468,0.228,False,False,-145.2,5.0,-4.7,False,False
74.048,True,0.299,0.464,0.222,False,False,-144.6,5.5,-4.5,False,False
74.085,True,0.295,0.467,0.217,False,False,-145.2,5.5,-4.5,False,False
74.121,True,0.299,0.464,0.211,False,False,-145.0,5.6,-4.5,False,False
74.147,True,0.294,0.463,0.206,False,False,-145.2,5.3,-4.4,False,False
74.184,True,0.297,0.466,0.2,False,False,-145.4,5.9,-4.6,False,False
74.209,True,0.297,0.468,0.194,False,False,-145.2,5.8,-4.4,False,False
74.261,True,0.295,0.468,0.189,False,False,-145.9,5.4,-4.4,False,False
74.292,True,0.296,0.468,0.183,False,False,-145.9,6.0,-4.5,False,False
74.322,True,0.295,0.468,0.178,False,False,-145.0,5.7,-4.4,False,False
74.352,True,0.294,0.467,0.172,False,False,-145.4,5.4,-4.4,False,False
74.386,True,0.294,0.47,0.167,False,False,-145.2,5.1,-4.3,False,False
74.422,True,0.291,0.47,0.161,False,False,-145.6,4.8,-4.3,False,False
74.455,True,0.299,0.469,0.156,False,False,-145.0,5.3,-4.4,False,False
74.481,True,0.298,0.471,0.15,False,False,-145.7,4.9,-4.4,False,False
74.522,True,0.297,0.469,0.144,False,False,-145.8,5.2,-4.4,False,False
74.546,True,0.301,0.472,0.139,False,False,-145.7,4.8,-4.4,False,False
74.579,True,0.302,0.472,0.133,False,False,-145.3,4.9,-4.4,False,False
74.61,True,0.297,0.472,0.128,False,False,-145.4,4.5,-4.3,False,False
74.659,True,0.298,0.47,0.122,False,False,-144.9,5.0,-4.4,False,False
74.697,True,0.296,0.472,0.117,False,False,-145.1,4.4,-4.4,False,False
74.724,True,0.3,0.469,0.111,False,False,-145.2,4.4,-4.4,False,False
74.76,True,0.296,0.467,0.106,False,False,-145.1,4.6,-4.5,False,False
74.786,True,0.299,0.468,0.1,False,False,-144.9,4.6,-4.4,False,False
74.822,True,0.3,0.469,0.094,False,False,-144.8,4.6,-4.2,False,False
74.852,True,0.297,0.47,0.094,False,False,-145.1,4.5,-4.3,False,False
74.891,True,0.297,0.468,0.094,False,False,-145.1,4.5,-4.3,False,False
74.913,True,0.3,0.468,0.094,False,False,-145.7,4.8,-4.6,False,False
74.944,True,0.302,0.469,0.094,False,False,-145.7,5.3,-4.4,False,False
74.979,True,0.301,0.469,0.094,False,False,-145.5,5.2,-4.3,False,False
75.016,True,0.303,0.468,0.094,False,False,-145.7,4.6,-4.2,False,False
75.059,True,0.302,0.468,0.094,False,False,-145.4,4.8,-4.2,False,False
75.097,True,0.295,0.469,0.094,False,False,-145.5,5.2,-4.2,False,False
75.128,True,0.299,0.469,0.094,False,False,-145.5,5.1,-4.4,False,False
75.156,True,0.296,0.47,0.094,False,False,-145.5,5.2,-4.4,False,False
75.185,True,0.295,0.471,0.094,False,False,-145.8,5.3,-4.4,False,False
75.222,True,0.297,0.468,0.094,False,False,-145.5,5.3,-4.5,False,False
75.249,True,0.293,0.469,0.094,False,False,-145.6,5.3,-4.6,False,False
75.28,True,0.296,0.468,0.094,False,False,-144.8,4.9,-4.4,False,False
75.314,True,0.292,0.467,0.094,False,False,-144.2,5.0,-4.1,False,False
75.342,True,0.294,0.467,0.094,False,False,-143.8,4.5,-4.1,False,False
75.376,True,0.3,0.462,0.094,False,False,-143.4,5.3,-4.2,False,False
75.41,True,0.3,0.46,0.094,False,False,-142.1,5.1,-4.3,False,False
75.457,True,0.302,0.462,0.094,False,False,-142.2,5.3,-4.2,False,False
75.491,True,0.303,0.461,0.094,False,False,-140.8,5.7,-4.9,False,False
75.522,True,0.312,0.46,0.094,False,False,-140.2,6.2,-4.6,False,False
75.553,True,0.303,0.454,0.094,False,False,-141.4,7.5,-4.4,False,False
75.584,True,0.311,0.458,0.094,False,False,-142.2,6.4,-4.0,False,False
75.627,True,0.308,0.46,0.094,False,False,-143.6,7.5,-3.7,False,False
75.651,True,0.302,0.454,0.094,False,False,-143.5,7.5,-3.9,False,False
75.688,True,0.313,0.458,0.094,False,False,-134.0,7.5,176.9,False,False
75.712,True,0.302,0.464,0.094,False,False,-134.8,7.8,176.8,False,False
75.748,True,0.304,0.468,0.089,False,False,-140.3,7.7,176.5,False,False
75.781,True,0.307,0.457,0.083,False,False,-134.7,8.8,176.9,False,False
75.812,True,0.302,0.456,0.078,False,False,-134.0,9.5,177.1,False,False
75.857,True,0.299,0.459,0.072,False,False,-133.9,8.3,176.9,False,False
75.895,True,0.297,0.458,0.067,False,False,-133.2,8.0,176.9,False,False
75.923,True,0.304,0.454,0.061,False,False,-131.5,7.8,177.1,False,False
75.955,True,0.304,0.452,0.061,False,False,-131.7,7.9,177.0,False,False
75.985,True,0.301,0.455,0.061,False,False,-131.7,7.4,176.9,False,False
76.023,True,0.293,0.456,0.061,False,False,-130.4,7.3,177.0,False,False
76.049,True,0.3,0.458,0.061,False,False,-130.9,7.3,176.8,False,False
76.086,True,0.301,0.457,0.061,False,False,-131.8,6.8,177.0,False,False
76.114,True,0.303,0.453,0.061,False,False,-142.2,8.1,-4.1,False,False
76.147,True,0.308,0.461,0.061,False,False,-130.9,6.7,176.6,False,False
76.176,True,0.305,0.458,0.061,False,False,-130.4,6.5,176.9,False,False
76.208,True,0.3,0.458,0.056,False,False,-140.6,6.3,-4.2,False,False
76.257,True,0.297,0.461,0.05,False,False,-141.1,7.3,-4.3,False,False
76.288,True,0.293,0.458,0.044,False,False,-129.7,6.7,176.6,False,False
76.327,True,0.299,0.456,0.039,False,False,-140.8,7.4,-4.2,False,False
76.363,True,0.297,0.463,0.033,False,False,-131.8,5.7,176.6,False,False
76.384,True,0.298,0.459,0.033,False,False,-130.0,6.3,176.6,False,False
76.423,True,0.296,0.458,0.033,False,False,-131.1,6.1,176.3,False,False
76.449,True,0.302,0.459,0.033,False,False,-130.2,6.1,176.3,False,False
76.481,True,0.305,0.456,0.028,False,False,-129.6,6.7,176.3,False,False
76.517,True,0.306,0.453,0.022,False,False,-140.4,7.1,-4.6,False,False
76.547,True,0.297,0.455,0.017,False,False,-140.5,7.2,-4.6,False,False
76.576,True,0.3,0.452,0.011,False,False,-141.2,7.6,-4.3,False,False
76.615,True,0.296,0.451,0.006,False,False,-140.4,8.1,-4.1,False,False
76.656,True,0.303,0.449,0.0,False,False,-140.3,8.1,-4.0,False,False
76.689,True,0.301,0.45,0.0,False,False,-140.6,7.9,-4.0,False,False
76.724,True,0.301,0.45,0.0,False,False,-140.3,6.7,-4.0,False,False
76.752,True,0.307,0.452,0.0,False,False,-139.9,6.5,-4.0,False,False
76.787,True,0.304,0.454,0.0,False,False,-140.2,6.5,-4.2,False,False
76.824,True,0.299,0.455,0.0,False,False,-140.2,7.0,-4.1,False,False
76.849,True,0.302,0.455,0.0,False,False,-141.1,6.4,-4.0,False,False
76.881,True,0.296,0.455,0.0,False,False,-129.7,7.1,177.0,False,False
76.917,True,0.294,0.457,0.0,False,False,-141.1,7.6,-3.9,False,False
76.947,True,0.296,0.455,0.0,False,False,-140.5,7.7,-3.8,False,False
76.976,True,0.299,0.456,0.0,False,False,-140.3,7.0,-3.7,False,False
77.009,True,0.298,0.458,0.0,False,False,-140.5,7.0,-3.8,False,False
77.062,True,0.299,0.458,0.0,False,False,-139.6,5.5,-3.8,False,False
77.095,True,0.303,0.458,0.0,False,False,-140.6,6.3,-3.9,False,False
77.125,True,0.303,0.454,0.0,False,False,-140.5,6.1,-3.8,False,False
77.153,True,0.301,0.454,0.0,False,False,-140.5,5.7,-3.9,False,False
77.185,True,0.293,0.458,0.0,False,False,-139.9,5.8,-4.0,False,False
77.225,True,0.295,0.458,0.0,False,False,-140.2,7.0,-3.6,False,False
77.252,True,0.305,0.455,0.0,False,False,-140.2,7.0,-3.7,False,False
77.281,True,0.306,0.455,0.0,False,False,-140.9,7.3,-4.1,False,False
77.312,True,0.313,0.459,0.0,False,False,-143.3,9.3,-4.0,False,False
77.345,True,0.307,0.459,0.0,False,False,-143.1,9.0,-4.2,False,False
77.377,True,0.313,0.462,0.0,False,False,-143.6,7.6,-4.3,False,False
77.41,True,0.311,0.461,0.0,False,False,-144.1,7.2,-4.1,False,False
77.462,True,0.314,0.459,0.0,False,False,-144.3,7.0,-4.2,False,False
77.489,True,0.305,0.458,0.0,False,False,-145.3,8.0,-4.0,False,False
77.525,True,0.3,0.466,0.0,False,False,-148.4,7.4,-4.0,False,False
77.554,True,0.314,0.464,0.0,False,False,-150.2,7.5,-3.9,False,False
77.586,True,0.334,0.464,0.0,False,False,-150.3,7.3,-4.1,False,False
77.625,True,0.324,0.469,0.0,False,False,-151.5,7.3,-4.1,False,False
77.653,True,0.328,0.464,0.0,False,False,-151.9,6.8,-4.5,False,False
77.681,True,0.332,0.465,0.0,False,False,-153.7,7.8,-4.3,False,False
77.713,True,0.336,0.462,0.0,False,False,-154.8,6.9,-4.7,False,False
77.746,True,0.334,0.46,0.0,False,False,-155.3,6.7,-4.4,False,False
77.78,True,0.344,0.46,0.0,False,False,-155.7,7.0,-4.4,False,False
77.81,True,0.332,0.454,0.0,False,False,-155.9,6.4,-5.0,False,False
77.859,True,0.345,0.459,0.0,False,False,-157.5,6.2,-5.1,False,False
77.888,True,0.345,0.453,0.0,False,False,-159.5,7.0,-5.2,False,False
77.926,True,0.34,0.455,0.0,False,False,-158.7,5.0,-5.4,False,False
77.96,True,0.348,0.454,0.0,False,False,-159.4,5.7,-5.6,False,False
77.988,True,0.329,0.457,0.0,False,False,-160.1,6.0,-5.6,False,False
78.016,True,0.332,0.454,0.0,False,False,-160.9,5.9,-5.8,False,False
78.049,True,0.326,0.456,0.0,False,False,-160.5,5.9,-5.9,False,False
78.08,True,0.328,0.455,0.0,False,False,-161.1,5.0,-6.0,False,False
78.112,True,0.333,0.455,0.0,False,False,-162.3,4.4,-6.2,False,False
78.146,True,0.319,0.455,0.0,False,False,-161.6,4.6,-6.0,False,False
78.174,True,0.317,0.457,0.0,False,False,-163.7,4.3,-6.2,False,False
78.209,True,0.302,0.453,0.0,False,False,-164.0,4.9,-6.3,False,False
78.257,True,0.298,0.456,0.0,False,False,-165.5,4.7,-6.2,False,False
78.288,True,0.304,0.457,0.0,False,False,-165.4,5.0,-6.2,False,False
78.326,True,0.294,0.453,0.0,False,False,-167.6,5.6,-6.3,False,False
78.353,True,0.293,0.491,0.0,False,False,-169.1,5.3,-6.6,False,False
78.385,True,0.298,0.52,0.0,False,False,-172.4,2.8,-7.3,False,False
78.417,True,0.305,0.582,0.0,False,False,-174.2,3.9,-7.3,True,True
78.449,True,0.312,0.642,0.0,False,False,-175.0,6.6,-7.3,True,True
78.481,True,0.299,0.676,0.0,False,False,-176.1,6.0,-7.3,True,True
78.52,True,0.308,0.706,0.0,False,False,-176.8,6.7,-7.1,True,True
78.544,True,0.3,0.714,0.0,False,False,-177.5,8.2,-7.2,True,True
78.577,True,0.284,0.719,0.0,False,True,-179.1,8.0,-7.3,True,True
78.608,True,0.291,0.743,0.0,False,True,179.7,8.5,-7.4,True,True
78.657,True,0.292,0.744,0.0,False,True,179.7,8.8,-7.5,True,True
78.689,True,0.282,0.747,0.0,False,True,179.4,8.7,-7.3,True,True
78.727,True,0.286,0.763,0.0,False,True,179.6,8.4,-7.4,True,True
78.762,True,0.284,0.744,0.0,False,True,179.5,7.2,-7.2,True,True
78.792,True,0.284,0.683,0.0,False,True,-179.8,6.7,-7.1,True,True
78.82,True,0.286,0.631,0.0,False,True,-179.0,5.1,-7.1,True,True
78.85,True,0.289,0.543,0.0,False,True,-176.9,4.6,-6.9,True,True
78.883,True,0.281,0.502,0.0,False,True,-174.1,5.1,-6.9,True,True
78.92,True,0.278,0.469,0.0,False,False,-171.3,4.4,-6.5,True,True
78.95,True,0.286,0.453,0.0,False,False,-170.1,3.3,-6.6,True,True
78.982,True,0.283,0.451,0.0,False,False,-170.3,3.1,-6.5,True,True
79.015,True,0.293,0.451,0.0,False,False,-168.8,2.4,-6.5,True,True
79.06,True,0.301,0.453,0.0,False,False,-168.2,2.7,-6.6,True,True
79.09,True,0.296,0.454,0.0,False,False,-167.5,3.1,-6.5,True,True
79.12,True,0.298,0.453,0.0,False,False,-168.4,2.9,-6.5,True,True
79.16,True,0.294,0.452,0.0,False,False,-168.1,3.4,-6.4,True,True
79.19,True,0.292,0.453,0.0,False,False,-168.4,3.1,-6.5,True,True
79.22,True,0.292,0.454,0.0,False,False,-168.0,3.3,-6.5,True,True
79.25,True,0.294,0.454,0.0,False,False,-167.8,3.4,-6.6,True,True
79.28,True,0.295,0.454,0.0,False,False,-167.7,3.4,-6.7,True,True
79.318,True,0.3,0.454,0.0,False,False,-167.1,3.8,-6.6,True,True
79.35,True,0.297,0.453,0.0,False,False,-167.1,3.8,-6.5,True,True
79.38,True,0.296,0.453,0.0,False,False,-167.4,3.6,-6.7,True,True
79.412,True,0.304,0.454,0.0,False,False,-167.2,3.7,-6.5,True,True
79.46,True,0.306,0.454,0.0,False,False,-167.8,3.8,-6.4,True,True
79.494,True,0.305,0.451,0.0,False,False,-167.4,3.5,-6.6,True,True
79.52,True,0.306,0.452,0.0,False,False,-167.6,3.5,-6.6,True,True
79.56,True,0.306,0.453,0.0,False,False,-167.2,3.4,-6.6,True,True
79.59,True,0.304,0.452,0.0,False,False,-167.0,3.4,-6.4,True,True
79.62,True,0.311,0.455,0.0,False,False,-166.6,3.9,-6.5,True,True
79.65,True,0.313,0.453,0.0,False,False,-166.7,4.4,-6.4,True,True
79.687,True,0.312,0.453,0.0,False,False,-165.9,4.7,-6.4,True,True
79.72,True,0.308,0.453,0.0,False,False,-165.7,4.8,-6.4,True,True
79.75,True,0.302,0.452,0.0,False,False,-166.4,4.9,-6.3,True,True
79.78,True,0.304,0.454,0.0,False,False,-166.1,4.7,-6.4,True,True
79.81,True,0.301,0.454,0.0,False,False,-166.2,5.0,-6.5,True,True
79.86,True,0.303,0.454,0.0,False,False,-166.4,4.8,-6.5,True,True
79.895,True,0.304,0.453,0.0,False,False,-166.0,4.9,-6.6,True,True
79.922,True,0.313,0.453,0.0,False,False,-165.7,5.4,-6.4,True,True
79.96,True,0.31,0.453,0.0,False,False,-166.0,5.2,-6.5,True,True
79.99,True,0.31,0.454,0.0,False,False,-165.7,4.9,-6.5,True,True
80.02,True,0.309,0.454,0.0,False,False,-165.5,5.2,-6.4,True,True
80.052,True,0.312,0.455,0.0,False,False,-165.5,5.2,-6.5,True,True
80.085,True,0.31,0.455,0.0,False,False,-165.5,5.3,-6.4,True,True
80.12,True,0.307,0.455,0.0,False,False,-165.5,5.6,-6.3,True,True
80.15,True,0.305,0.454,0.0,False,False,-165.3,5.4,-6.3,True,True
80.18,True,0.305,0.455,0.0,False,False,-164.8,5.1,-6.5,True,True
80.214,True,0.308,0.456,0.0,False,False,-165.1,5.3,-6.3,True,True
80.26,True,0.307,0.456,0.0,False,False,-164.7,5.1,-6.4,True,True
80.29,True,0.305,0.455,0.0,False,False,-165.1,5.6,-6.3,True,True
80.322,True,0.306,0.455,0.0,False,False,-164.8,5.8,-6.3,True,True
80.36,True,0.305,0.455,0.0,False,False,-164.9,5.6,-6.4,True,True
80.39,True,0.305,0.456,0.0,False,False,-165.0,5.6,-6.3,True,True
80.42,True,0.31,0.455,0.0,False,False,-165.0,5.4,-6.5,True,True
80.45,True,0.311,0.455,0.0,False,False,-164.8,5.1,-6.3,True,True
80.49,True,0.304,0.457,0.0,False,False,-164.7,5.3,-6.4,True,True
80.52,True,0.304,0.456,0.0,False,False,-164.9,5.3,-6.4,True,True
80.55,True,0.304,0.455,0.0,False,False,-165.1,5.2,-6.5,True,True
80.58,True,0.303,0.457,0.0,False,False,-164.6,5.4,-6.3,True,True
80.61,True,0.308,0.455,0.0,False,False,-165.1,5.7,-6.4,True,True
80.66,True,0.304,0.456,0.0,False,False,-165.0,5.7,-6.3,True,True
80.69,True,0.306,0.456,0.0,False,False,-164.9,5.6,-6.3,True,True
80.726,True,0.311,0.455,0.0,False,False,-165.2,5.5,-6.4,True,True
80.76,True,0.314,0.457,0.0,False,False,-165.2,5.7,-6.2,True,True
80.792,True,0.316,0.457,0.0,False,False,-164.9,5.7,-6.3,True,True
80.823,True,0.312,0.457,0.0,False,False,-165.1,5.8,-6.3,True,True
80.852,True,0.308,0.456,0.0,False,False,-165.1,5.5,-6.4,True,True
80.88,True,0.31,0.456,0.0,False,False,-164.9,5.4,-6.4,True,True
80.92,True,0.31,0.456,0.0,False,False,-164.3,5.4,-6.4,True,True
80.952,True,0.307,0.455,0.0,False,False,-164.6,5.5,-6.4,True,True
80.98,True,0.309,0.455,0.0,False,False,-164.4,5.6,-6.4,True,True
81.01,True,0.309,0.456,0.0,False,False,-164.2,5.3,-6.3,True,True
81.06,True,0.309,0.455,0.0,False,False,-164.4,5.6,-6.4,True,True
81.09,True,0.308,0.456,0.0,False,False,-164.5,5.6,-6.3,True,True
81.122,True,0.307,0.455,0.0,False,False,-164.9,5.3,-6.4,True,True
81.16,True,0.306,0.455,0.0,False,False,-164.6,5.6,-6.4,True,True
81.192,True,0.302,0.457,0.0,False,False,-164.2,5.5,-6.4,True,True
81.22,True,0.299,0.455,0.0,False,False,-164.1,5.1,-6.5,True,True
81.256,True,0.307,0.456,0.0,False,False,-164.4,5.1,-6.5,True,True
81.29,True,0.307,0.455,0.0,False,False,-164.4,5.3,-6.3,True,True
81.325,True,0.305,0.456,0.0,False,False,-164.5,4.9,-6.4,True,True
81.353,True,0.302,0.456,0.0,False,False,-164.7,4.8,-6.5,True,True
81.383,True,0.302,0.456,0.0,False,False,-164.5,5.5,-6.3,True,True
81.416,True,0.299,0.455,0.0,False,False,-164.5,5.9,-6.3,True,True
81.464,True,0.304,0.456,0.0,False,False,-164.3,5.6,-6.4,True,True
81.497,True,0.307,0.458,0.0,False,False,-164.1,5.6,-6.4,True,True
81.53,True,0.302,0.456,0.0,False,False,-164.4,5.7,-6.4,True,True
81.562,True,0.3,0.456,0.0,False,False,-164.4,6.0,-6.4,True,True
81.594,True,0.303,0.457,0.0,False,False,-164.3,6.3,-6.4,True,True
81.623,True,0.3,0.456,0.0,False,False,-164.2,5.9,-6.4,True,True
81.657,True,0.3,0.456,0.0,False,False,-164.4,6.2,-6.4,True,True
81.684,True,0.299,0.457,0.0,False,False,-164.5,6.1,-6.5,True,True
81.72,True,0.302,0.457,0.0,False,False,-164.4,5.9,-6.6,True,True
81.752,True,0.299,0.457,0.0,False,False,-164.3,5.9,-6.7,True,True
81.783,True,0.303,0.456,0.0,False,False,-164.2,6.3,-6.7,True,True
81.816,True,0.304,0.455,0.0,False,False,-164.6,6.4,-6.7,True,True
81.865,True,0.304,0.455,0.0,False,False,-164.2,6.3,-6.6,True,True
81.895,True,0.305,0.456,0.0,False,False,-164.4,6.6,-6.5,True,True
81.929,True,0.304,0.456,0.0,False,False,-163.9,7.2,-6.5,True,True
81.96,True,0.299,0.456,0.0,False,False,-163.6,6.9,-6.4,True,True
81.991,True,0.299,0.456,0.0,False,False,-163.4,6.5,-6.6,True,True
82.024,True,0.294,0.455,0.0,False,False,-163.9,6.2,-6.8,True,True
82.05,True,0.304,0.455,0.0,False,False,-164.2,6.1,-6.7,True,True
82.09,True,0.301,0.455,0.0,False,False,-163.7,6.0,-6.7,True,True
82.12,True,0.3,0.454,0.0,False,False,-164.2,6.0,-6.7,True,True
82.15,True,0.301,0.455,0.0,False,False,-163.8,5.8,-6.6,True,True
82.184,True,0.298,0.454,0.0,False,False,-163.7,6.1,-6.6,True,True
82.213,True,0.306,0.454,0.0,False,False,-163.4,6.0,-6.6,True,True
82.261,True,0.301,0.454,0.0,False,False,-163.4,6.0,-6.7,True,True
82.295,True,0.297,0.454,0.0,False,False,-163.3,5.5,-6.7,True,True
82.323,True,0.301,0.455,0.0,False,False,-163.3,5.6,-6.6,True,True
82.36,True,0.299,0.457,0.0,False,False,-163.5,5.9,-6.6,True,True
82.39,True,0.301,0.458,0.0,False,False,-163.3,6.0,-6.5,True,True
82.422,True,0.303,0.457,0.0,False,False,-163.2,5.9,-6.5,True,True
82.45,True,0.305,0.457,0.0,False,False,-163.1,5.8,-6.6,True,True
82.483,True,0.303,0.457,0.0,False,False,-163.1,5.7,-6.6,True,True
82.52,True,0.306,0.457,0.0,False,False,-163.1,5.5,-6.6,True,True
82.55,True,0.307,0.456,0.0,False,False,-162.9,5.7,-6.5,False,False
82.58,True,0.303,0.455,0.0,False,False,-162.6,5.8,-6.5,False,False
82.612,True,0.304,0.457,0.0,False,False,-162.9,6.0,-6.5,False,False
82.66,True,0.306,0.457,0.0,False,False,-162.7,6.2,-6.5,False,False
82.69,True,0.305,0.456,0.0,False,False,-163.0,6.5,-6.5,False,False
82.73,True,0.305,0.457,0.0,False,False,-162.6,6.7,-6.5,False,False
82.76,True,0.304,0.455,0.0,False,False,-162.7,6.3,-6.6,False,False
82.79,True,0.305,0.456,0.0,False,False,-162.6,6.6,-6.6,False,False
82.82,True,0.306,0.457,0.0,False,False,-162.6,6.6,-6.6,False,False
82.852,True,0.302,0.457,0.0,False,False,-162.9,6.5,-6.6,False,False
82.89,True,0.301,0.456,0.0,False,False,-162.4,6.6,-6.5,False,False
82.921,True,0.3,0.456,0.0,False,False,-162.3,6.3,-6.7,False,False
82.953,True,0.299,0.458,0.0,False,False,-162.5,6.8,-6.6,False,False
82.98,True,0.304,0.457,0.0,False,False,-162.5,6.6,-6.6,False,False
83.01,True,0.304,0.458,0.0,False,False,-162.9,6.6,-6.6,False,False
83.06,True,0.305,0.457,0.0,False,False,-162.9,6.4,-6.7,False,False
83.09,True,0.304,0.456,0.0,False,False,-162.3,6.9,-6.5,False,False
83.121,True,0.305,0.456,0.0,False,False,-162.4,6.7,-6.5,False,False
83.16,True,0.303,0.457,0.0,False,False,-162.5,6.7,-6.6,False,False
83.192,True,0.303,0.456,0.0,False,False,-162.6,6.4,-6.7,False,False
83.22,True,0.292,0.456,0.0,False,False,-163.1,6.2,-6.7,False,False
83.254,True,0.277,0.457,0.0,False,False,-163.1,5.8,-6.7,False,False
83.286,True,0.281,0.455,0.0,False,False,-163.0,5.4,-6.7,False,False
83.32,True,0.288,0.454,0.0,False,False,-162.8,5.0,-6.5,False,False
83.35,True,0.281,0.456,0.0,False,False,-162.4,4.8,-6.6,False,False
83.38,True,0.275,0.452,0.0,False,False,-162.2,5.2,-6.5,False,False
83.41,True,0.288,0.45,0.0,False,False,-162.4,5.0,-6.5,False,False
83.45,True,0.283,0.449,0.0,False,False,-161.7,4.9,-6.4,False,False
83.497,True,0.279,0.452,0.0,False,False,-162.3,3.8,-6.2,False,False
83.53,True,0.295,0.451,0.0,False,False,-161.5,3.6,-6.1,False,False
83.56,True,0.293,0.454,0.0,False,False,-160.8,4.1,-6.3,False,False
83.59,True,0.297,0.451,0.0,False,False,-160.7,4.8,-6.2,False,False
83.621,True,0.3,0.451,0.0,False,False,-160.0,3.7,-6.2,False,False
83.654,True,0.3,0.451,0.0,False,False,-160.2,4.2,-6.0,False,False
83.69,True,0.302,0.451,0.0,False,False,-159.8,4.4,-5.9,False,False
83.72,True,0.308,0.452,0.0,False,False,-159.7,4.2,-5.9,False,False
83.75,True,0.306,0.454,0.0,False,False,-159.2,4.4,-5.7,False,False
83.78,True,0.307,0.454,0.0,False,False,-159.0,4.5,-5.7,False,False
83.816,True,0.302,0.455,0.0,False,False,-159.4,5.1,-5.6,False,False
83.847,True,0.302,0.455,0.0,False,False,-159.6,4.8,-5.7,False,False
83.89,True,0.301,0.456,0.0,False,False,-159.1,5.1,-5.7,False,False
83.927,True,0.299,0.456,0.0,False,False,-158.8,4.4,-5.7,False,False
83.96,True,0.295,0.456,0.0,False,False,-158.8,4.5,-5.8,False,False
83.99,True,0.295,0.455,0.0,False,False,-158.5,4.3,-5.7,False,False
84.02,True,0.293,0.454,0.0,False,False,-158.7,4.5,-5.7,False,False
84.055,True,0.294,0.454,0.0,False,False,-158.9,4.4,-5.5,False,False
84.089,True,0.29,0.455,0.0,False,False,-159.0,4.7,-5.5,False,False
84.12,True,0.289,0.456,0.0,False,False,-158.6,4.7,-5.6,False,False
84.15,True,0.292,0.456,0.0,False,False,-158.7,5.0,-5.5,False,False
84.18,True,0.293,0.456,0.0,False,False,-158.4,5.1,-5.5,False,False
84.21,True,0.292,0.457,0.0,False,False,-158.5,5.5,-5.5,False,False
84.25,True,0.294,0.454,0.0,False,False,-158.3,4.7,-5.7,False,False
84.294,True,0.289,0.456,0.0,False,False,-158.3,4.9,-5.6,False,False
84.323,True,0.288,0.457,0.0,False,False,-158.4,5.0,-5.7,False,False
84.36,True,0.295,0.457,0.0,False,False,-158.7,5.0,-5.7,False,False
84.39,True,0.295,0.457,0.0,False,False,-158.5,5.1,-5.7,False,False
84.426,True,0.296,0.455,0.0,False,False,-158.5,5.3,-5.7,False,False
84.454,True,0.295,0.457,0.0,False,False,-158.3,5.4,-5.7,False,False
84.483,True,0.297,0.456,0.0,False,False,-158.6,5.3,-5.6,False,False
84.52,True,0.292,0.456,0.0,False,False,-158.6,5.7,-5.6,False,False
84.55,True,0.29,0.456,0.0,False,False,-158.6,5.2,-5.7,False,False
84.58,True,0.291,0.456,0.0,False,False,-158.4,5.4,-5.5,False,False
84.62,True,0.293,0.457,0.0,False,False,-158.6,5.5,-5.5,False,False
84.65,True,0.292,0.457,0.0,False,False,-158.4,5.4,-5.5,False,False
84.69,True,0.293,0.457,0.0,False,False,-158.4,5.5,-5.4,False,False
84.728,True,0.295,0.457,0.0,False,False,-158.6,5.2,-5.7,False,False
84.766,True,0.292,0.457,0.0,False,False,-158.6,5.3,-5.7,False,False
84.79,True,0.292,0.457,0.0,False,False,-158.3,5.3,-5.6,False,False
84.82,True,0.292,0.458,0.0,False,False,-158.1,5.1,-5.6,False,False
84.855,True,0.292,0.458,0.0,False,False,-158.1,5.6,-5.5,False,False
84.882,True,0.29,0.456,0.0,False,False,-158.4,5.6,-5.6,False,False
84.914,True,0.291,0.457,0.0,False,False,-158.1,5.4,-5.6,False,False
84.955,True,0.295,0.456,0.0,False,False,-158.2,5.6,-5.6,False,False
84.984,True,0.292,0.456,0.0,False,False,-157.4,5.5,-5.5,False,False
85.013,True,0.292,0.456,0.0,False,False,-157.6,5.4,-5.6,False,False
85.05,True,0.291,0.456,0.0,False,False,-158.0,5.2,-5.6,False,False
85.089,True,0.291,0.456,0.0,False,False,-157.9,5.6,-5.5,False,False
85.121,True,0.289,0.456,0.0,False,False,-158.2,5.6,-5.6,False,False
85.161,True,0.291,0.455,0.0,False,False,-158.0,5.7,-5.6,False,False
85.186,True,0.293,0.456,0.0,False,False,-158.5,5.6,-5.6,False,False
85.217,True,0.295,0.456,0.0,False,False,-158.7,5.6,-5.5,False,False
85.249,True,0.294,0.455,0.0,False,False,-158.9,5.1,-5.7,False,False
85.285,True,0.295,0.457,0.0,False,False,-158.8,5.0,-5.6,False,False
85.315,True,0.294,0.456,0.0,False,False,-158.9,5.5,-5.6,False,False
85.348,True,0.297,0.455,0.0,False,False,-158.6,5.4,-5.6,False,False
85.377,True,0.29,0.457,0.0,False,False,-158.1,5.7,-5.5,False,False
85.409,True,0.295,0.457,0.0,False,False,-158.5,5.9,-5.5,False,False
85.446,True,0.295,0.457,0.0,False,False,-158.3,5.6,-5.6,False,False
85.49,True,0.304,0.457,0.0,False,False,-158.4,5.8,-5.6,False,False
85.522,True,0.301,0.456,0.0,False,False,-158.2,5.8,-5.7,False,False
85.554,True,0.301,0.457,0.0,False,False,-158.5,5.5,-5.5,False,False
85.583,True,0.304,0.457,0.0,False,False,-158.4,6.0,-5.5,False,False
85.623,True,0.306,0.456,0.0,False,False,-158.2,6.1,-5.5,False,False
85.655,True,0.304,0.456,0.0,False,False,-158.3,5.8,-5.5,False,False
85.681,True,0.301,0.456,0.0,False,False,-158.3,5.6,-5.6,False,False
85.713,True,0.3,0.458,0.0,False,False,-158.4,5.7,-5.6,False,False
85.746,True,0.3,0.456,0.0,False,False,-158.4,5.4,-5.6,False,False
85.781,True,0.3,0.456,0.0,False,False,-158.1,5.2,-5.6,False,False
85.808,True,0.296,0.456,0.0,False,False,-158.1,5.4,-5.6,False,False
85.846,True,0.294,0.456,0.0,False,False,-158.0,5.1,-5.6,False,False
85.889,True,0.276,0.456,0.0,False,False,-158.1,5.8,-5.5,False,False
85.922,True,0.187,0.457,0.006,True,False,-159.6,5.8,-5.7,False,False
85.952,True,0.075,0.456,0.011,True,False,-158.2,4.8,-5.5,False,False
85.991,True,0.069,0.457,0.017,True,False,-157.6,4.8,-5.6,False,False
86.017,True,0.117,0.457,0.022,True,False,-158.0,5.1,-5.6,False,False
86.047,True,0.211,0.458,0.028,True,False,-159.1,6.3,-5.8,False,False
86.082,True,0.229,0.457,0.033,True,False,-158.4,6.3,-5.7,False,False
86.113,True,0.246,0.458,0.039,True,False,-158.3,6.3,-5.6,False,False
86.147,True,0.256,0.458,0.044,True,False,-157.8,6.3,-5.6,False,False
86.177,True,0.264,0.458,0.044,False,False,-157.7,5.5,-5.5,False,False
86.21,True,0.276,0.458,0.044,False,False,-157.9,5.3,-5.5,False,False
86.246,True,0.281,0.457,0.044,False,False,-157.7,5.7,-5.5,False,False
86.289,True,0.288,0.456,0.044,False,False,-158.2,5.5,-5.5,False,False
86.325,True,0.29,0.457,0.044,False,False,-157.9,5.4,-5.5,False,False
86.357,True,0.304,0.456,0.044,False,False,-158.2,4.7,-5.9,False,False
86.389,True,0.312,0.458,0.044,False,False,-159.6,6.0,-5.7,False,False
86.423,True,0.301,0.457,0.044,False,False,-160.7,5.8,-5.5,False,False
86.452,True,0.313,0.456,0.044,False,False,-160.6,5.6,-5.4,False,False
86.483,True,0.305,0.457,0.044,False,False,-161.6,6.2,-5.5,False,False
86.516,True,0.284,0.455,0.044,False,False,-161.0,5.9,-5.7,False,False
86.547,True,0.22,0.454,0.05,True,False,-162.3,7.0,-5.6,False,False
86.577,True,0.136,0.454,0.056,True,False,-160.5,5.6,-5.4,False,False
86.612,True,0.176,0.456,0.061,True,False,-159.2,6.5,-5.4,False,False
86.647,True,0.239,0.455,0.067,True,False,-158.1,7.1,-5.4,False,False
86.69,True,0.274,0.457,0.067,False,False,-156.8,5.7,-5.3,False,False
86.721,True,0.274,0.459,0.067,False,False,-156.0,5.5,-5.3,False,False
86.753,True,0.301,0.457,0.067,False,False,-157.0,5.2,-5.2,False,False
86.785,True,0.316,0.456,0.067,False,False,-158.2,5.3,-5.2,False,False
86.824,True,0.313,0.457,0.067,False,False,-160.8,6.1,-5.1,False,False
86.851,True,0.317,0.454,0.067,False,False,-161.6,5.6,-5.1,False,False
86.882,True,0.312,0.454,0.067,False,False,-163.0,6.1,-5.2,False,False
86.916,True,0.312,0.456,0.067,False,False,-162.2,4.5,-5.3,False,False
86.947,True,0.309,0.456,0.067,False,False,-161.9,4.8,-5.4,False,False
86.98,True,0.289,0.453,0.067,False,False,-162.4,4.2,-5.8,False,False
87.011,True,0.304,0.452,0.067,False,False,-162.7,4.6,-5.8,False,False
87.048,True,0.305,0.453,0.067,False,False,-161.0,4.4,-5.6,False,False
87.087,True,0.315,0.453,0.067,False,False,-159.1,5.4,-5.1,False,False
87.122,True,0.295,0.455,0.067,False,False,-157.2,4.7,-5.2,False,False
87.153,True,0.298,0.455,0.067,False,False,-158.1,4.9,-5.3,False,False
87.192,True,0.299,0.455,0.067,False,False,-158.2,4.6,-5.3,False,False
87.219,True,0.321,0.452,0.067,False,False,-158.7,5.2,-5.0,False,False
87.26,True,0.325,0.455,0.067,False,False,-160.4,4.8,-5.3,False,False
87.29,True,0.317,0.454,0.067,False,False,-161.3,5.2,-5.1,False,False
87.316,True,0.305,0.454,0.067,False,False,-162.2,4.4,-4.7,False,False
87.352,True,0.314,0.454,0.067,False,False,-161.7,3.7,-4.7,False,False
87.386,True,0.32,0.459,0.067,False,False,-161.2,3.6,-4.8,False,False
87.418,True,0.309,0.458,0.067,False,False,-161.5,3.3,-5.0,False,False
87.448,True,0.306,0.456,0.067,False,False,-161.4,3.0,-5.0,False,False
87.492,True,0.299,0.453,0.067,False,False,-162.1,4.3,-5.0,False,False
87.521,True,0.299,0.453,0.067,False,False,-161.3,4.7,-5.2,False,False
87.555,True,0.3,0.453,0.067,False,False,-161.1,4.4,-5.3,False,False
87.588,True,0.301,0.452,0.067,False,False,-160.9,4.7,-5.2,False,False
87.618,True,0.305,0.451,0.067,False,False,-161.0,4.8,-5.2,False,False
87.649,True,0.3,0.451,0.067,False,False,-161.0,4.5,-5.1,False,False
87.685,True,0.299,0.452,0.067,False,False,-160.9,4.6,-5.0,False,False
87.715,True,0.295,0.454,0.067,False,False,-160.6,4.5,-5.0,False,False
87.749,True,0.298,0.454,0.067,False,False,-160.5,3.8,-5.0,False,False
87.779,True,0.299,0.452,0.067,False,False,-160.2,4.0,-5.0,False,False
87.809,True,0.301,0.452,0.067,False,False,-159.9,3.6,-5.1,False,False
87.849,True,0.295,0.454,0.067,False,False,-160.0,3.9,-5.1,False,False
87.889,True,0.302,0.455,0.067,False,False,-159.8,3.8,-5.1,False,False
87.923,True,0.296,0.454,0.067,False,False,-159.8,3.8,-5.3,False,False
87.953,True,0.302,0.454,0.067,False,False,-159.9,4.0,-5.2,False,False
87.985,True,0.295,0.454,0.067,False,False,-160.1,4.5,-5.1,False,False
88.017,True,0.292,0.455,0.067,False,False,-160.0,4.5,-5.2,False,False
88.049,True,0.289,0.455,0.067,False,False,-160.5,4.6,-5.2,False,False
88.081,True,0.286,0.455,0.067,False,False,-159.8,4.6,-5.2,False,False
88.113,True,0.284,0.454,0.067,False,False,-159.6,4.4,-5.3,False,False
88.149,True,0.283,0.453,0.067,False,False,-160.0,4.5,-5.2,False,False
88.183,True,0.288,0.454,0.067,False,False,-160.0,4.8,-5.1,False,False
88.209,True,0.286,0.456,0.067,False,False,-160.2,4.8,-5.2,False,False
88.249,True,0.282,0.456,0.067,False,False,-160.2,5.1,-5.2,False,False
88.293,True,0.283,0.457,0.067,False,False,-160.0,4.9,-5.2,False,False
88.327,True,0.279,0.456,0.067,False,False,-160.1,4.8,-5.4,False,False
88.353,True,0.286,0.456,0.067,False,False,-160.1,4.9,-5.1,False,False
88.389,True,0.285,0.454,0.067,False,False,-159.9,4.9,-5.3,False,False
88.417,True,0.288,0.455,0.067,False,False,-160.0,4.7,-5.2,False,False
88.452,True,0.289,0.455,0.067,False,False,-159.9,4.6,-5.2,False,False
88.481,True,0.289,0.455,0.067,False,False,-159.8,4.9,-5.2,False,False
88.513,True,0.287,0.455,0.067,False,False,-159.5,4.9,-5.2,False,False
88.55,True,0.287,0.455,0.067,False,False,-159.9,5.1,-5.2,False,False
88.577,True,0.297,0.455,0.067,False,False,-161.0,5.0,-5.2,False,False
88.61,True,0.29,0.454,0.067,False,False,-162.2,5.4,-5.1,False,False
88.641,True,0.295,0.458,0.067,False,False,-162.6,6.7,-5.1,False,False
88.689,True,0.297,0.466,0.067,False,False,-163.3,6.5,-5.2,False,False
88.721,True,0.298,0.478,0.067,False,False,-164.1,8.0,-5.0,False,False
88.758,True,0.292,0.502,0.067,False,False,-166.0,8.5,-5.2,False,False
88.787,True,0.298,0.522,0.067,False,False,-168.0,9.2,-5.3,False,False
88.817,True,0.294,0.542,0.067,False,False,-169.2,10.0,-5.5,False,False
88.851,True,0.296,0.556,0.067,False,False,-169.5,10.2,-5.5,False,False
88.881,True,0.292,0.557,0.067,False,False,-170.7,10.5,-5.7,False,False
88.92,True,0.296,0.574,0.067,False,False,-170.3,11.0,-5.5,False,False
88.951,True,0.29,0.572,0.067,False,True,-171.5,10.6,-5.7,False,True
88.985,True,0.293,0.59,0.067,False,True,-171.4,11.6,-5.8,False,True
89.013,True,0.301,0.612,0.067,False,True,-171.2,11.5,-5.8,False,True
89.043,True,0.293,0.61,0.067,False,True,-171.5,11.0,-5.7,False,True
89.095,True,0.293,0.609,0.067,False,True,-172.1,11.9,-5.8,False,True
89.124,True,0.294,0.617,0.067,False,True,-171.8,10.6,-5.7,False,True
89.157,True,0.289,0.633,0.067,False,True,-171.9,10.7,-5.8,False,True
89.193,True,0.291,0.642,0.067,False,True,-172.6,10.2,-5.9,False,True
89.218,True,0.295,0.637,0.067,False,True,-172.4,11.0,-6.0,False,True
89.252,True,0.3,0.593,0.067,False,True,-170.1,11.5,-5.8,False,True
89.281,True,0.293,0.544,0.067,False,True,-168.6,9.2,-5.8,False,True
89.32,True,0.287,0.507,0.067,False,True,-166.7,7.7,-5.4,False,True
89.347,True,0.291,0.484,0.067,False,True,-165.3,8.1,-5.0,False,True
89.381,True,0.294,0.464,0.067,False,False,-162.6,8.5,-4.9,False,False
89.417,True,0.299,0.455,0.067,False,False,-162.4,7.2,-5.1,False,False
89.447,True,0.299,0.457,0.067,False,False,-162.1,6.7,-5.2,False,False
89.491,True,0.3,0.456,0.067,False,False,-161.3,6.4,-5.3,False,False
89.527,True,0.3,0.456,0.067,False,False,-160.5,6.0,-5.3,False,False
89.557,True,0.305,0.454,0.067,False,False,-160.3,5.5,-5.3,False,False
89.587,True,0.305,0.455,0.067,False,False,-160.1,5.8,-5.2,False,False
89.62,True,0.307,0.454,0.067,False,False,-159.8,5.7,-5.2,False,False
89.657,True,0.305,0.455,0.067,False,False,-159.9,5.3,-5.3,False,False
89.687,True,0.306,0.455,0.067,False,False,-159.7,5.6,-5.2,False,False
89.717,True,0.294,0.455,0.067,False,False,-160.2,5.0,-5.1,False,False
89.747,True,0.294,0.456,0.067,False,False,-159.7,5.0,-5.1,False,False
89.781,True,0.293,0.455,0.067,False,False,-159.3,4.8,-5.0,False,False
89.809,True,0.294,0.455,0.067,False,False,-159.3,4.5,-5.1,False,False
89.847,True,0.295,0.453,0.067,False,False,-159.5,4.5,-5.0,False,False
89.889,True,0.294,0.453,0.067,False,False,-159.5,4.5,-5.2,False,False
89.927,True,0.295,0.454,0.067,False,False,-159.6,4.6,-5.1,False,False
89.957,True,0.29,0.455,0.067,False,False,-159.6,4.3,-5.2,False,False
89.987,True,0.294,0.457,0.067,False,False,-159.3,4.8,-5.1,False,False
90.019,True,0.3,0.457,0.067,False,False,-159.3,4.5,-5.1,False,False
90.049,True,0.299,0.456,0.067,False,False,-159.2,4.7,-5.1,False,False
90.087,True,0.297,0.455,0.067,False,False,-159.4,4.8,-5.1,False,False
90.119,True,0.3,0.456,0.067,False,False,-159.4,4.5,-5.1,False,False
90.147,True,0.305,0.455,0.067,False,False,-159.3,4.7,-5.1,False,False
90.177,True,0.299,0.455,0.067,False,False,-159.2,4.5,-5.1,False,False
90.208,True,0.296,0.457,0.067,False,False,-158.9,4.4,-5.2,False,False
90.247,True,0.3,0.457,0.067,False,False,-158.9,4.3,-5.2,False,False
90.297,True,0.297,0.456,0.067,False,False,-159.2,4.5,-5.3,False,False
90.327,True,0.297,0.457,0.067,False,False,-159.4,4.7,-5.3,False,False
90.357,True,0.287,0.456,0.067,False,False,-159.2,4.7,-5.5,False,False
90.389,True,0.284,0.456,0.067,False,False,-159.3,5.1,-5.4,False,False
90.417,True,0.287,0.457,0.067,False,False,-159.3,5.0,-5.5,False,False
90.449,True,0.283,0.457,0.067,False,False,-159.5,4.6,-5.7,False,False
90.487,True,0.288,0.457,0.067,False,False,-159.3,4.9,-5.5,False,False
90.517,True,0.285,0.456,0.067,False,False,-159.4,4.6,-5.6,False,False
90.547,True,0.286,0.457,0.067,False,False,-159.7,4.3,-5.6,False,False
90.585,True,0.285,0.456,0.067,False,False,-159.5,4.5,-5.5,False,False
90.614,True,0.286,0.456,0.067,False,False,-159.8,5.0,-5.5,False,False
90.647,True,0.285,0.455,0.067,False,False,-159.2,4.7,-5.4,False,False
90.696,True,0.288,0.456,0.067,False,False,-159.3,4.8,-5.4,False,False
90.727,True,0.282,0.456,0.067,False,False,-159.2,5.2,-5.3,False,False
90.757,True,0.283,0.457,0.067,False,False,-159.1,4.9,-5.4,False,False
90.787,True,0.286,0.456,0.067,False,False,-159.1,4.3,-5.3,False,False
90.817,True,0.283,0.456,0.067,False,False,-159.0,3.9,-5.5,False,False
90.857,True,0.284,0.456,0.067,False,False,-159.4,4.1,-5.3,False,False
90.887,True,0.287,0.454,0.067,False,False,-159.4,4.0,-5.4,False,False
90.917,True,0.285,0.455,0.067,False,False,-159.6,4.1,-5.4,False,False
90.947,True,0.282,0.456,0.067,False,False,-159.7,4.4,-5.4,False,False
90.977,True,0.286,0.457,0.067,False,False,-159.7,5.0,-5.3,False,False
91.017,True,0.289,0.457,0.067,False,False,-159.3,4.4,-5.3,False,False
91.047,True,0.287,0.456,0.067,False,False,-159.4,4.4,-5.4,False,False
91.095,True,0.285,0.458,0.067,False,False,-159.4,4.3,-5.5,False,False
91.127,True,0.285,0.456,0.067,False,False,-159.5,4.7,-5.5,False,False
91.157,True,0.282,0.457,0.067,False,False,-159.5,4.3,-5.4,False,False
91.188,True,0.282,0.457,0.067,False,False,-159.6,4.4,-5.4,False,False
91.219,True,0.226,0.456,0.072,True,False,-160.2,5.4,-5.5,False,False
91.252,True,0.088,0.457,0.078,True,False,-160.5,4.5,-5.6,False,False
91.289,True,0.129,0.457,0.083,True,False,-160.2,4.9,-5.5,False,False
91.317,True,0.235,0.457,0.089,True,False,-160.6,5.1,-5.5,False,False
91.347,True,0.248,0.456,0.094,True,False,-160.2,4.9,-5.4,False,False
91.381,True,0.267,0.456,0.094,False,False,-160.0,4.8,-5.5,False,False
91.41,True,0.272,0.456,0.094,False,False,-160.0,5.1,-5.4,False,False
91.447,True,0.275,0.455,0.094,False,False,-160.1,5.1,-5.5,False,False
91.491,True,0.28,0.457,0.094,False,False,-160.0,5.1,-5.5,False,False
91.527,True,0.283,0.458,0.094,False,False,-160.1,5.0,-5.5,False,False
91.557,True,0.294,0.458,0.094,False,False,-159.5,5.2,-5.5,False,False
91.593,True,0.298,0.457,0.094,False,False,-159.3,5.1,-5.7,False,False
91.624,True,0.305,0.458,0.094,False,False,-159.5,5.6,-5.5,False,False
91.657,True,0.306,0.456,0.094,False,False,-159.8,4.8,-5.7,False,False
91.689,True,0.303,0.456,0.094,False,False,-159.5,5.1,-5.6,False,False
91.72,True,0.308,0.456,0.094,False,False,-159.6,5.0,-5.6,False,False
91.752,True,0.308,0.457,0.094,False,False,-159.7,5.1,-5.7,False,False
91.787,True,0.31,0.457,0.094,False,False,-159.6,5.5,-5.7,False,False
91.817,True,0.311,0.457,0.094,False,False,-159.3,6.0,-5.5,False,False
91.851,True,0.314,0.458,0.094,False,False,-159.2,6.2,-5.5,False,False
91.889,True,0.312,0.457,0.094,False,False,-159.4,6.2,-5.5,False,False
91.927,True,0.31,0.458,0.089,False,False,-159.2,6.2,-5.5,False,False
91.962,True,0.31,0.457,0.083,False,False,-159.3,5.9,-5.5,False,False
91.99,True,0.314,0.457,0.078,False,False,-159.1,5.9,-5.6,False,False
92.025,True,0.312,0.457,0.072,False,False,-159.3,5.8,-5.7,False,False
92.057,True,0.31,0.458,0.067,False,False,-159.1,5.6,-5.6,False,False
92.087,True,0.311,0.456,0.061,False,False,-159.4,6.4,-5.5,False,False
92.119,True,0.312,0.457,0.056,False,False,-159.6,5.8,-5.6,False,False
92.147,True,0.312,0.456,0.05,False,False,-159.5,5.9,-5.5,False,False
92.183,True,0.312,0.455,0.05,False,False,-159.7,5.9,-5.6,False,False
92.211,True,0.308,0.455,0.05,False,False,-159.7,5.7,-5.5,False,False
92.247,True,0.308,0.455,0.05,False,False,-159.9,5.9,-5.6,False,False
92.295,True,0.308,0.455,0.05,False,False,-159.6,5.4,-5.7,False,False
92.327,True,0.309,0.456,0.05,False,False,-160.1,6.3,-5.6,False,False
92.357,True,0.304,0.456,0.05,False,False,-159.8,6.3,-5.6,False,False
92.39,True,0.314,0.456,0.05,False,False,-159.5,6.1,-5.7,False,False
92.419,True,0.313,0.455,0.05,False,False,-159.6,6.0,-5.6,False,False
92.449,True,0.313,0.457,0.05,False,False,-159.2,6.0,-5.6,False,False
92.489,True,0.312,0.455,0.05,False,False,-159.3,6.1,-5.5,False,False
92.518,True,0.31,0.454,0.05,False,False,-159.7,6.3,-5.6,False,False
92.551,True,0.311,0.457,0.044,False,False,-159.1,6.1,-5.6,False,False
92.579,True,0.316,0.456,0.039,False,False,-159.4,6.3,-5.5,False,False
92.614,True,0.309,0.458,0.033,False,False,-159.3,6.5,-5.4,False,False
92.649,True,0.309,0.456,0.028,False,False,-159.2,6.0,-5.5,False,False
92.697,True,0.307,0.455,0.028,False,False,-159.4,5.8,-5.6,False,False
92.727,True,0.313,0.455,0.028,False,False,-159.2,6.0,-5.5,False,False
92.757,True,0.31,0.458,0.028,False,False,-158.7,6.1,-5.6,False,False
92.792,True,0.308,0.456,0.028,False,False,-159.1,6.0,-5.5,False,False
92.823,True,0.273,0.456,0.028,False,False,-159.4,5.5,-5.5,False,False
