timestamp,face_found,ear,mar,perclos,eyes_closed,yawning,drowsy
0.037,True,0.241,0.451,0.062,False,False,False
0.081,True,0.26,0.45,0.061,False,False,False
0.105,True,0.259,0.452,0.06,False,False,False
0.136,True,0.257,0.45,0.06,False,False,False
0.161,True,0.268,0.45,0.059,False,False,False
0.197,True,0.255,0.454,0.058,False,False,False
0.227,True,0.256,0.451,0.057,False,False,False
0.261,True,0.266,0.452,0.057,False,False,False
0.289,True,0.266,0.451,0.056,False,False,False
0.323,True,0.25,0.452,0.056,False,False,False
0.375,True,0.261,0.452,0.055,False,False,False
0.407,True,0.263,0.45,0.054,False,False,False
0.436,True,0.261,0.45,0.054,False,False,False
0.471,True,0.256,0.449,0.053,False,False,False
0.499,True,0.254,0.451,0.053,False,False,False
0.536,True,0.258,0.452,0.052,False,False,False
0.568,True,0.271,0.452,0.052,False,False,False
0.601,True,0.273,0.452,0.051,False,False,False
0.632,True,0.277,0.451,0.051,False,False,False
0.664,True,0.272,0.453,0.05,False,False,False
0.697,True,0.276,0.451,0.05,False,False,False
0.726,True,0.281,0.448,0.049,False,False,False
0.776,True,0.284,0.453,0.049,False,False,False
0.808,True,0.278,0.452,0.048,False,False,False
0.838,True,0.289,0.453,0.048,False,False,False
0.87,True,0.277,0.455,0.047,False,False,False
0.895,True,0.274,0.448,0.047,False,False,False
0.933,True,0.277,0.451,0.046,False,False,False
0.965,True,0.273,0.452,0.046,False,False,False
0.995,True,0.267,0.452,0.045,False,False,False
1.03,True,0.267,0.452,0.045,False,False,False
1.066,True,0.27,0.45,0.045,False,False,False
1.089,True,0.276,0.451,0.044,False,False,False
1.126,True,0.266,0.452,0.044,False,False,False
1.167,True,0.264,0.453,0.043,False,False,False
1.198,True,0.259,0.456,0.043,False,False,False
1.238,True,0.269,0.451,0.043,False,False,False
1.264,True,0.269,0.451,0.042,False,False,False
1.305,True,0.272,0.45,0.042,False,False,False
1.328,True,0.265,0.451,0.042,False,False,False
1.361,True,0.266,0.453,0.041,False,False,False
1.394,True,0.269,0.45,0.041,False,False,False
1.426,True,0.269,0.445,0.041,False,False,False
1.456,True,0.28,0.45,0.04,False,False,False
1.49,True,0.286,0.447,0.04,False,False,False
1.526,True,0.271,0.449,0.04,False,False,False
1.567,True,0.272,0.449,0.039,False,False,False
1.599,True,0.271,0.451,0.039,False,False,False
1.638,True,0.269,0.451,0.039,False,False,False
1.664,True,0.268,0.45,0.038,False,False,False
1.702,True,0.267,0.45,0.038,False,False,False
1.731,True,0.269,0.45,0.038,False,False,False
1.764,True,0.267,0.451,0.038,False,False,False
1.797,True,0.265,0.449,0.037,False,False,False
1.828,True,0.271,0.45,0.037,False,False,False
1.855,True,0.276,0.451,0.037,False,False,False
1.89,True,0.28,0.455,0.036,False,False,False
1.926,True,0.276,0.454,0.036,False,False,False
1.967,True,0.281,0.451,0.036,False,False,False
2.001,True,0.276,0.452,0.036,False,False,False
2.031,True,0.28,0.45,0.035,False,False,False
2.063,True,0.275,0.451,0.035,False,False,False
2.101,True,0.283,0.449,0.035,False,False,False
2.127,True,0.277,0.449,0.035,False,False,False
2.161,True,0.276,0.45,0.034,False,False,False
2.192,True,0.275,0.45,0.034,False,False,False
2.226,True,0.274,0.449,0.034,False,False,False
2.255,True,0.27,0.45,0.034,False,False,False
2.287,True,0.275,0.45,0.034,False,False,False
2.325,True,0.215,0.45,0.033,False,False,False
2.369,True,0.076,0.451,0.04,True,False,False
2.398,True,0.082,0.453,0.046,True,False,False
2.431,True,0.151,0.451,0.052,True,False,False
2.463,True,0.213,0.45,0.052,False,False,False
2.495,True,0.229,0.452,0.052,False,False,False
2.53,True,0.237,0.454,0.051,False,False,False
2.559,True,0.247,0.454,0.051,False,False,False
2.592,True,0.248,0.455,0.051,False,False,False
2.629,True,0.257,0.453,0.05,False,False,False
2.661,True,0.26,0.456,0.05,False,False,False
2.687,True,0.269,0.454,0.05,False,False,False
2.722,True,0.274,0.456,0.049,False,False,False
2.774,True,0.272,0.472,0.049,False,False,False
2.807,True,0.279,0.502,0.049,False,False,False
2.834,True,0.273,0.518,0.048,False,False,False
2.87,True,0.275,0.556,0.048,False,False,False
2.893,True,0.275,0.578,0.048,False,True,True
2.933,True,0.281,0.578,0.048,False,True,True
2.965,True,0.276,0.563,0.047,False,True,True
2.996,True,0.273,0.563,0.047,False,True,True
3.028,True,0.288,0.566,0.047,False,True,True
3.056,True,0.28,0.57,0.047,False,True,True
3.085,True,0.276,0.596,0.046,False,True,True
3.118,True,0.268,0.603,0.046,False,True,True
3.167,True,0.259,0.633,0.046,False,True,True
3.201,True,0.259,0.668,0.045,False,True,True
3.237,True,0.262,0.704,0.045,False,True,True
3.265,True,0.255,0.684,0.045,False,True,True
3.301,True,0.26,0.7,0.045,False,True,True
3.328,True,0.261,0.704,0.044,False,True,True
3.362,True,0.259,0.706,0.044,False,True,True
3.395,True,0.259,0.73,0.044,False,True,True
3.429,True,0.256,0.731,0.044,False,True,True
3.459,True,0.257,0.739,0.044,False,True,True
3.49,True,0.252,0.743,0.044,False,True,True
3.519,True,0.255,0.737,0.044,False,True,True
3.574,True,0.26,0.743,0.044,False,True,True
3.605,True,0.26,0.735,0.044,False,True,True
3.638,True,0.261,0.738,0.044,False,True,True
3.669,True,0.262,0.745,0.044,False,True,True
3.699,True,0.26,0.758,0.044,False,True,True
3.729,True,0.262,0.746,0.044,False,True,True
3.764,True,0.259,0.748,0.044,False,True,True
3.791,True,0.259,0.747,0.039,False,True,True
3.829,True,0.257,0.743,0.033,False,True,True
3.859,True,0.256,0.747,0.028,False,True,True
3.89,True,0.243,0.749,0.022,False,True,True
3.919,True,0.238,0.754,0.017,False,True,True
3.974,True,0.244,0.768,0.017,False,True,True
4.005,True,0.244,0.764,0.017,False,True,True
4.029,True,0.244,0.751,0.017,False,True,True
4.069,True,0.243,0.746,0.017,False,True,True
4.099,True,0.249,0.75,0.017,False,True,True
4.129,True,0.248,0.745,0.017,False,True,True
4.159,True,0.248,0.75,0.017,False,True,True
4.196,True,0.253,0.756,0.017,False,True,True
4.229,True,0.251,0.741,0.017,False,True,True
4.259,True,0.254,0.745,0.017,False,True,True
4.289,True,0.253,0.75,0.017,False,True,True
4.325,True,0.256,0.752,0.017,False,True,True
4.369,True,0.256,0.77,0.017,False,True,True
4.399,True,0.26,0.756,0.017,False,True,True
4.431,True,0.258,0.75,0.017,False,True,True
4.47,True,0.261,0.729,0.017,False,True,True
4.499,True,0.262,0.738,0.017,False,True,True
4.529,True,0.238,0.73,0.017,False,True,True
4.565,True,0.245,0.732,0.017,False,True,True
4.589,True,0.241,0.744,0.017,False,True,True
4.629,True,0.246,0.735,0.017,False,True,True
4.659,True,0.241,0.746,0.017,False,True,True
4.689,True,0.243,0.736,0.017,False,True,True
4.719,True,0.245,0.729,0.017,False,True,True
4.769,True,0.244,0.731,0.017,False,True,True
4.801,True,0.247,0.737,0.017,False,True,True
4.839,True,0.247,0.738,0.017,False,True,True
4.869,True,0.244,0.744,0.017,False,True,True
4.899,True,0.244,0.736,0.017,False,True,True
4.931,True,0.244,0.748,0.017,False,True,True
4.962,True,0.243,0.687,0.017,False,True,True
4.999,True,0.24,0.597,0.017,False,True,True
5.029,True,0.24,0.565,0.017,False,True,True
5.061,True,0.24,0.506,0.017,False,True,True
5.093,True,0.251,0.476,0.017,False,True,True
5.125,True,0.246,0.471,0.017,False,True,True
5.154,True,0.248,0.456,0.017,False,True,True
5.202,True,0.248,0.449,0.017,False,False,False
5.235,True,0.247,0.447,0.017,False,False,False
5.269,True,0.246,0.451,0.017,False,False,False
5.299,True,0.251,0.449,0.017,False,False,False
5.334,True,0.246,0.45,0.017,False,False,False
5.363,True,0.248,0.452,0.017,False,False,False
5.393,True,0.245,0.451,0.017,False,False,False
5.431,True,0.243,0.451,0.017,False,False,False
5.459,True,0.244,0.451,0.017,False,False,False
5.489,True,0.245,0.451,0.017,False,False,False
5.524,True,0.248,0.453,0.017,False,False,False
5.557,True,0.246,0.453,0.017,False,False,False
5.601,True,0.247,0.454,0.017,False,False,False
5.636,True,0.246,0.453,0.017,False,False,False
5.669,True,0.248,0.455,0.017,False,False,False
5.699,True,0.238,0.453,0.017,False,False,False
5.735,True,0.234,0.454,0.017,False,False,False
5.766,True,0.237,0.452,0.017,False,False,False
5.797,True,0.243,0.453,0.017,False,False,False
5.829,True,0.247,0.454,0.017,False,False,False
5.859,True,0.249,0.453,0.017,False,False,False
5.891,True,0.251,0.453,0.017,False,False,False
5.921,True,0.253,0.451,0.017,False,False,False
5.956,True,0.255,0.452,0.017,False,False,False
6.001,True,0.254,0.453,0.017,False,False,False
6.037,True,0.253,0.452,0.017,False,False,False
6.062,True,0.239,0.452,0.017,False,False,False
6.099,True,0.238,0.452,0.017,False,False,False
6.129,True,0.237,0.452,0.017,False,False,False
6.159,True,0.241,0.461,0.017,False,False,False
6.191,True,0.247,0.578,0.017,False,False,False
6.222,True,0.244,0.591,0.017,False,False,False
6.259,True,0.242,0.574,0.017,False,False,False
6.289,True,0.25,0.527,0.017,False,False,False
6.319,True,0.254,0.526,0.017,False,False,False
6.353,True,0.256,0.527,0.017,False,False,False
6.404,True,0.254,0.493,0.017,False,True,True
6.434,True,0.25,0.463,0.017,False,True,True
6.469,True,0.255,0.453,0.017,False,False,False
6.502,True,0.253,0.452,0.017,False,False,False
6.535,True,0.255,0.45,0.017,False,False,False
6.564,True,0.253,0.451,0.017,False,False,False
6.598,True,0.251,0.451,0.017,False,False,False
6.629,True,0.249,0.451,0.017,False,False,False
6.66,True,0.248,0.451,0.017,False,False,False
6.692,True,0.249,0.451,0.017,False,False,False
6.727,True,0.25,0.451,0.017,False,False,False
6.755,True,0.248,0.451,0.017,False,False,False
6.804,True,0.242,0.451,0.017,False,False,False
6.837,True,0.241,0.452,0.017,False,False,False
6.869,True,0.24,0.452,0.017,False,False,False
6.899,True,0.239,0.452,0.017,False,False,False
6.932,True,0.241,0.453,0.017,False,False,False
6.962,True,0.242,0.451,0.017,False,False,False
6.991,True,0.237,0.451,0.017,False,False,False
7.029,True,0.237,0.453,0.017,False,False,False
7.059,True,0.237,0.452,0.017,False,False,False
7.089,True,0.237,0.452,0.017,False,False,False
7.119,True,0.237,0.453,0.017,False,False,False
7.159,True,0.237,0.453,0.017,False,False,False
7.206,True,0.237,0.453,0.017,False,False,False
7.229,True,0.235,0.452,0.017,False,False,False
7.269,True,0.25,0.459,0.017,False,False,False
7.301,True,0.259,0.585,0.017,False,False,False
7.338,True,0.26,0.592,0.017,False,False,False
7.379,True,0.258,0.592,0.017,False,False,False
7.4,True,0.259,0.585,0.017,False,False,False
7.429,True,0.262,0.563,0.017,False,False,False
7.459,True,0.265,0.509,0.017,False,False,False
7.494,True,0.275,0.49,0.017,False,True,True
7.519,True,0.28,0.476,0.017,False,True,True
7.559,True,0.272,0.461,0.017,False,True,True
7.607,True,0.271,0.451,0.017,False,False,False
7.635,True,0.277,0.45,0.017,False,False,False
7.669,True,0.278,0.45,0.017,False,False,False
7.701,True,0.273,0.451,0.017,False,False,False
7.734,True,0.276,0.452,0.017,False,False,False
7.761,True,0.273,0.451,0.017,False,False,False
7.796,True,0.274,0.452,0.017,False,False,False
7.831,True,0.275,0.452,0.017,False,False,False
7.861,True,0.273,0.452,0.017,False,False,False
7.889,True,0.269,0.453,0.017,False,False,False
7.925,True,0.271,0.453,0.017,False,False,False
7.956,True,0.27,0.452,0.017,False,False,False
8.001,True,0.274,0.452,0.017,False,False,False
8.049,True,0.276,0.453,0.017,False,False,False
8.079,True,0.274,0.453,0.017,False,False,False
8.106,True,0.273,0.447,0.017,False,False,False
8.134,True,0.269,0.554,0.017,False,False,False
8.159,True,0.274,0.587,0.017,False,False,False
8.199,True,0.275,0.622,0.017,False,False,False
8.229,True,0.276,0.661,0.017,False,False,False
8.265,True,0.277,0.672,0.017,False,False,False
8.294,True,0.274,0.685,0.017,False,False,False
8.321,True,0.278,0.633,0.017,False,False,False
8.358,True,0.273,0.582,0.011,False,True,True
8.406,True,0.275,0.513,0.006,False,True,True
8.429,True,0.275,0.482,0.0,False,True,True
8.469,True,0.269,0.469,0.0,False,True,True
8.499,True,0.269,0.453,0.0,False,False,False
8.529,True,0.275,0.455,0.0,False,False,False
8.559,True,0.271,0.455,0.0,False,False,False
8.589,True,0.272,0.454,0.0,False,False,False
8.629,True,0.273,0.454,0.0,False,False,False
8.659,True,0.272,0.453,0.0,False,False,False
8.694,True,0.276,0.455,0.0,False,False,False
8.719,True,0.276,0.456,0.0,False,False,False
8.755,True,0.266,0.456,0.0,False,False,False
8.805,True,0.252,0.454,0.0,False,False,False
8.833,True,0.255,0.453,0.0,False,False,False
8.869,True,0.256,0.453,0.0,False,False,False
8.9,True,0.253,0.449,0.0,False,False,False
8.935,True,0.258,0.451,0.0,False,False,False
8.963,True,0.232,0.449,0.0,False,False,False
8.991,True,0.238,0.455,0.0,False,False,False
9.029,True,0.23,0.452,0.0,False,False,False
9.059,True,0.233,0.45,0.0,False,False,False
9.089,True,0.239,0.452,0.0,False,False,False
9.127,True,0.236,0.452,0.0,False,False,False
9.156,True,0.238,0.45,0.0,False,False,False
9.199,True,0.241,0.451,0.0,False,False,False
9.229,True,0.237,0.452,0.0,False,False,False
9.269,True,0.241,0.449,0.0,False,False,False
9.299,True,0.247,0.451,0.0,False,False,False
9.329,True,0.236,0.451,0.0,False,False,False
9.359,True,0.231,0.45,0.0,False,False,False
9.389,True,0.245,0.451,0.0,False,False,False
9.423,True,0.244,0.453,0.0,False,False,False
9.458,True,0.246,0.454,0.0,False,False,False
9.487,True,0.241,0.453,0.0,False,False,False
9.526,True,0.243,0.452,0.0,False,False,False
9.557,True,0.245,0.452,0.0,False,False,False
9.607,True,0.241,0.452,0.0,False,False,False
9.638,True,0.237,0.452,0.0,False,False,False
9.664,True,0.236,0.452,0.0,False,False,False
9.698,True,0.235,0.451,0.0,False,False,False
9.734,True,0.231,0.45,0.0,False,False,False
9.764,True,0.229,0.452,0.0,False,False,False
9.799,True,0.229,0.451,0.0,False,False,False
9.824,True,0.221,0.45,0.0,False,False,False
9.86,True,0.235,0.452,0.0,False,False,False
9.893,True,0.226,0.451,0.0,False,False,False
9.924,True,0.222,0.452,0.0,False,False,False
9.958,True,0.227,0.451,0.0,False,False,False
10.005,True,0.223,0.452,0.0,False,False,False
10.029,True,0.224,0.452,0.0,False,False,False
10.063,True,0.231,0.455,0.0,False,False,False
10.1,True,0.231,0.454,0.0,False,False,False
10.127,True,0.232,0.453,0.0,False,False,False
10.159,True,0.246,0.454,0.0,False,False,False
10.196,True,0.247,0.455,0.0,False,False,False
10.222,True,0.244,0.455,0.0,False,False,False
10.257,True,0.249,0.455,0.0,False,False,False
10.288,True,0.259,0.456,0.0,False,False,False
10.319,True,0.256,0.457,0.0,False,False,False
10.357,True,0.25,0.45,0.0,False,False,False
10.399,True,0.252,0.454,0.0,False,False,False
10.43,True,0.274,0.453,0.0,False,False,False
10.469,True,0.267,0.538,0.0,False,False,False
10.493,True,0.262,0.605,0.0,False,False,False
10.53,True,0.262,0.599,0.0,False,False,False
10.564,True,0.264,0.641,0.0,False,False,False
10.591,True,0.253,0.675,0.0,False,False,False
10.621,True,0.252,0.677,0.0,False,False,False
10.658,True,0.261,0.673,0.0,False,False,False
10.687,True,0.274,0.663,0.0,False,True,True
10.719,True,0.253,0.621,0.0,False,True,True
10.758,True,0.249,0.623,0.0,False,True,True
10.806,True,0.251,0.617,0.0,False,True,True
10.836,True,0.256,0.588,0.0,False,True,True
10.868,True,0.25,0.567,0.0,False,True,True
10.901,True,0.251,0.514,0.0,False,True,True
10.933,True,0.252,0.473,0.0,False,True,True
10.959,True,0.247,0.462,0.0,False,True,True
10.996,True,0.241,0.451,0.0,False,False,False
11.026,True,0.242,0.452,0.0,False,False,False
11.056,True,0.245,0.453,0.0,False,False,False
11.087,True,0.241,0.453,0.0,False,False,False
11.125,True,0.241,0.452,0.0,False,False,False
11.156,True,0.243,0.452,0.0,False,False,False
11.199,True,0.24,0.453,0.0,False,False,False
11.236,True,0.24,0.451,0.0,False,False,False
11.266,True,0.239,0.451,0.0,False,False,False
11.296,True,0.234,0.451,0.0,False,False,False
11.328,True,0.239,0.452,0.0,False,False,False
11.366,True,0.237,0.453,0.0,False,False,False
11.396,True,0.23,0.453,0.0,False,False,False
11.426,True,0.236,0.453,0.0,False,False,False
11.461,True,0.234,0.453,0.0,False,False,False
11.486,True,0.232,0.454,0.0,False,False,False
11.526,True,0.235,0.454,0.0,False,False,False
11.556,True,0.235,0.453,0.0,False,False,False
11.599,True,0.233,0.454,0.0,False,False,False
11.637,True,0.231,0.454,0.0,False,False,False
11.666,True,0.226,0.456,0.0,False,False,False
11.698,True,0.227,0.456,0.0,False,False,False
11.735,True,0.227,0.455,0.0,False,False,False
11.769,True,0.231,0.456,0.0,False,False,False
11.796,True,0.225,0.455,0.0,False,False,False
11.828,True,0.24,0.455,0.0,False,True,True
11.864,True,0.238,0.454,0.0,False,False,False
11.89,True,0.246,0.452,0.0,False,False,False
11.926,True,0.252,0.45,0.0,False,False,False
11.956,True,0.246,0.452,0.0,False,False,False
11.999,True,0.242,0.454,0.0,False,False,False
12.036,True,0.249,0.452,0.0,False,False,False
12.066,True,0.246,0.456,0.0,False,False,False
12.096,True,0.244,0.452,0.0,False,False,False
12.126,True,0.257,0.454,0.0,False,False,False
12.166,True,0.247,0.454,0.0,False,False,False
12.196,True,0.253,0.454,0.0,False,False,False
12.226,True,0.256,0.455,0.0,False,False,False
12.259,True,0.25,0.453,0.0,False,False,False
12.286,True,0.244,0.451,0.0,False,False,False
12.319,True,0.246,0.453,0.0,False,False,False
12.356,True,0.235,0.452,0.0,False,False,False
12.406,True,0.232,0.454,0.0,False,False,False
12.436,True,0.236,0.455,0.0,False,False,False
12.47,True,0.228,0.454,0.0,False,False,False
12.496,True,0.232,0.457,0.0,False,False,False
12.528,True,0.229,0.455,0.0,False,False,False
12.565,True,0.234,0.457,0.0,False,False,False
12.596,True,0.228,0.455,0.0,False,False,False
12.631,True,0.229,0.455,0.0,False,False,False
12.656,True,0.234,0.453,0.0,False,False,False
12.691,True,0.233,0.453,0.0,False,False,False
12.719,True,0.234,0.452,0.0,False,False,False
12.758,True,0.233,0.452,0.0,False,False,False
12.801,True,0.234,0.452,0.0,False,False,False
12.839,True,0.23,0.453,0.0,False,False,False
12.87,True,0.232,0.454,0.0,False,False,False
12.902,True,0.233,0.453,0.0,False,False,False
12.931,True,0.232,0.452,0.0,False,False,False
12.966,True,0.236,0.454,0.0,False,False,False
13.0,True,0.242,0.451,0.0,False,False,False
13.027,True,0.239,0.452,0.0,False,False,False
13.056,True,0.249,0.454,0.0,False,False,False
13.086,True,0.252,0.452,0.0,False,False,False
13.119,True,0.248,0.452,0.0,False,False,False
13.156,True,0.248,0.452,0.0,False,False,False
13.202,True,0.256,0.451,0.0,False,False,False
13.237,True,0.252,0.452,0.0,False,False,False
13.266,True,0.242,0.453,0.0,False,False,False
13.296,True,0.247,0.455,0.0,False,False,False
13.327,True,0.248,0.454,0.0,False,False,False
13.359,True,0.253,0.455,0.0,False,False,False
13.396,True,0.259,0.456,0.0,False,False,False
13.427,True,0.258,0.454,0.0,False,False,False
13.456,True,0.241,0.455,0.0,False,False,False
13.493,True,0.255,0.455,0.0,False,False,False
13.526,True,0.257,0.454,0.0,False,False,False
13.556,True,0.254,0.454,0.0,False,False,False
13.597,True,0.25,0.453,0.0,False,False,False
13.636,True,0.252,0.455,0.0,False,False,False
13.666,True,0.256,0.454,0.0,False,False,False
13.701,True,0.251,0.454,0.0,False,False,False
13.728,True,0.254,0.455,0.0,False,False,False
13.757,True,0.257,0.458,0.0,False,False,False
13.797,True,0.259,0.456,0.0,False,False,False
13.83,True,0.265,0.454,0.0,False,False,False
13.857,True,0.261,0.454,0.0,False,False,False
13.893,True,0.259,0.454,0.0,False,False,False
13.926,True,0.267,0.454,0.0,False,False,False
13.956,True,0.264,0.454,0.0,False,False,False
14.006,True,0.263,0.455,0.0,False,False,False
14.064,True,0.267,0.456,0.0,False,False,False
14.086,True,0.262,0.456,0.0,False,False,False
14.107,True,0.26,0.456,0.0,False,False,False
14.128,True,0.26,0.456,0.0,False,False,False
14.166,True,0.258,0.454,0.0,False,False,False
14.196,True,0.261,0.455,0.0,False,True,True
14.228,True,0.261,0.455,0.0,False,True,True
14.256,True,0.258,0.454,0.0,False,True,True
14.286,True,0.262,0.454,0.0,False,False,False
14.321,True,0.26,0.454,0.0,False,False,False
14.359,True,0.257,0.456,0.0,False,False,False
14.399,True,0.257,0.455,0.0,False,False,False
14.436,True,0.262,0.456,0.0,False,False,False
14.466,True,0.265,0.456,0.0,False,False,False
14.497,True,0.272,0.456,0.0,False,False,False
14.533,True,0.277,0.455,0.0,False,False,False
14.559,True,0.279,0.454,0.0,False,True,True
14.596,True,0.273,0.456,0.0,False,True,True
14.629,True,0.273,0.453,0.0,False,False,False
14.656,True,0.278,0.453,0.0,False,False,False
14.694,True,0.276,0.453,0.0,False,False,False
14.719,True,0.274,0.454,0.0,False,False,False
14.756,True,0.278,0.453,0.0,False,False,False
14.79,True,0.276,0.452,0.0,False,False,False
14.836,True,0.275,0.453,0.0,False,False,False
14.869,True,0.276,0.453,0.0,False,False,False
14.902,True,0.276,0.454,0.0,False,False,False
14.929,True,0.272,0.454,0.0,False,False,False
14.963,True,0.272,0.455,0.0,False,False,False
14.996,True,0.27,0.454,0.0,False,False,False
15.03,True,0.273,0.452,0.0,False,False,False
15.056,True,0.274,0.451,0.0,False,False,False
15.09,True,0.271,0.452,0.0,False,False,False
15.118,True,0.251,0.452,0.0,False,False,False
15.156,True,0.25,0.452,0.0,False,False,False
15.186,True,0.245,0.453,0.0,False,False,False
15.236,True,0.243,0.455,0.0,False,False,False
15.269,True,0.24,0.454,0.0,False,False,False
15.296,True,0.246,0.455,0.0,False,False,False
15.33,True,0.244,0.453,0.0,False,False,False
15.359,True,0.245,0.454,0.0,False,False,False
15.396,True,0.25,0.455,0.0,False,False,False
15.426,True,0.248,0.452,0.0,False,False,False
15.456,True,0.247,0.452,0.0,False,False,False
15.488,True,0.249,0.452,0.0,False,False,False
15.519,True,0.252,0.453,0.0,False,False,False
15.556,True,0.255,0.453,0.0,False,False,False
15.586,True,0.253,0.453,0.0,False,False,False
15.636,True,0.252,0.452,0.0,False,False,False
15.666,True,0.257,0.454,0.0,False,False,False
15.7,True,0.252,0.453,0.0,False,False,False
15.731,True,0.256,0.454,0.0,False,False,False
15.764,True,0.258,0.453,0.0,False,False,False
15.796,True,0.266,0.455,0.0,False,False,False
15.826,True,0.273,0.452,0.0,False,False,False
15.856,True,0.281,0.452,0.0,False,False,False
15.896,True,0.286,0.453,0.0,False,False,False
15.925,True,0.29,0.452,0.0,False,False,False
15.956,True,0.29,0.451,0.0,False,False,False
15.986,True,0.291,0.453,0.0,False,False,False
16.037,True,0.293,0.452,0.0,False,False,False
16.066,True,0.297,0.454,0.0,False,False,False
16.096,True,0.297,0.455,0.0,False,False,False
16.133,True,0.299,0.454,0.0,False,False,False
16.166,True,0.299,0.456,0.0,False,False,False
16.196,True,0.301,0.454,0.0,False,False,False
16.226,True,0.304,0.455,0.0,False,False,False
16.256,True,0.305,0.455,0.0,False,False,False
16.29,True,0.308,0.455,0.0,False,False,False
16.326,True,0.304,0.456,0.0,False,True,True
16.356,True,0.306,0.455,0.0,False,True,True
16.386,True,0.305,0.456,0.0,False,True,True
16.436,True,0.311,0.456,0.0,False,True,True
16.466,True,0.308,0.456,0.0,False,True,True
16.496,True,0.308,0.456,0.0,False,True,True
16.532,True,0.309,0.455,0.0,False,True,True
16.566,True,0.303,0.454,0.0,False,True,True
16.596,True,0.305,0.455,0.0,False,True,True
16.626,True,0.308,0.455,0.0,False,True,True
16.656,True,0.304,0.455,0.0,False,True,True
16.692,True,0.307,0.454,0.0,False,True,True
16.719,True,0.303,0.454,0.0,False,True,True
16.756,True,0.302,0.454,0.0,False,False,False
16.786,True,0.302,0.454,0.0,False,False,False
16.836,True,0.298,0.455,0.0,False,False,False
16.866,True,0.301,0.453,0.0,False,False,False
16.904,True,0.301,0.454,0.0,False,False,False
16.934,True,0.298,0.455,0.0,False,False,False
16.966,True,0.298,0.454,0.0,False,False,False
16.993,True,0.298,0.455,0.0,False,False,False
17.026,True,0.3,0.455,0.0,False,False,False
17.058,True,0.299,0.455,0.0,False,False,False
17.091,True,0.296,0.453,0.0,False,False,False
17.12,True,0.297,0.454,0.0,False,False,False
17.15,True,0.295,0.456,0.0,False,False,False
17.185,True,0.294,0.456,0.0,False,False,False
17.233,True,0.294,0.454,0.0,False,False,False
17.263,True,0.296,0.454,0.0,False,False,False
17.295,True,0.289,0.455,0.0,False,False,False
17.333,True,0.287,0.454,0.0,False,False,False
17.359,True,0.285,0.454,0.0,False,False,False
17.394,True,0.286,0.454,0.0,False,True,True
17.432,True,0.287,0.454,0.0,False,True,True
17.455,True,0.287,0.454,0.0,False,True,True
17.494,True,0.283,0.454,0.0,False,True,True
17.524,True,0.285,0.455,0.0,False,True,True
17.558,True,0.285,0.455,0.0,False,True,True
17.588,True,0.284,0.455,0.0,False,True,True
17.633,True,0.281,0.456,0.0,False,True,True
17.663,True,0.282,0.455,0.0,False,True,True
17.695,True,0.285,0.455,0.0,False,True,True
17.726,True,0.285,0.454,0.0,False,True,True
17.763,True,0.283,0.454,0.0,False,False,False
17.793,True,0.283,0.454,0.0,False,False,False
17.823,True,0.282,0.454,0.0,False,False,False
17.854,True,0.282,0.453,0.0,False,False,False
17.893,True,0.285,0.453,0.0,False,False,False
17.923,True,0.282,0.455,0.0,False,False,False
17.953,True,0.279,0.455,0.0,False,False,False
17.988,True,0.281,0.454,0.0,False,False,False
18.036,True,0.282,0.454,0.0,False,False,False
18.063,True,0.277,0.455,0.0,False,False,False
18.096,True,0.273,0.455,0.0,False,False,False
18.133,True,0.274,0.455,0.0,False,False,False
18.163,True,0.27,0.454,0.0,False,True,True
18.193,True,0.26,0.455,0.0,False,True,True
18.223,True,0.274,0.455,0.0,False,True,True
18.253,True,0.27,0.454,0.0,False,True,True
18.293,True,0.235,0.456,0.0,False,True,True
18.323,True,0.101,0.456,0.006,True,True,True
18.353,True,0.097,0.457,0.011,True,True,True
18.383,True,0.227,0.457,0.011,False,True,True
18.433,True,0.27,0.457,0.011,False,True,True
18.465,True,0.303,0.453,0.011,False,False,False
18.5,True,0.301,0.455,0.011,False,False,False
18.533,True,0.315,0.45,0.011,False,False,False
18.565,True,0.32,0.451,0.011,False,False,False
18.593,True,0.304,0.45,0.011,False,False,False
18.623,True,0.316,0.451,0.011,False,False,False
18.655,True,0.327,0.455,0.011,False,False,False
18.693,True,0.304,0.453,0.011,False,False,False
18.726,True,0.315,0.451,0.011,False,False,False
18.757,True,0.312,0.452,0.011,False,False,False
18.785,True,0.313,0.457,0.011,False,False,False
18.833,True,0.306,0.459,0.011,False,False,False
18.866,True,0.216,0.453,0.011,False,False,False
18.898,True,0.171,0.453,0.017,True,False,False
18.933,True,0.205,0.455,0.017,False,False,False
18.967,True,0.263,0.454,0.017,False,False,False
18.996,True,0.283,0.454,0.017,False,False,False
19.03,True,0.297,0.456,0.017,False,False,False
19.061,True,0.291,0.456,0.017,False,False,False
19.094,True,0.291,0.454,0.017,False,False,False
19.123,True,0.296,0.453,0.017,False,False,False
19.159,True,0.295,0.455,0.017,False,False,False
19.183,True,0.295,0.453,0.017,False,False,False
19.233,True,0.298,0.452,0.017,False,False,False
19.27,True,0.298,0.452,0.017,False,False,False
19.296,True,0.288,0.451,0.017,False,False,False
19.333,True,0.289,0.452,0.017,False,False,False
19.365,True,0.279,0.452,0.017,False,False,False
19.398,True,0.273,0.453,0.017,False,False,False
19.426,True,0.272,0.452,0.017,False,False,False
19.455,True,0.276,0.455,0.017,False,False,False
19.493,True,0.275,0.453,0.017,False,False,False
19.523,True,0.275,0.452,0.017,False,False,False
19.555,True,0.273,0.451,0.017,False,False,False
19.585,True,0.273,0.452,0.017,False,False,False
19.638,True,0.266,0.451,0.017,False,False,False
19.663,True,0.269,0.452,0.017,False,False,False
19.695,True,0.269,0.45,0.017,False,False,False
19.733,True,0.271,0.45,0.017,False,False,False
19.765,True,0.273,0.449,0.017,False,False,False
19.795,True,0.268,0.451,0.017,False,False,False
19.827,True,0.268,0.452,0.017,False,False,False
19.863,True,0.268,0.449,0.017,False,False,False
19.895,True,0.272,0.45,0.017,False,False,False
19.925,True,0.269,0.45,0.017,False,False,False
19.953,True,0.265,0.451,0.017,False,False,False
19.983,True,0.263,0.45,0.017,False,False,False
20.035,True,0.265,0.451,0.017,False,False,False
20.069,True,0.263,0.453,0.017,False,False,False
20.098,True,0.269,0.452,0.017,False,False,False
20.133,True,0.267,0.452,0.017,False,False,False
20.163,True,0.27,0.453,0.017,False,False,False
20.195,True,0.284,0.453,0.017,False,False,False
20.23,True,0.29,0.453,0.017,False,False,False
20.254,True,0.29,0.454,0.017,False,False,False
20.293,True,0.287,0.452,0.017,False,False,False
20.323,True,0.289,0.452,0.017,False,False,False
20.358,True,0.282,0.454,0.017,False,False,False
20.388,True,0.284,0.455,0.017,False,False,False
20.433,True,0.281,0.455,0.017,False,False,False
20.465,True,0.283,0.456,0.017,False,False,False
20.501,True,0.289,0.456,0.017,False,False,False
20.533,True,0.289,0.457,0.017,False,False,False
20.565,True,0.291,0.455,0.017,False,False,False
20.596,True,0.288,0.454,0.017,False,True,True
20.629,True,0.293,0.457,0.017,False,True,True
20.658,True,0.292,0.457,0.017,False,True,True
20.694,True,0.289,0.454,0.017,False,True,True
20.723,True,0.282,0.453,0.017,False,False,False
20.758,True,0.28,0.454,0.017,False,False,False
20.783,True,0.278,0.453,0.017,False,False,False
20.834,True,0.275,0.456,0.017,False,False,False
20.863,True,0.272,0.455,0.017,False,False,False
20.897,True,0.281,0.456,0.017,False,False,False
20.935,True,0.28,0.452,0.017,False,False,False
20.965,True,0.282,0.454,0.017,False,False,False
20.997,True,0.29,0.45,0.017,False,False,False
21.027,True,0.288,0.451,0.017,False,False,False
21.057,True,0.302,0.448,0.017,False,False,False
21.093,True,0.298,0.451,0.017,False,False,False
21.123,True,0.293,0.45,0.017,False,False,False
21.153,True,0.3,0.45,0.017,False,False,False
21.185,True,0.293,0.454,0.017,False,False,False
21.233,True,0.284,0.451,0.017,False,False,False
21.263,True,0.304,0.446,0.017,False,False,False
21.297,True,0.323,0.452,0.017,False,False,False
21.333,True,0.215,0.458,0.017,False,False,False
21.363,True,0.088,0.449,0.022,True,False,False
21.393,True,0.124,0.461,0.028,True,False,False
21.426,True,0.223,0.458,0.028,False,False,False
21.455,True,0.257,0.454,0.028,False,False,False
21.493,True,0.281,0.455,0.028,False,False,False
21.523,True,0.277,0.463,0.028,False,False,False
21.553,True,0.268,0.463,0.028,False,False,False
21.583,True,0.271,0.456,0.028,False,False,False
21.637,True,0.286,0.456,0.028,False,True,True
21.669,True,0.3,0.457,0.028,False,True,True
21.698,True,0.305,0.454,0.028,False,True,True
21.726,True,0.291,0.448,0.028,False,False,False
21.763,True,0.274,0.456,0.028,False,False,False
21.798,True,0.275,0.452,0.028,False,False,False
21.826,True,0.265,0.45,0.028,False,False,False
21.858,True,0.27,0.457,0.028,False,False,False
21.893,True,0.303,0.456,0.028,False,False,False
21.923,True,0.275,0.45,0.028,False,False,False
21.956,True,0.264,0.449,0.028,False,False,False
21.987,True,0.269,0.448,0.028,False,False,False
22.038,True,0.269,0.449,0.028,False,False,False
22.066,True,0.257,0.453,0.028,False,False,False
22.1,True,0.248,0.449,0.028,False,False,False
22.133,True,0.263,0.452,0.028,False,False,False
22.163,True,0.265,0.451,0.028,False,False,False
22.193,True,0.257,0.452,0.028,False,False,False
22.223,True,0.259,0.451,0.028,False,False,False
22.26,True,0.256,0.456,0.028,False,False,False
22.293,True,0.265,0.451,0.028,False,False,False
22.323,True,0.265,0.451,0.028,False,False,False
22.353,True,0.279,0.46,0.028,False,False,False
22.383,True,0.277,0.458,0.028,False,False,False
22.435,True,0.273,0.456,0.028,False,False,False
22.468,True,0.278,0.454,0.028,False,False,False
22.498,True,0.273,0.456,0.028,False,False,False
22.533,True,0.27,0.454,0.028,False,False,False
22.565,True,0.261,0.455,0.028,False,False,False
22.593,True,0.264,0.455,0.028,False,False,False
22.623,True,0.269,0.455,0.028,False,False,False
22.663,True,0.261,0.452,0.028,False,False,False
22.693,True,0.273,0.455,0.028,False,False,False
22.723,True,0.273,0.454,0.028,False,False,False
22.753,True,0.265,0.457,0.028,False,False,False
22.785,True,0.283,0.452,0.028,False,False,False
22.833,True,0.285,0.455,0.028,False,False,False
22.863,True,0.279,0.455,0.028,False,False,False
22.898,True,0.279,0.453,0.028,False,False,False
22.933,True,0.304,0.451,0.028,False,False,False
22.965,True,0.294,0.452,0.028,False,False,False
22.994,True,0.298,0.45,0.028,False,False,False
23.029,True,0.292,0.451,0.028,False,False,False
23.058,True,0.3,0.452,0.028,False,False,False
23.093,True,0.312,0.453,0.028,False,False,False
23.123,True,0.296,0.45,0.028,False,False,False
23.155,True,0.306,0.453,0.028,False,False,False
23.185,True,0.296,0.454,0.028,False,False,False
23.233,True,0.297,0.453,0.028,False,False,False
23.263,True,0.289,0.454,0.028,False,False,False
23.299,True,0.298,0.446,0.028,False,False,False
23.333,True,0.294,0.45,0.028,False,False,False
23.363,True,0.299,0.45,0.028,False,False,False
23.394,True,0.296,0.454,0.028,False,False,False
23.423,True,0.296,0.453,0.028,False,False,False
23.46,True,0.296,0.454,0.028,False,False,False
23.493,True,0.29,0.454,0.028,False,False,False
23.523,True,0.289,0.453,0.028,False,False,False
23.553,True,0.288,0.452,0.028,False,False,False
23.583,True,0.289,0.453,0.028,False,False,False
23.637,True,0.299,0.45,0.028,False,False,False
23.667,True,0.293,0.451,0.028,False,False,False
23.699,True,0.282,0.451,0.028,False,False,False
23.731,True,0.283,0.451,0.028,False,False,False
23.762,True,0.288,0.452,0.028,False,False,False
23.791,True,0.286,0.453,0.028,False,False,False
23.823,True,0.289,0.451,0.028,False,False,False
23.855,True,0.287,0.453,0.028,False,False,False
23.889,True,0.289,0.452,0.028,False,False,False
23.921,True,0.29,0.453,0.028,False,False,False
23.957,True,0.293,0.454,0.028,False,False,False
23.983,True,0.293,0.454,0.028,False,False,False
24.033,True,0.293,0.455,0.028,False,False,False
24.069,True,0.294,0.455,0.028,False,False,False
24.099,True,0.298,0.456,0.028,False,False,False
24.127,True,0.297,0.454,0.028,False,False,False
24.159,True,0.299,0.455,0.028,False,False,False
24.192,True,0.3,0.455,0.028,False,False,False
24.229,True,0.303,0.455,0.028,False,False,False
24.255,True,0.305,0.455,0.028,False,False,False
24.286,True,0.311,0.454,0.028,False,False,False
24.319,True,0.312,0.454,0.022,False,False,False
24.353,True,0.309,0.456,0.017,False,False,False
24.387,True,0.313,0.455,0.017,False,False,False
24.415,True,0.314,0.456,0.017,False,False,False
24.463,True,0.316,0.453,0.017,False,False,False
24.499,True,0.314,0.455,0.017,False,False,False
24.532,True,0.321,0.456,0.017,False,False,False
24.565,True,0.319,0.457,0.017,False,False,False
24.589,True,0.321,0.455,0.017,False,False,False
24.624,True,0.322,0.454,0.017,False,False,False
24.655,True,0.324,0.454,0.017,False,False,False
24.687,True,0.319,0.454,0.017,False,False,False
24.719,True,0.317,0.454,0.017,False,False,False
24.752,True,0.319,0.454,0.017,False,False,False
24.783,True,0.318,0.453,0.017,False,False,False
24.823,True,0.319,0.453,0.017,False,False,False
24.869,True,0.315,0.452,0.017,False,False,False
24.9,True,0.318,0.453,0.011,False,False,False
24.929,True,0.316,0.455,0.011,False,False,False
24.967,True,0.318,0.454,0.011,False,False,False
24.995,True,0.313,0.454,0.011,False,False,False
25.028,True,0.319,0.454,0.011,False,False,False
25.061,True,0.315,0.453,0.011,False,False,False
25.091,True,0.317,0.454,0.011,False,False,False
25.119,True,0.31,0.453,0.011,False,False,False
25.151,True,0.308,0.453,0.011,False,False,False
25.183,True,0.31,0.453,0.011,False,False,False
25.214,True,0.309,0.453,0.011,False,False,False
25.273,True,0.311,0.453,0.011,False,False,False
25.3,True,0.309,0.454,0.011,False,False,False
25.332,True,0.309,0.456,0.011,False,False,False
25.359,True,0.309,0.455,0.011,False,False,False
25.391,True,0.313,0.455,0.011,False,False,False
25.423,True,0.31,0.454,0.011,False,False,False
25.455,True,0.308,0.454,0.011,False,False,False
25.496,True,0.302,0.454,0.011,False,False,False
25.525,True,0.303,0.453,0.011,False,False,False
25.551,True,0.303,0.453,0.011,False,False,False
25.588,True,0.31,0.452,0.011,False,False,False
25.613,True,0.317,0.453,0.011,False,False,False
25.663,True,0.312,0.452,0.011,False,False,False
25.703,True,0.3,0.452,0.011,False,False,False
25.729,True,0.315,0.452,0.011,False,False,False
25.765,True,0.317,0.454,0.011,False,False,False
25.797,True,0.325,0.451,0.011,False,False,False
25.823,True,0.332,0.451,0.011,False,False,False
25.855,True,0.328,0.448,0.011,False,False,False
25.887,True,0.325,0.453,0.011,False,False,False
25.925,True,0.326,0.452,0.011,False,False,False
25.949,True,0.326,0.453,0.011,False,False,False
25.99,True,0.334,0.453,0.011,False,False,False
26.02,True,0.34,0.452,0.011,False,False,False
26.064,True,0.335,0.454,0.011,False,False,False
26.094,True,0.328,0.456,0.011,False,False,False
26.127,True,0.325,0.455,0.011,False,False,False
26.167,True,0.287,0.45,0.011,False,False,False
26.194,True,0.055,0.456,0.017,True,False,False
26.228,True,0.142,0.454,0.022,True,False,False
26.261,True,0.249,0.453,0.022,False,False,False
26.292,True,0.278,0.456,0.022,False,False,False
26.322,True,0.278,0.456,0.022,False,False,False
26.351,True,0.286,0.457,0.022,False,False,False
26.384,True,0.287,0.458,0.022,False,False,False
26.416,True,0.285,0.459,0.022,False,False,False
26.468,True,0.292,0.456,0.022,False,False,False
26.502,True,0.302,0.454,0.022,False,False,False
26.528,True,0.312,0.452,0.022,False,False,False
26.559,True,0.315,0.453,0.022,False,False,False
26.592,True,0.312,0.454,0.022,False,False,False
26.623,True,0.322,0.456,0.022,False,False,False
26.655,True,0.321,0.454,0.022,False,False,False
26.687,True,0.309,0.452,0.022,False,False,False
26.721,True,0.171,0.458,0.028,True,False,False
26.756,True,0.043,0.453,0.033,True,False,False
26.783,True,0.088,0.453,0.039,True,False,False
26.815,True,0.246,0.452,0.039,False,False,False
26.863,True,0.288,0.454,0.039,False,False,False
26.895,True,0.308,0.453,0.039,False,False,False
26.927,True,0.31,0.454,0.039,False,False,False
26.962,True,0.321,0.456,0.039,False,False,False
26.996,True,0.311,0.453,0.039,False,False,False
27.028,True,0.244,0.454,0.039,False,False,False
27.062,True,0.054,0.453,0.044,True,False,False
27.089,True,0.048,0.448,0.05,True,False,False
27.12,True,0.196,0.449,0.056,True,False,False
27.151,True,0.286,0.445,0.056,False,False,False
27.183,True,0.329,0.444,0.056,False,False,False
27.217,True,0.33,0.445,0.056,False,False,False
27.27,True,0.33,0.444,0.056,False,False,False
27.303,True,0.329,0.447,0.056,False,False,False
27.335,True,0.333,0.448,0.056,False,False,False
27.359,True,0.33,0.448,0.05,False,False,False
27.396,True,0.327,0.451,0.044,False,False,False
27.429,True,0.341,0.45,0.044,False,False,False
27.461,True,0.34,0.448,0.044,False,False,False
27.492,True,0.293,0.452,0.044,False,False,False
27.525,True,0.08,0.453,0.05,True,False,False
27.557,True,0.199,0.449,0.056,True,False,False
27.581,True,0.245,0.451,0.056,False,False,False
27.614,True,0.276,0.452,0.056,False,False,False
27.67,True,0.289,0.449,0.056,False,False,False
27.7,True,0.298,0.45,0.056,False,False,False
27.733,True,0.303,0.45,0.056,False,False,False
27.765,True,0.304,0.45,0.056,False,False,False
27.797,True,0.309,0.451,0.056,False,False,False
27.829,True,0.311,0.45,0.056,False,False,False
27.861,True,0.311,0.451,0.056,False,False,False
27.892,True,0.308,0.453,0.056,False,False,False
27.925,True,0.307,0.45,0.056,False,False,False
27.955,True,0.308,0.45,0.056,False,False,False
27.991,True,0.319,0.451,0.056,False,False,False
28.018,True,0.319,0.45,0.056,False,False,False
28.068,True,0.317,0.451,0.056,False,False,False
28.101,True,0.324,0.451,0.056,False,False,False
28.127,True,0.322,0.452,0.056,False,False,False
28.159,True,0.319,0.453,0.056,False,False,False
28.197,True,0.312,0.454,0.056,False,False,False
28.223,True,0.313,0.454,0.056,False,False,False
28.255,True,0.307,0.453,0.056,False,False,False
28.289,True,0.309,0.454,0.056,False,False,False
28.323,True,0.309,0.452,0.056,False,False,False
28.351,True,0.313,0.454,0.056,False,False,False
28.383,True,0.313,0.453,0.056,False,False,False
28.415,True,0.31,0.453,0.056,False,False,False
28.467,True,0.311,0.453,0.056,False,False,False
28.499,True,0.309,0.453,0.056,False,False,False
28.533,True,0.307,0.451,0.056,False,False,False
28.559,True,0.307,0.453,0.056,False,False,False
28.591,True,0.313,0.453,0.056,False,False,False
28.623,True,0.318,0.453,0.056,False,False,False
28.654,True,0.321,0.452,0.056,False,False,False
28.685,True,0.319,0.452,0.056,False,False,False
28.719,True,0.316,0.481,0.056,False,False,False
28.752,True,0.311,0.482,0.056,False,False,False
28.783,True,0.308,0.512,0.056,False,False,False
28.82,True,0.308,0.538,0.056,False,False,False
28.863,True,0.32,0.544,0.056,False,False,False
28.898,True,0.32,0.538,0.056,False,False,False
28.928,True,0.323,0.553,0.056,False,False,False
28.966,True,0.314,0.567,0.056,False,True,True
28.999,True,0.321,0.593,0.056,False,True,True
29.021,True,0.315,0.598,0.056,False,True,True
29.059,True,0.316,0.599,0.056,False,True,True
29.093,True,0.314,0.619,0.056,False,True,True
29.125,True,0.308,0.614,0.056,False,True,True
29.151,True,0.311,0.621,0.056,False,True,True
29.19,True,0.303,0.62,0.056,False,True,True
29.222,True,0.3,0.62,0.056,False,True,True
29.267,True,0.297,0.622,0.056,False,True,True
29.297,True,0.293,0.612,0.056,False,True,True
29.333,True,0.297,0.602,0.056,False,True,True
29.363,True,0.297,0.549,0.056,False,True,True
29.393,True,0.286,0.498,0.056,False,True,True
29.423,True,0.29,0.47,0.056,False,True,True
29.455,True,0.288,0.455,0.056,False,True,True
29.493,True,0.28,0.456,0.056,False,True,True
29.523,True,0.281,0.454,0.056,False,True,True
29.553,True,0.276,0.454,0.056,False,True,True
29.583,True,0.273,0.455,0.056,False,True,True
29.623,True,0.272,0.453,0.056,False,False,False
29.665,True,0.272,0.457,0.056,False,False,False
29.695,True,0.271,0.457,0.056,False,False,False
29.733,True,0.269,0.456,0.056,False,False,False
29.763,True,0.269,0.457,0.056,False,False,False
29.797,True,0.272,0.456,0.056,False,False,False
29.829,True,0.269,0.457,0.056,False,False,False
29.856,True,0.262,0.456,0.056,False,False,False
29.893,True,0.262,0.456,0.056,False,True,True
29.925,True,0.263,0.455,0.056,False,True,True
29.953,True,0.256,0.455,0.056,False,True,True
29.985,True,0.254,0.453,0.056,False,False,False
30.022,True,0.257,0.454,0.056,False,False,False
30.069,True,0.255,0.455,0.056,False,False,False
30.098,True,0.255,0.456,0.056,False,False,False
30.133,True,0.251,0.456,0.056,False,False,False
30.163,True,0.252,0.457,0.056,False,False,False
30.193,True,0.257,0.455,0.056,False,False,False
30.223,True,0.265,0.455,0.056,False,False,False
30.259,True,0.265,0.453,0.056,False,False,False
30.294,True,0.258,0.454,0.056,False,False,False
30.323,True,0.261,0.454,0.056,False,False,False
30.373,True,0.257,0.454,0.056,False,False,False
30.403,True,0.253,0.454,0.056,False,False,False
30.423,True,0.252,0.454,0.056,False,False,False
30.466,True,0.252,0.454,0.056,False,False,False
30.499,True,0.253,0.455,0.056,False,False,False
30.533,True,0.255,0.453,0.056,False,False,False
30.565,True,0.256,0.455,0.056,False,False,False
30.593,True,0.255,0.454,0.056,False,False,False
30.623,True,0.253,0.454,0.056,False,False,False
30.66,True,0.251,0.455,0.056,False,False,False
30.693,True,0.253,0.455,0.056,False,False,False
30.723,True,0.253,0.453,0.056,False,False,False
30.753,True,0.252,0.456,0.056,False,False,False
30.791,True,0.252,0.455,0.056,False,False,False
30.817,True,0.255,0.455,0.056,False,False,False
30.865,True,0.253,0.457,0.056,False,False,False
30.895,True,0.243,0.454,0.056,False,False,False
30.933,True,0.239,0.453,0.056,False,False,False
30.968,True,0.241,0.453,0.056,False,False,False
30.993,True,0.24,0.453,0.056,False,False,False
31.03,True,0.243,0.454,0.056,False,False,False
31.063,True,0.24,0.456,0.056,False,False,False
31.095,True,0.242,0.457,0.056,False,False,False
31.125,True,0.24,0.457,0.056,False,False,False
31.157,True,0.239,0.455,0.056,False,False,False
31.189,True,0.243,0.455,0.056,False,False,False
31.213,True,0.245,0.454,0.056,False,False,False
31.266,True,0.239,0.456,0.056,False,False,False
31.301,True,0.252,0.455,0.056,False,False,False
31.333,True,0.255,0.456,0.056,False,False,False
31.363,True,0.248,0.453,0.056,False,False,False
31.399,True,0.252,0.456,0.056,False,False,False
31.423,True,0.248,0.454,0.056,False,False,False
31.457,True,0.251,0.456,0.056,False,False,False
31.494,True,0.25,0.453,0.056,False,False,False
31.525,True,0.265,0.456,0.056,False,False,False
31.558,True,0.262,0.454,0.056,False,False,False
31.59,True,0.26,0.455,0.056,False,False,False
31.621,True,0.256,0.453,0.056,False,False,False
31.669,True,0.262,0.455,0.056,False,False,False
31.7,True,0.256,0.456,0.056,False,False,False
31.735,True,0.268,0.455,0.056,False,False,False
31.764,True,0.248,0.455,0.056,False,False,False
31.798,True,0.255,0.456,0.056,False,False,False
31.826,True,0.253,0.453,0.056,False,False,False
31.862,True,0.24,0.454,0.056,False,False,False
31.894,True,0.243,0.455,0.056,False,False,False
31.925,True,0.243,0.454,0.056,False,False,False
31.957,True,0.245,0.455,0.056,False,False,False
31.989,True,0.244,0.458,0.056,False,False,False
32.023,True,0.242,0.456,0.056,False,False,False
32.067,True,0.242,0.456,0.056,False,False,False
32.101,True,0.245,0.455,0.056,False,False,False
32.133,True,0.249,0.454,0.056,False,False,False
32.163,True,0.253,0.457,0.056,False,False,False
32.193,True,0.254,0.458,0.05,False,True,True
32.223,True,0.25,0.456,0.044,False,True,True
32.254,True,0.253,0.455,0.044,False,True,True
32.293,True,0.249,0.456,0.044,False,True,True
32.323,True,0.255,0.456,0.044,False,True,True
32.355,True,0.251,0.457,0.044,False,True,True
32.387,True,0.254,0.458,0.044,False,True,True
32.415,True,0.256,0.456,0.044,False,True,True
32.471,True,0.256,0.457,0.044,False,True,True
32.495,True,0.258,0.454,0.044,False,True,True
32.526,True,0.261,0.457,0.044,False,True,True
32.566,True,0.259,0.455,0.044,False,True,True
32.593,True,0.261,0.454,0.044,False,False,False
32.624,True,0.265,0.456,0.044,False,False,False
32.658,True,0.263,0.457,0.044,False,False,False
32.693,True,0.263,0.454,0.044,False,False,False
32.725,True,0.263,0.455,0.039,False,False,False
32.758,True,0.267,0.456,0.033,False,False,False
32.789,True,0.27,0.454,0.028,False,False,False
32.822,True,0.266,0.453,0.028,False,False,False
32.87,True,0.267,0.453,0.028,False,False,False
32.903,True,0.263,0.455,0.028,False,False,False
32.933,True,0.267,0.453,0.028,False,False,False
32.965,True,0.267,0.455,0.028,False,False,False
32.998,True,0.265,0.453,0.028,False,False,False
33.028,True,0.262,0.453,0.028,False,False,False
33.062,True,0.267,0.452,0.022,False,False,False
33.094,True,0.261,0.452,0.017,False,False,False
33.126,True,0.256,0.453,0.011,False,False,False
33.153,True,0.259,0.454,0.011,False,False,False
33.187,True,0.264,0.455,0.011,False,False,False
33.221,True,0.262,0.453,0.011,False,False,False
33.27,True,0.261,0.453,0.011,False,False,False
33.297,True,0.262,0.454,0.011,False,False,False
33.333,True,0.265,0.453,0.011,False,False,False
33.367,True,0.263,0.454,0.011,False,False,False
33.395,True,0.267,0.454,0.011,False,False,False
33.431,True,0.264,0.454,0.011,False,False,False
33.461,True,0.263,0.456,0.011,False,False,False
33.495,True,0.264,0.456,0.011,False,False,False
33.523,True,0.267,0.455,0.006,False,False,False
33.559,True,0.264,0.454,0.0,False,False,False
33.59,True,0.264,0.454,0.0,False,False,False
33.618,True,0.263,0.454,0.0,False,False,False
33.666,True,0.269,0.454,0.0,False,False,False
33.701,True,0.267,0.454,0.0,False,False,False
33.733,True,0.266,0.454,0.0,False,False,False
33.763,True,0.272,0.454,0.0,False,False,False
33.793,True,0.276,0.454,0.0,False,False,False
33.825,True,0.273,0.454,0.0,False,False,False
33.853,True,0.272,0.454,0.0,False,False,False
33.893,True,0.266,0.454,0.0,False,False,False
33.923,True,0.269,0.453,0.0,False,False,False
33.953,True,0.269,0.454,0.0,False,False,False
33.992,True,0.271,0.455,0.0,False,False,False
34.015,True,0.264,0.454,0.0,False,False,False
34.053,True,0.268,0.455,0.0,False,False,False
34.097,True,0.265,0.455,0.0,False,False,False
34.133,True,0.271,0.455,0.0,False,False,False
34.163,True,0.271,0.455,0.0,False,False,False
34.193,True,0.269,0.455,0.0,False,True,True
34.225,True,0.271,0.454,0.0,False,False,False
34.259,True,0.275,0.454,0.0,False,False,False
34.293,True,0.272,0.454,0.0,False,False,False
34.327,True,0.269,0.454,0.0,False,False,False
34.353,True,0.279,0.453,0.0,False,False,False
34.383,True,0.28,0.453,0.0,False,False,False
34.423,True,0.281,0.453,0.0,False,False,False
34.453,True,0.283,0.454,0.0,False,False,False
34.501,True,0.28,0.453,0.0,False,False,False
34.533,True,0.281,0.456,0.0,False,False,False
34.567,True,0.275,0.455,0.0,False,False,False
34.597,True,0.274,0.452,0.0,False,False,False
34.635,True,0.27,0.452,0.0,False,False,False
34.668,True,0.27,0.453,0.0,False,False,False
34.693,True,0.273,0.453,0.0,False,False,False
34.728,True,0.268,0.453,0.0,False,False,False
34.757,True,0.273,0.455,0.0,False,False,False
34.791,True,0.271,0.452,0.0,False,False,False
34.825,True,0.267,0.452,0.0,False,False,False
34.856,True,0.268,0.453,0.0,False,False,False
34.915,True,0.269,0.453,0.0,False,False,False
34.937,True,0.272,0.454,0.0,False,False,False
34.965,True,0.273,0.452,0.0,False,False,False
34.997,True,0.272,0.454,0.0,False,False,False
35.033,True,0.275,0.454,0.0,False,False,False
35.063,True,0.273,0.454,0.0,False,False,False
35.112,True,0.271,0.453,0.0,False,False,False
35.127,True,0.274,0.453,0.0,False,False,False
35.162,True,0.278,0.452,0.0,False,False,False
35.193,True,0.278,0.456,0.0,False,False,False
35.227,True,0.275,0.454,0.0,False,False,False
35.262,True,0.271,0.455,0.0,False,False,False
35.303,True,0.271,0.455,0.0,False,False,False
35.333,True,0.274,0.455,0.0,False,False,False
35.37,True,0.274,0.455,0.0,False,False,False
35.394,True,0.273,0.455,0.0,False,False,False
35.434,True,0.272,0.453,0.0,False,False,False
35.464,True,0.277,0.455,0.0,False,False,False
35.498,True,0.263,0.454,0.0,False,False,False
35.533,True,0.258,0.454,0.0,False,False,False
35.561,True,0.255,0.453,0.0,False,False,False
35.582,True,0.253,0.452,0.0,False,False,False
35.623,True,0.252,0.453,0.0,False,False,False
35.66,True,0.233,0.452,0.0,False,False,False
35.698,True,0.232,0.452,0.0,False,False,False
35.728,True,0.23,0.452,0.0,False,False,False
35.76,True,0.232,0.455,0.0,False,False,False
35.802,True,0.222,0.452,0.0,False,False,False
35.831,True,0.219,0.45,0.0,False,False,False
35.862,True,0.216,0.45,0.0,False,False,False
35.894,True,0.225,0.45,0.0,False,False,False
35.926,True,0.222,0.452,0.0,False,False,False
35.961,True,0.226,0.451,0.0,False,False,False
35.987,True,0.228,0.452,0.0,False,False,False
36.023,True,0.236,0.454,0.0,False,False,False
36.054,True,0.23,0.452,0.0,False,False,False
36.102,True,0.232,0.452,0.0,False,False,False
36.135,True,0.231,0.452,0.0,False,False,False
36.16,True,0.242,0.451,0.0,False,False,False
36.199,True,0.237,0.45,0.0,False,False,False
36.225,True,0.241,0.454,0.0,False,False,False
36.257,True,0.239,0.452,0.0,False,False,False
36.287,True,0.243,0.451,0.0,False,False,False
36.322,True,0.24,0.453,0.0,False,False,False
36.358,True,0.237,0.452,0.0,False,False,False
36.392,True,0.241,0.453,0.0,False,False,False
36.423,True,0.238,0.454,0.0,False,False,False
36.454,True,0.222,0.451,0.0,False,False,False
36.505,True,0.226,0.451,0.0,False,False,False
36.533,True,0.223,0.451,0.0,False,False,False
36.565,True,0.219,0.454,0.0,False,False,False
36.591,True,0.219,0.454,0.0,False,False,False
36.629,True,0.222,0.453,0.0,False,False,False
36.658,True,0.219,0.454,0.0,False,False,False
36.693,True,0.221,0.453,0.0,False,False,False
36.717,True,0.219,0.452,0.0,False,False,False
36.751,True,0.221,0.453,0.0,False,False,False
36.787,True,0.219,0.453,0.0,False,False,False
36.824,True,0.223,0.454,0.0,False,False,False
36.852,True,0.22,0.454,0.0,False,False,False
36.897,True,0.22,0.453,0.0,False,False,False
36.927,True,0.223,0.454,0.0,False,False,False
36.966,True,0.227,0.453,0.0,False,False,False
36.998,True,0.227,0.453,0.0,False,False,False
37.029,True,0.221,0.453,0.0,False,False,False
37.056,True,0.224,0.454,0.0,False,False,False
37.094,True,0.224,0.452,0.0,False,False,False
37.119,True,0.226,0.453,0.0,False,False,False
37.151,True,0.227,0.454,0.0,False,False,False
37.185,True,0.229,0.454,0.0,False,False,False
37.224,True,0.229,0.454,0.0,False,False,False
37.256,True,0.225,0.454,0.0,False,False,False
37.295,True,0.222,0.453,0.0,False,False,False
37.329,True,0.223,0.452,0.0,False,False,False
37.363,True,0.223,0.452,0.0,False,False,False
37.393,True,0.221,0.449,0.0,False,False,False
37.431,True,0.226,0.451,0.0,False,False,False
37.463,True,0.213,0.452,0.0,False,False,False
37.493,True,0.219,0.451,0.0,False,False,False
37.525,True,0.224,0.452,0.0,False,False,False
37.555,True,0.23,0.452,0.0,False,False,False
37.585,True,0.227,0.452,0.0,False,False,False
37.617,True,0.229,0.452,0.0,False,False,False
37.647,True,0.228,0.453,0.0,False,False,False
37.701,True,0.225,0.455,0.0,False,False,False
37.728,True,0.229,0.455,0.0,False,False,False
37.76,True,0.23,0.454,0.0,False,False,False
37.798,True,0.229,0.453,0.0,False,False,False
37.829,True,0.231,0.453,0.0,False,False,False
37.858,True,0.246,0.453,0.0,False,False,False
37.887,True,0.253,0.453,0.0,False,False,False
37.92,True,0.255,0.453,0.0,False,False,False
37.958,True,0.261,0.453,0.0,False,False,False
37.986,True,0.256,0.452,0.0,False,False,False
38.021,True,0.256,0.451,0.0,False,False,False
38.048,True,0.258,0.453,0.0,False,False,False
38.101,True,0.258,0.454,0.0,False,False,False
38.134,True,0.255,0.453,0.0,False,False,False
38.16,True,0.27,0.452,0.0,False,False,False
38.195,True,0.266,0.453,0.0,False,False,False
38.229,True,0.277,0.454,0.0,False,False,False
38.255,True,0.275,0.454,0.0,False,False,False
38.289,True,0.274,0.453,0.0,False,False,False
38.321,True,0.279,0.453,0.0,False,False,False
38.355,True,0.282,0.452,0.0,False,False,False
38.386,True,0.273,0.45,0.0,False,False,False
38.421,True,0.273,0.453,0.0,False,False,False
38.454,True,0.276,0.452,0.0,False,False,False
38.502,True,0.275,0.453,0.0,False,False,False
38.534,True,0.276,0.452,0.0,False,False,False
38.565,True,0.276,0.455,0.0,False,False,False
38.598,True,0.274,0.455,0.0,False,False,False
38.628,True,0.273,0.456,0.0,False,False,False
38.66,True,0.26,0.457,0.0,False,False,False
38.694,True,0.244,0.457,0.0,False,False,False
38.722,True,0.239,0.457,0.0,False,False,False
38.757,True,0.235,0.457,0.0,False,False,False
38.792,True,0.231,0.458,0.0,False,True,True
38.822,True,0.231,0.459,0.0,False,True,True
38.852,True,0.231,0.458,0.0,False,True,True
38.9,True,0.233,0.458,0.0,False,True,True
38.929,True,0.228,0.457,0.0,False,True,True
38.965,True,0.231,0.459,0.0,False,True,True
38.992,True,0.23,0.457,0.0,False,True,True
39.03,True,0.225,0.457,0.0,False,True,True
39.062,True,0.228,0.456,0.0,False,True,True
39.093,True,0.226,0.457,0.0,False,True,True
39.127,True,0.241,0.459,0.0,False,True,True
39.157,True,0.24,0.459,0.0,False,True,True
39.187,True,0.242,0.457,0.0,False,True,True
39.228,True,0.245,0.459,0.0,False,True,True
39.254,True,0.249,0.458,0.0,False,True,True
39.298,True,0.245,0.455,0.0,False,True,True
39.327,True,0.244,0.456,0.0,False,True,True
39.361,True,0.245,0.455,0.0,False,True,True
39.398,True,0.244,0.453,0.0,False,False,False
39.427,True,0.246,0.452,0.0,False,False,False
39.457,True,0.25,0.454,0.0,False,False,False
39.487,True,0.251,0.453,0.0,False,False,False
39.519,True,0.251,0.452,0.0,False,False,False
39.558,True,0.252,0.454,0.0,False,False,False
39.589,True,0.253,0.452,0.0,False,False,False
39.617,True,0.255,0.45,0.0,False,False,False
39.654,True,0.256,0.452,0.0,False,False,False
39.701,True,0.26,0.452,0.0,False,False,False
39.733,True,0.262,0.451,0.0,False,False,False
39.766,True,0.257,0.452,0.0,False,False,False
39.797,True,0.254,0.452,0.0,False,False,False
39.828,True,0.248,0.452,0.0,False,False,False
39.857,True,0.258,0.453,0.0,False,False,False
39.895,True,0.259,0.453,0.0,False,False,False
39.925,True,0.259,0.453,0.0,False,False,False
39.958,True,0.263,0.451,0.0,False,False,False
39.987,True,0.264,0.45,0.0,False,False,False
40.022,True,0.271,0.451,0.0,False,False,False
40.054,True,0.273,0.451,0.0,False,False,False
40.098,True,0.269,0.452,0.0,False,False,False
40.129,True,0.272,0.45,0.0,False,False,False
40.166,True,0.257,0.451,0.0,False,False,False
40.197,True,0.249,0.451,0.0,False,False,False
40.227,True,0.241,0.453,0.0,False,False,False
40.257,True,0.244,0.454,0.0,False,False,False
40.287,True,0.238,0.453,0.0,False,False,False
40.327,True,0.238,0.454,0.0,False,False,False
40.357,True,0.237,0.454,0.0,False,False,False
40.387,True,0.232,0.453,0.0,False,False,False
40.419,True,0.239,0.453,0.0,False,False,False
40.449,True,0.235,0.454,0.0,False,False,False
40.5,True,0.239,0.452,0.0,False,False,False
40.527,True,0.239,0.452,0.0,False,False,False
40.566,True,0.24,0.453,0.0,False,False,False
40.598,True,0.242,0.453,0.0,False,False,False
40.629,True,0.237,0.454,0.0,False,False,False
40.661,True,0.23,0.454,0.0,False,False,False
40.693,True,0.232,0.453,0.0,False,False,False
40.719,True,0.232,0.452,0.0,False,False,False
40.757,True,0.232,0.452,0.0,False,False,False
40.787,True,0.235,0.454,0.0,False,False,False
40.817,True,0.227,0.453,0.0,False,False,False
40.847,True,0.232,0.453,0.0,False,False,False
40.901,True,0.234,0.45,0.0,False,False,False
40.933,True,0.237,0.449,0.0,False,False,False
40.966,True,0.242,0.452,0.0,False,False,False
40.999,True,0.241,0.45,0.0,False,False,False
41.027,True,0.241,0.45,0.0,False,False,False
41.057,True,0.237,0.45,0.0,False,False,False
41.092,True,0.232,0.451,0.0,False,False,False
41.126,True,0.23,0.451,0.0,False,False,False
41.157,True,0.23,0.451,0.0,False,False,False
41.189,True,0.229,0.451,0.0,False,False,False
41.222,True,0.223,0.452,0.0,False,False,False
41.247,True,0.226,0.453,0.0,False,False,False
41.299,True,0.225,0.454,0.0,False,False,False
41.327,True,0.225,0.452,0.0,False,False,False
41.359,True,0.232,0.452,0.0,False,False,False
41.397,True,0.239,0.454,0.0,False,False,False
41.427,True,0.238,0.452,0.0,False,False,False
41.461,True,0.238,0.455,0.0,False,False,False
41.493,True,0.236,0.453,0.0,False,False,False
41.527,True,0.229,0.453,0.0,False,False,False
41.557,True,0.222,0.454,0.0,False,False,False
41.587,True,0.226,0.454,0.0,False,False,False
41.622,True,0.225,0.454,0.0,False,False,False
41.654,True,0.23,0.452,0.0,False,False,False
41.698,True,0.23,0.453,0.0,False,False,False
41.729,True,0.232,0.452,0.0,False,False,False
41.76,True,0.228,0.452,0.0,False,False,False
41.798,True,0.235,0.454,0.0,False,False,False
41.827,True,0.238,0.453,0.0,False,False,False
41.857,True,0.232,0.453,0.0,False,False,False
41.895,True,0.232,0.453,0.0,False,False,False
41.921,True,0.229,0.453,0.0,False,False,False
41.957,True,0.236,0.452,0.0,False,False,False
41.987,True,0.237,0.452,0.0,False,False,False
42.027,True,0.242,0.452,0.0,False,False,False
42.057,True,0.26,0.451,0.0,False,False,False
42.101,True,0.273,0.453,0.0,False,False,False
42.132,True,0.276,0.453,0.0,False,False,False
42.171,True,0.277,0.452,0.0,False,False,False
42.2,True,0.278,0.454,0.0,False,False,False
42.232,True,0.279,0.454,0.0,False,False,False
42.262,True,0.285,0.455,0.0,False,False,False
42.3,True,0.278,0.452,0.0,False,False,False
42.327,True,0.28,0.452,0.0,False,False,False
42.357,True,0.273,0.453,0.0,False,False,False
42.392,True,0.278,0.453,0.0,False,False,False
42.423,True,0.28,0.453,0.0,False,False,False
42.449,True,0.281,0.453,0.0,False,False,False
42.5,True,0.28,0.453,0.0,False,False,False
42.537,True,0.281,0.452,0.0,False,False,False
42.567,True,0.286,0.45,0.0,False,False,False
42.6,True,0.285,0.452,0.0,False,False,False
42.632,True,0.283,0.452,0.0,False,False,False
42.662,True,0.277,0.453,0.0,False,False,False
42.697,True,0.283,0.453,0.0,False,False,False
42.727,True,0.271,0.453,0.0,False,False,False
42.762,True,0.273,0.454,0.0,False,False,False
42.792,True,0.273,0.452,0.0,False,False,False
42.822,True,0.273,0.453,0.0,False,False,False
42.852,True,0.277,0.453,0.0,False,False,False
42.901,True,0.279,0.453,0.0,False,False,False
42.937,True,0.269,0.45,0.0,False,False,False
42.967,True,0.267,0.451,0.0,False,False,False
43.001,True,0.279,0.452,0.0,False,False,False
43.032,True,0.282,0.453,0.0,False,False,False
43.062,True,0.286,0.455,0.0,False,False,False
43.097,True,0.292,0.453,0.0,False,False,False
43.127,True,0.298,0.454,0.0,False,False,False
43.162,True,0.3,0.456,0.0,False,False,False
43.192,True,0.308,0.454,0.0,False,False,False
43.222,True,0.305,0.453,0.0,False,False,False
43.257,True,0.307,0.45,0.0,False,False,False
43.302,True,0.299,0.448,0.0,False,False,False
43.332,True,0.301,0.448,0.0,False,False,False
43.367,True,0.297,0.448,0.0,False,False,False
43.397,True,0.287,0.448,0.0,False,False,False
43.432,True,0.288,0.449,0.0,False,False,False
43.462,True,0.279,0.449,0.0,False,False,False
43.497,True,0.275,0.461,0.0,False,False,False
43.527,True,0.271,0.48,0.0,False,False,False
43.557,True,0.278,0.501,0.0,False,False,False
43.592,True,0.288,0.531,0.0,False,False,False
43.622,True,0.275,0.546,0.0,False,False,False
43.657,True,0.276,0.556,0.0,False,False,False
43.687,True,0.275,0.566,0.0,False,False,False
43.737,True,0.276,0.57,0.0,False,True,True
43.767,True,0.267,0.58,0.0,False,True,True
43.797,True,0.272,0.594,0.0,False,True,True
43.832,True,0.261,0.591,0.0,False,True,True
43.862,True,0.247,0.589,0.0,False,True,True
43.897,True,0.237,0.588,0.0,False,True,True
43.927,True,0.227,0.6,0.0,False,True,True
43.962,True,0.218,0.593,0.0,False,True,True
43.987,True,0.218,0.601,0.0,False,True,True
44.018,True,0.214,0.61,0.0,False,True,True
44.053,True,0.21,0.614,0.0,False,True,True
44.087,True,0.211,0.615,0.0,False,True,True
44.127,True,0.211,0.617,0.0,False,True,True
44.167,True,0.204,0.625,0.0,False,True,True
44.197,True,0.21,0.619,0.0,False,True,True
44.227,True,0.211,0.619,0.0,False,True,True
44.262,True,0.209,0.627,0.0,False,True,True
44.297,True,0.207,0.624,0.0,False,True,True
44.327,True,0.212,0.622,0.0,False,True,True
44.357,True,0.209,0.633,0.0,False,True,True
44.392,True,0.211,0.63,0.0,False,True,True
44.425,True,0.211,0.634,0.0,False,True,True
44.457,True,0.214,0.623,0.0,False,True,True
44.487,True,0.214,0.628,0.0,False,True,True
44.532,True,0.215,0.633,0.0,False,True,True
44.567,True,0.216,0.642,0.0,False,True,True
44.597,True,0.215,0.629,0.0,False,True,True
44.627,True,0.22,0.65,0.0,False,True,True
44.662,True,0.22,0.644,0.0,False,True,True
44.697,True,0.216,0.641,0.0,False,True,True
44.727,True,0.226,0.637,0.0,False,True,True
44.757,True,0.223,0.633,0.0,False,True,True
44.792,True,0.224,0.628,0.0,False,True,True
44.822,True,0.224,0.63,0.0,False,True,True
44.852,True,0.223,0.64,0.0,False,True,True
44.887,True,0.218,0.627,0.0,False,True,True
44.932,True,0.219,0.623,0.0,False,True,True
44.967,True,0.222,0.623,0.0,False,True,True
44.998,True,0.22,0.624,0.0,False,True,True
45.027,True,0.223,0.629,0.0,False,True,True
45.057,True,0.223,0.63,0.0,False,True,True
45.092,True,0.226,0.632,0.0,False,True,True
45.127,True,0.221,0.634,0.0,False,True,True
45.155,True,0.222,0.63,0.0,False,True,True
45.185,True,0.223,0.626,0.0,False,True,True
45.215,True,0.224,0.632,0.0,False,True,True
45.257,True,0.225,0.634,0.0,False,True,True
45.279,True,0.225,0.628,0.0,False,True,True
45.326,True,0.229,0.636,0.0,False,True,True
45.366,True,0.23,0.647,0.0,False,True,True
45.398,True,0.231,0.647,0.0,False,True,True
45.428,True,0.234,0.65,0.0,False,True,True
45.463,True,0.228,0.652,0.0,False,True,True
45.493,True,0.225,0.639,0.0,False,True,True
45.528,True,0.232,0.648,0.0,False,True,True
45.563,True,0.228,0.625,0.0,False,True,True
45.585,True,0.235,0.609,0.0,False,True,True
45.623,True,0.227,0.584,0.0,False,True,True
45.653,True,0.224,0.538,0.0,False,True,True
45.683,True,0.225,0.497,0.0,False,True,True
45.733,True,0.229,0.482,0.0,False,True,True
45.768,True,0.234,0.477,0.0,False,True,True
45.798,True,0.23,0.469,0.0,False,True,True
45.833,True,0.228,0.464,0.0,False,True,True
45.863,True,0.234,0.455,0.0,False,True,True
45.893,True,0.229,0.453,0.0,False,False,False
45.928,True,0.23,0.454,0.0,False,False,False
45.958,True,0.225,0.453,0.0,False,False,False
45.993,True,0.225,0.453,0.0,False,False,False
46.023,True,0.223,0.454,0.0,False,False,False
46.053,True,0.224,0.454,0.0,False,False,False
46.088,True,0.225,0.454,0.0,False,False,False
46.135,True,0.223,0.453,0.0,False,False,False
46.167,True,0.224,0.45,0.0,False,False,False
46.198,True,0.22,0.448,0.0,False,False,False
46.228,True,0.223,0.448,0.0,False,False,False
46.255,True,0.222,0.448,0.0,False,False,False
46.293,True,0.226,0.447,0.0,False,False,False
46.323,True,0.226,0.448,0.0,False,False,False
46.358,True,0.226,0.449,0.0,False,False,False
46.385,True,0.225,0.45,0.0,False,False,False
46.423,True,0.225,0.45,0.0,False,False,False
46.453,True,0.224,0.451,0.0,False,False,False
46.483,True,0.227,0.451,0.0,False,False,False
46.538,True,0.23,0.451,0.0,False,False,False
46.563,True,0.231,0.451,0.0,False,False,False
46.598,True,0.232,0.45,0.0,False,False,False
46.633,True,0.229,0.449,0.0,False,False,False
46.663,True,0.232,0.452,0.0,False,False,False
46.693,True,0.227,0.449,0.0,False,False,False
46.728,True,0.234,0.451,0.0,False,False,False
46.758,True,0.227,0.45,0.0,False,False,False
46.793,True,0.232,0.452,0.0,False,False,False
46.823,True,0.233,0.452,0.0,False,False,False
46.858,True,0.237,0.451,0.0,False,False,False
46.888,True,0.238,0.449,0.0,False,False,False
46.938,True,0.237,0.451,0.0,False,False,False
46.968,True,0.227,0.452,0.0,False,False,False
47.003,True,0.217,0.45,0.0,False,False,False
47.033,True,0.211,0.451,0.0,False,False,False
47.063,True,0.216,0.45,0.0,False,False,False
47.098,True,0.211,0.452,0.0,False,False,False
47.128,True,0.209,0.453,0.0,False,False,False
47.158,True,0.208,0.452,0.0,False,False,False
47.193,True,0.208,0.453,0.0,False,False,False
47.223,True,0.21,0.452,0.0,False,False,False
47.255,True,0.207,0.452,0.0,False,False,False
47.293,True,0.203,0.453,0.0,False,False,False
47.335,True,0.205,0.453,0.0,False,False,False
47.368,True,0.208,0.454,0.0,False,False,False
47.403,True,0.211,0.454,0.0,False,False,False
47.433,True,0.209,0.454,0.0,False,False,False
47.463,True,0.209,0.453,0.0,False,False,False
47.495,True,0.207,0.453,0.0,False,False,False
47.528,True,0.21,0.454,0.0,False,False,False
47.555,True,0.211,0.453,0.0,False,False,False
47.593,True,0.211,0.453,0.0,False,False,False
47.623,True,0.212,0.453,0.0,False,False,False
47.656,True,0.216,0.453,0.0,False,False,False
47.688,True,0.213,0.453,0.0,False,False,False
47.736,True,0.219,0.451,0.0,False,False,False
47.767,True,0.217,0.451,0.0,False,False,False
47.798,True,0.218,0.451,0.0,False,False,False
47.833,True,0.218,0.451,0.0,False,False,False
47.863,True,0.217,0.452,0.0,False,False,False
47.899,True,0.211,0.453,0.0,False,False,False
47.925,True,0.21,0.454,0.0,False,False,False
47.963,True,0.208,0.451,0.0,False,False,False
47.988,True,0.206,0.452,0.0,False,False,False
48.023,True,0.21,0.452,0.0,False,False,False
48.057,True,0.209,0.453,0.0,False,False,False
48.089,True,0.208,0.452,0.0,False,False,False
48.138,True,0.198,0.453,0.006,True,False,False
48.168,True,0.202,0.453,0.006,False,False,False
48.198,True,0.199,0.454,0.011,True,False,False
48.233,True,0.201,0.452,0.011,False,False,False
48.263,True,0.203,0.452,0.011,False,False,False
48.293,True,0.204,0.452,0.011,False,False,False
48.323,True,0.201,0.452,0.011,False,False,False
48.363,True,0.206,0.453,0.011,False,False,False
48.393,True,0.2,0.451,0.011,False,False,False
48.423,True,0.201,0.451,0.011,False,False,False
48.458,True,0.203,0.451,0.011,False,False,False
48.483,True,0.203,0.451,0.011,False,False,False
48.533,True,0.203,0.453,0.011,False,False,False
48.563,True,0.206,0.452,0.011,False,False,False
48.598,True,0.206,0.452,0.011,False,False,False
48.625,True,0.207,0.452,0.011,False,False,False
48.658,True,0.209,0.452,0.011,False,False,False
48.693,True,0.207,0.453,0.011,False,False,False
48.726,True,0.207,0.453,0.011,False,False,False
48.758,True,0.205,0.454,0.011,False,False,False
48.793,True,0.206,0.453,0.011,False,False,False
48.823,True,0.203,0.452,0.011,False,False,False
48.853,True,0.205,0.453,0.011,False,False,False
48.883,True,0.206,0.453,0.011,False,False,False
48.938,True,0.209,0.455,0.011,False,False,False
48.968,True,0.204,0.454,0.011,False,False,False
48.998,True,0.206,0.454,0.011,False,False,False
49.028,True,0.208,0.453,0.011,False,False,False
49.068,True,0.213,0.452,0.011,False,False,False
49.095,True,0.216,0.454,0.011,False,False,False
49.128,True,0.218,0.452,0.011,False,False,False
49.158,True,0.215,0.453,0.011,False,False,False
49.193,True,0.214,0.454,0.011,False,False,False
49.223,True,0.22,0.453,0.011,False,False,False
49.253,True,0.218,0.451,0.011,False,False,False
49.286,True,0.241,0.452,0.011,False,False,False
49.333,True,0.252,0.453,0.011,False,False,False
49.363,True,0.254,0.454,0.011,False,False,False
49.399,True,0.254,0.454,0.011,False,False,False
49.433,True,0.252,0.456,0.011,False,False,False
49.463,True,0.252,0.455,0.011,False,False,False
49.493,True,0.252,0.454,0.011,False,False,False
49.523,True,0.255,0.453,0.011,False,False,False
49.553,True,0.254,0.454,0.011,False,False,False
49.585,True,0.254,0.453,0.011,False,False,False
49.623,True,0.238,0.454,0.011,False,False,False
49.653,True,0.226,0.454,0.011,False,False,False
49.688,True,0.229,0.454,0.011,False,False,False
49.733,True,0.225,0.454,0.011,False,False,False
49.768,True,0.232,0.454,0.011,False,False,False
49.798,True,0.229,0.455,0.011,False,False,False
49.833,True,0.23,0.455,0.011,False,False,False
49.863,True,0.228,0.454,0.011,False,False,False
49.893,True,0.23,0.456,0.011,False,False,False
49.927,True,0.232,0.455,0.011,False,False,False
49.959,True,0.229,0.456,0.011,False,False,False
49.989,True,0.226,0.454,0.011,False,False,False
50.017,True,0.224,0.455,0.011,False,True,True
50.053,True,0.227,0.455,0.011,False,True,True
50.083,True,0.228,0.455,0.011,False,True,True
50.133,True,0.225,0.454,0.011,False,True,True
50.163,True,0.227,0.454,0.011,False,False,False
50.198,True,0.222,0.453,0.011,False,False,False
50.228,True,0.224,0.454,0.011,False,False,False
50.26,True,0.224,0.453,0.011,False,False,False
50.293,True,0.219,0.453,0.011,False,False,False
50.328,True,0.219,0.453,0.011,False,False,False
50.364,True,0.221,0.454,0.011,False,False,False
50.393,True,0.22,0.456,0.011,False,False,False
50.423,True,0.221,0.454,0.011,False,False,False
50.453,True,0.218,0.455,0.011,False,False,False
50.485,True,0.23,0.455,0.011,False,False,False
50.534,True,0.25,0.455,0.011,False,False,False
50.573,True,0.253,0.454,0.011,False,False,False
50.603,True,0.256,0.453,0.011,False,False,False
50.628,True,0.254,0.454,0.011,False,False,False
50.663,True,0.259,0.454,0.011,False,False,False
50.693,True,0.259,0.453,0.011,False,False,False
50.726,True,0.261,0.454,0.011,False,False,False
50.758,True,0.266,0.455,0.011,False,False,False
50.785,True,0.263,0.455,0.011,False,False,False
50.815,True,0.259,0.455,0.011,False,False,False
50.853,True,0.257,0.455,0.011,False,False,False
50.883,True,0.257,0.456,0.011,False,False,False
50.938,True,0.263,0.455,0.011,False,False,False
50.963,True,0.256,0.454,0.011,False,False,False
50.998,True,0.263,0.453,0.011,False,False,False
51.025,True,0.263,0.452,0.011,False,False,False
51.063,True,0.264,0.451,0.011,False,False,False
51.093,True,0.245,0.452,0.011,False,False,False
51.128,True,0.233,0.451,0.011,False,False,False
51.161,True,0.213,0.451,0.011,False,False,False
51.188,True,0.213,0.453,0.011,False,False,False
51.223,True,0.208,0.451,0.011,False,False,False
51.253,True,0.215,0.453,0.011,False,False,False
51.285,True,0.22,0.459,0.011,False,False,False
51.338,True,0.227,0.482,0.011,False,False,False
51.368,True,0.216,0.472,0.011,False,False,False
51.393,True,0.215,0.482,0.011,False,False,False
51.425,True,0.193,0.479,0.017,True,False,False
51.461,True,0.204,0.48,0.017,False,False,False
51.488,True,0.203,0.483,0.017,False,False,False
51.519,True,0.205,0.483,0.017,False,True,True
51.561,True,0.205,0.49,0.017,False,True,True
51.584,True,0.203,0.481,0.017,False,True,True
51.615,True,0.195,0.48,0.022,True,True,True
51.648,True,0.192,0.481,0.028,True,True,True
51.679,True,0.2,0.475,0.028,False,True,True
51.726,True,0.195,0.478,0.033,True,True,True
51.767,True,0.197,0.479,0.039,True,True,True
51.796,True,0.201,0.47,0.039,False,True,True
51.833,True,0.195,0.474,0.044,True,True,True
51.863,True,0.196,0.471,0.05,True,True,True
51.898,True,0.189,0.471,0.056,True,True,True
51.928,True,0.195,0.473,0.061,True,True,True
51.958,True,0.192,0.479,0.067,True,True,True
51.985,True,0.195,0.478,0.072,True,True,True
52.023,True,0.199,0.478,0.078,True,True,True
52.058,True,0.197,0.477,0.083,True,True,True
52.093,True,0.198,0.476,0.089,True,True,True
52.133,True,0.199,0.474,0.094,True,True,True
52.168,True,0.197,0.472,0.1,True,True,True
52.198,True,0.196,0.467,0.106,True,True,True
52.225,True,0.198,0.464,0.111,True,True,True
52.255,True,0.197,0.463,0.117,True,True,True
52.294,True,0.199,0.464,0.117,False,True,True
52.327,True,0.2,0.462,0.117,False,True,True
52.358,True,0.2,0.459,0.117,False,True,True
52.393,True,0.2,0.462,0.117,False,True,True
52.423,True,0.2,0.462,0.117,False,True,True
52.453,True,0.204,0.463,0.117,False,True,True
52.484,True,0.205,0.465,0.117,False,True,True
52.533,True,0.203,0.465,0.117,False,True,True
52.563,True,0.205,0.462,0.117,False,True,True
52.598,True,0.201,0.463,0.117,False,True,True
52.633,True,0.204,0.465,0.117,False,True,True
52.663,True,0.207,0.465,0.117,False,True,True
52.693,True,0.21,0.467,0.117,False,True,True
52.723,True,0.209,0.466,0.117,False,True,True
52.758,True,0.211,0.466,0.117,False,True,True
52.79,True,0.21,0.466,0.117,False,True,True
52.823,True,0.209,0.464,0.117,False,True,True
52.854,True,0.228,0.466,0.117,False,True,True
52.893,True,0.229,0.463,0.117,False,True,True
52.933,True,0.228,0.465,0.117,False,True,True
52.968,True,0.232,0.461,0.117,False,True,True
52.998,True,0.235,0.462,0.117,False,True,True
53.033,True,0.234,0.462,0.117,False,True,True
53.063,True,0.239,0.461,0.117,False,True,True
53.098,True,0.237,0.463,0.117,False,True,True
53.128,True,0.236,0.457,0.117,False,True,True
53.158,True,0.238,0.455,0.117,False,True,True
53.193,True,0.238,0.455,0.117,False,True,True
53.223,True,0.239,0.453,0.117,False,False,False
53.258,True,0.239,0.457,0.117,False,False,False
53.286,True,0.24,0.457,0.117,False,False,False
53.318,True,0.24,0.456,0.117,False,False,False
53.368,True,0.223,0.455,0.117,False,False,False
53.405,True,0.214,0.457,0.117,False,False,False
53.433,True,0.213,0.456,0.117,False,False,False
53.463,True,0.213,0.457,0.117,False,False,False
53.493,True,0.213,0.456,0.117,False,True,True
53.531,True,0.206,0.456,0.117,False,True,True
53.558,True,0.203,0.457,0.117,False,True,True
53.586,True,0.203,0.458,0.117,False,True,True
53.623,True,0.204,0.456,0.117,False,True,True
53.655,True,0.205,0.458,0.117,False,True,True
53.686,True,0.207,0.455,0.117,False,True,True
53.718,True,0.203,0.457,0.117,False,True,True
53.763,True,0.204,0.456,0.117,False,True,True
53.803,True,0.202,0.456,0.117,False,True,True
53.831,True,0.202,0.456,0.117,False,True,True
53.863,True,0.209,0.454,0.117,False,True,True
53.893,True,0.21,0.456,0.117,False,True,True
53.926,True,0.209,0.454,0.117,False,True,True
53.957,True,0.208,0.454,0.117,False,False,False
53.993,True,0.209,0.456,0.117,False,False,False
54.023,True,0.211,0.454,0.117,False,False,False
54.053,True,0.203,0.454,0.117,False,False,False
54.083,True,0.216,0.453,0.117,False,False,False
54.113,True,0.207,0.453,0.111,False,False,False
54.163,True,0.209,0.452,0.111,False,False,False
54.2,True,0.21,0.452,0.106,False,False,False
54.229,True,0.204,0.452,0.106,False,False,False
54.259,True,0.204,0.454,0.106,False,False,False
54.293,True,0.201,0.453,0.106,False,False,False
54.323,True,0.201,0.454,0.106,False,False,False
54.358,True,0.199,0.455,0.106,False,False,False
54.389,True,0.204,0.454,0.106,False,False,False
54.421,True,0.202,0.454,0.106,False,False,False
54.453,True,0.203,0.452,0.106,False,False,False
54.493,True,0.196,0.452,0.111,True,False,False
54.518,True,0.194,0.453,0.117,True,False,False
54.568,True,0.199,0.453,0.122,True,False,False
54.598,True,0.199,0.451,0.122,False,False,False
54.633,True,0.202,0.452,0.122,False,False,False
54.663,True,0.204,0.45,0.122,False,False,False
54.693,True,0.202,0.45,0.122,False,False,False
54.723,True,0.201,0.451,0.122,False,False,False
54.758,True,0.203,0.451,0.122,False,False,False
54.793,True,0.202,0.452,0.122,False,False,False
54.823,True,0.204,0.45,0.122,False,False,False
54.855,True,0.203,0.454,0.122,False,False,False
54.888,True,0.201,0.454,0.122,False,False,False
54.923,True,0.206,0.455,0.122,False,False,False
54.968,True,0.203,0.454,0.122,False,False,False
54.998,True,0.201,0.454,0.122,False,False,False
55.033,True,0.198,0.454,0.128,True,False,False
55.063,True,0.2,0.454,0.128,False,False,False
55.093,True,0.198,0.454,0.133,True,False,False
55.126,True,0.196,0.453,0.139,True,False,False
55.158,True,0.196,0.453,0.144,True,False,False
55.189,True,0.193,0.455,0.15,True,False,False
55.223,True,0.195,0.454,0.156,True,False,False
55.253,True,0.19,0.454,0.161,True,False,False
55.288,True,0.195,0.456,0.167,True,False,False
55.318,True,0.195,0.457,0.172,True,False,False
55.368,True,0.196,0.454,0.178,True,False,False
55.397,True,0.202,0.452,0.178,False,False,False
55.433,True,0.202,0.451,0.178,False,False,False
55.463,True,0.202,0.455,0.178,False,False,False
55.493,True,0.2,0.454,0.178,False,False,False
55.53,True,0.202,0.455,0.178,False,False,False
55.558,True,0.207,0.455,0.178,False,False,False
55.589,True,0.208,0.456,0.178,False,False,False
55.623,True,0.21,0.456,0.178,False,False,False
55.653,True,0.208,0.455,0.178,False,False,False
55.683,True,0.211,0.455,0.178,False,False,False
55.717,True,0.21,0.455,0.178,False,False,False
55.766,True,0.209,0.456,0.178,False,True,True
55.798,True,0.209,0.456,0.178,False,True,True
55.828,True,0.209,0.456,0.178,False,True,True
55.861,True,0.205,0.456,0.178,False,True,True
55.893,True,0.205,0.455,0.178,False,True,True
55.926,True,0.201,0.453,0.178,False,False,False
55.958,True,0.204,0.454,0.178,False,False,False
55.989,True,0.201,0.454,0.178,False,False,False
56.03,True,0.204,0.454,0.178,False,False,False
56.054,True,0.201,0.454,0.178,False,False,False
56.085,True,0.208,0.452,0.178,False,False,False
56.117,True,0.201,0.454,0.178,False,False,False
56.165,True,0.211,0.454,0.178,False,False,False
56.198,True,0.205,0.455,0.178,False,False,False
56.224,True,0.208,0.454,0.178,False,False,False
56.263,True,0.208,0.453,0.178,False,False,False
56.293,True,0.205,0.454,0.178,False,False,False
56.328,True,0.203,0.453,0.178,False,False,False
56.358,True,0.209,0.454,0.178,False,False,False
56.393,True,0.208,0.454,0.178,False,False,False
56.423,True,0.213,0.452,0.178,False,False,False
56.458,True,0.21,0.456,0.178,False,False,False
56.488,True,0.204,0.455,0.178,False,False,False
56.518,True,0.2,0.454,0.178,False,False,False
56.563,True,0.2,0.454,0.178,False,False,False
56.598,True,0.202,0.452,0.178,False,False,False
56.633,True,0.205,0.455,0.178,False,False,False
56.663,True,0.199,0.452,0.183,True,False,False
56.698,True,0.205,0.452,0.183,False,False,False
56.728,True,0.203,0.453,0.183,False,False,False
56.758,True,0.197,0.453,0.189,True,False,False
56.783,True,0.198,0.452,0.194,True,False,False
56.823,True,0.208,0.454,0.194,False,False,False
56.858,True,0.197,0.453,0.2,True,False,False
56.893,True,0.199,0.452,0.2,False,False,False
56.918,True,0.219,0.452,0.2,False,False,False
56.968,True,0.219,0.45,0.2,False,False,False
56.995,True,0.216,0.452,0.2,False,False,False
57.028,True,0.221,0.453,0.2,False,False,False
57.065,True,0.227,0.452,0.2,False,False,False
57.095,True,0.225,0.453,0.2,False,False,False
57.128,True,0.241,0.454,0.2,False,False,False
57.158,True,0.243,0.453,0.2,False,False,False
57.193,True,0.25,0.449,0.2,False,False,False
57.223,True,0.249,0.448,0.2,False,False,False
57.258,True,0.252,0.45,0.2,False,False,False
57.288,True,0.254,0.449,0.2,False,False,False
57.323,True,0.262,0.449,0.2,False,False,False
57.368,True,0.261,0.45,0.2,False,False,False
57.396,True,0.261,0.45,0.2,False,False,False
57.428,True,0.263,0.452,0.194,False,False,False
57.463,True,0.242,0.453,0.194,False,False,False
57.496,True,0.23,0.451,0.194,False,False,False
57.528,True,0.223,0.45,0.194,False,False,False
57.553,True,0.229,0.451,0.194,False,False,False
57.59,True,0.232,0.448,0.194,False,False,False
57.623,True,0.228,0.452,0.189,False,False,False
57.659,True,0.229,0.452,0.183,False,False,False
57.687,True,0.226,0.453,0.183,False,False,False
57.718,True,0.23,0.454,0.178,False,False,False
57.763,True,0.23,0.454,0.172,False,False,False
57.797,True,0.227,0.454,0.172,False,False,False
57.831,True,0.224,0.453,0.167,False,False,False
57.865,True,0.225,0.453,0.161,False,False,False
57.897,True,0.22,0.452,0.156,False,False,False
57.919,True,0.224,0.453,0.15,False,False,False
57.951,True,0.226,0.452,0.144,False,False,False
57.981,True,0.222,0.452,0.139,False,False,False
58.021,True,0.223,0.452,0.133,False,False,False
58.047,True,0.217,0.452,0.128,False,False,False
58.079,True,0.214,0.453,0.122,False,False,False
58.112,True,0.208,0.453,0.117,False,False,False
58.169,True,0.209,0.453,0.111,False,False,False
58.2,True,0.216,0.452,0.106,False,False,False
58.224,True,0.215,0.451,0.1,False,False,False
58.262,True,0.217,0.45,0.094,False,False,False
58.298,True,0.217,0.451,0.094,False,False,False
58.327,True,0.219,0.453,0.094,False,False,False
58.353,True,0.218,0.452,0.094,False,False,False
58.384,True,0.218,0.453,0.094,False,False,False
58.417,True,0.215,0.455,0.094,False,False,False
58.453,True,0.218,0.452,0.094,False,False,False
58.485,True,0.215,0.452,0.094,False,False,False
58.512,True,0.218,0.453,0.094,False,False,False
58.561,True,0.219,0.454,0.094,False,False,False
58.598,True,0.217,0.453,0.094,False,False,False
58.629,True,0.22,0.452,0.094,False,False,False
58.662,True,0.221,0.452,0.094,False,False,False
58.698,True,0.218,0.451,0.094,False,False,False
58.72,True,0.214,0.45,0.094,False,False,False
58.752,True,0.216,0.453,0.094,False,False,False
58.783,True,0.216,0.453,0.094,False,False,False
58.815,True,0.225,0.451,0.094,False,False,False
58.847,True,0.222,0.451,0.094,False,False,False
58.887,True,0.22,0.451,0.094,False,False,False
58.918,True,0.219,0.452,0.094,False,False,False
58.959,True,0.222,0.451,0.094,False,False,False
58.999,True,0.225,0.452,0.094,False,False,False
59.023,True,0.226,0.452,0.094,False,False,False
59.055,True,0.227,0.451,0.094,False,False,False
59.085,True,0.221,0.451,0.094,False,False,False
59.122,True,0.222,0.453,0.094,False,False,False
59.158,True,0.22,0.453,0.094,False,False,False
59.189,True,0.223,0.453,0.094,False,False,False
59.224,True,0.22,0.455,0.094,False,False,False
59.25,True,0.214,0.455,0.094,False,False,False
59.287,True,0.214,0.454,0.094,False,False,False
59.322,True,0.212,0.453,0.094,False,False,False
59.366,True,0.209,0.454,0.094,False,False,False
59.398,True,0.211,0.453,0.094,False,False,False
59.432,True,0.214,0.453,0.094,False,False,False
59.467,True,0.217,0.453,0.094,False,False,False
59.495,True,0.212,0.453,0.094,False,False,False
59.53,True,0.213,0.454,0.094,False,False,False
59.557,True,0.216,0.454,0.094,False,False,False
59.589,True,0.214,0.455,0.094,False,False,False
59.62,True,0.212,0.454,0.094,False,False,False
59.654,True,0.216,0.45,0.094,False,False,False
59.68,True,0.213,0.451,0.094,False,False,False
59.71,True,0.222,0.453,0.094,False,False,False
59.766,True,0.222,0.452,0.094,False,False,False
59.801,True,0.219,0.453,0.094,False,False,False
59.824,True,0.222,0.453,0.094,False,False,False
59.856,True,0.217,0.453,0.094,False,False,False
59.888,True,0.219,0.455,0.094,False,False,False
59.926,True,0.223,0.454,0.094,False,False,False
59.961,True,0.223,0.455,0.094,False,False,False
59.984,True,0.223,0.455,0.094,False,False,False
60.015,True,0.22,0.455,0.094,False,False,False
60.048,True,0.219,0.455,0.094,False,False,False
60.08,True,0.22,0.454,0.094,False,False,False
60.112,True,0.219,0.455,0.094,False,False,False
60.161,True,0.221,0.455,0.094,False,False,False
60.2,True,0.219,0.454,0.094,False,False,False
60.222,True,0.215,0.45,0.094,False,False,False
60.255,True,0.221,0.452,0.094,False,False,False
60.287,True,0.222,0.453,0.094,False,False,False
60.319,True,0.222,0.452,0.094,False,False,False
60.351,True,0.223,0.454,0.094,False,False,False
60.384,True,0.218,0.454,0.094,False,False,False
60.416,True,0.221,0.454,0.094,False,False,False
60.45,True,0.22,0.454,0.094,False,False,False
60.481,True,0.219,0.453,0.089,False,False,False
60.517,True,0.219,0.453,0.083,False,False,False
60.565,True,0.214,0.453,0.078,False,False,False
60.594,True,0.216,0.455,0.078,False,False,False
60.63,True,0.216,0.453,0.078,False,False,False
60.656,True,0.229,0.453,0.078,False,False,False
60.688,True,0.226,0.452,0.078,False,False,False
60.72,True,0.221,0.453,0.078,False,False,False
60.752,True,0.225,0.452,0.078,False,False,False
60.784,True,0.222,0.454,0.078,False,False,False
60.825,True,0.222,0.453,0.078,False,False,False
60.856,True,0.22,0.453,0.078,False,False,False
60.879,True,0.213,0.453,0.078,False,False,False
60.912,True,0.21,0.453,0.078,False,False,False
60.967,True,0.21,0.454,0.078,False,False,False
61.001,True,0.212,0.453,0.078,False,False,False
61.024,True,0.214,0.453,0.072,False,False,False
61.059,True,0.215,0.453,0.072,False,False,False
61.092,True,0.216,0.452,0.067,False,False,False
61.126,True,0.215,0.453,0.061,False,False,False
61.151,True,0.216,0.453,0.056,False,False,False
61.184,True,0.219,0.453,0.05,False,False,False
61.215,True,0.221,0.453,0.044,False,False,False
61.25,True,0.22,0.452,0.039,False,False,False
61.286,True,0.218,0.453,0.033,False,False,False
61.317,True,0.224,0.454,0.028,False,False,False
61.361,True,0.213,0.454,0.022,False,False,False
61.399,True,0.224,0.454,0.022,False,False,False
61.432,True,0.227,0.452,0.022,False,False,False
61.462,True,0.224,0.454,0.022,False,False,False
61.493,True,0.226,0.455,0.022,False,False,False
61.522,True,0.222,0.453,0.022,False,False,False
61.552,True,0.222,0.453,0.022,False,False,False
61.592,True,0.225,0.454,0.022,False,False,False
61.624,True,0.223,0.454,0.022,False,False,False
61.65,True,0.239,0.456,0.022,False,False,False
61.681,True,0.249,0.454,0.022,False,False,False
61.712,True,0.261,0.454,0.022,False,False,False
61.765,True,0.264,0.454,0.022,False,False,False
61.793,True,0.261,0.452,0.022,False,False,False
61.827,True,0.255,0.452,0.022,False,False,False
61.855,True,0.262,0.451,0.022,False,False,False
61.887,True,0.265,0.452,0.022,False,False,False
61.92,True,0.263,0.452,0.022,False,False,False
61.952,True,0.264,0.45,0.022,False,False,False
61.981,True,0.264,0.452,0.022,False,False,False
62.014,True,0.273,0.451,0.022,False,False,False
62.05,True,0.275,0.452,0.022,False,False,False
62.08,True,0.265,0.451,0.022,False,False,False
62.12,True,0.265,0.451,0.022,False,False,False
62.161,True,0.242,0.452,0.022,False,False,False
62.193,True,0.09,0.451,0.028,True,False,False
62.226,True,0.053,0.453,0.033,True,False,False
62.255,True,0.101,0.453,0.039,True,False,False
62.286,True,0.165,0.452,0.044,True,False,False
62.326,True,0.191,0.453,0.05,True,False,False
62.354,True,0.198,0.452,0.056,True,False,False
62.384,True,0.211,0.453,0.056,False,False,False
62.416,True,0.23,0.452,0.056,False,False,False
62.448,True,0.238,0.454,0.056,False,False,False
62.489,True,0.251,0.454,0.056,False,False,False
62.518,True,0.271,0.453,0.056,False,False,False
62.564,True,0.271,0.452,0.056,False,False,False
62.592,True,0.27,0.454,0.056,False,False,False
62.631,True,0.273,0.453,0.056,False,False,False
62.661,True,0.275,0.454,0.05,False,False,False
62.696,True,0.278,0.454,0.05,False,False,False
62.721,True,0.283,0.451,0.05,False,False,False
62.753,True,0.283,0.451,0.044,False,False,False
62.794,True,0.284,0.451,0.039,False,False,False
62.821,True,0.282,0.454,0.039,False,False,False
62.856,True,0.283,0.452,0.033,False,False,False
62.886,True,0.272,0.448,0.033,False,False,False
62.911,True,0.283,0.45,0.033,False,False,False
62.942,True,0.275,0.452,0.033,False,False,False
62.997,True,0.275,0.454,0.033,False,False,False
63.021,True,0.275,0.454,0.033,False,False,False
63.057,True,0.273,0.454,0.033,False,False,False
63.087,True,0.28,0.454,0.033,False,False,False
63.119,True,0.282,0.453,0.033,False,False,False
63.151,True,0.276,0.451,0.033,False,False,False
63.189,True,0.272,0.451,0.033,False,False,False
63.217,True,0.282,0.453,0.033,False,False,False
63.248,True,0.273,0.452,0.033,False,False,False
63.282,True,0.266,0.452,0.033,False,False,False
63.311,True,0.261,0.452,0.033,False,False,False
63.341,True,0.256,0.452,0.033,False,False,False
63.421,True,0.235,0.452,0.033,False,False,False
63.428,True,0.234,0.452,0.033,False,False,False
63.458,True,0.23,0.455,0.033,False,False,False
63.489,True,0.232,0.453,0.033,False,False,False
63.521,True,0.227,0.452,0.033,False,False,False
63.551,True,0.236,0.45,0.033,False,False,False
63.584,True,0.239,0.449,0.033,False,False,False
63.613,True,0.232,0.45,0.033,False,False,False
63.651,True,0.24,0.452,0.033,False,False,False
63.687,True,0.24,0.454,0.033,False,False,False
63.717,True,0.242,0.453,0.033,False,False,False
63.749,True,0.24,0.454,0.033,False,False,False
63.793,True,0.242,0.451,0.033,False,False,False
63.826,True,0.243,0.453,0.033,False,False,False
63.864,True,0.238,0.454,0.033,False,False,False
63.893,True,0.233,0.454,0.033,False,False,False
63.919,True,0.227,0.454,0.033,False,False,False
63.949,True,0.221,0.454,0.033,False,False,False
63.984,True,0.223,0.455,0.033,False,False,False
64.018,True,0.222,0.455,0.033,False,False,False
64.048,True,0.226,0.454,0.033,False,False,False
64.08,True,0.221,0.455,0.033,False,False,False
64.112,True,0.221,0.453,0.033,False,False,False
64.144,True,0.223,0.453,0.033,False,False,False
64.198,True,0.222,0.453,0.033,False,False,False
64.224,True,0.219,0.454,0.033,False,False,False
64.256,True,0.216,0.454,0.033,False,False,False
64.285,True,0.165,0.453,0.039,True,False,False
64.32,True,0.099,0.452,0.044,True,False,False
64.357,True,0.077,0.453,0.05,True,False,False
64.39,True,0.096,0.454,0.056,True,False,False
64.421,True,0.148,0.454,0.061,True,False,False
64.445,True,0.179,0.454,0.067,True,False,False
64.482,True,0.193,0.455,0.072,True,False,False
64.513,True,0.2,0.453,0.072,False,False,False
64.546,True,0.197,0.454,0.078,True,False,False
64.604,True,0.207,0.455,0.078,False,False,False
64.625,True,0.22,0.454,0.078,False,False,False
64.655,True,0.227,0.455,0.078,False,False,False
64.687,True,0.227,0.456,0.078,False,False,False
64.719,True,0.231,0.456,0.078,False,False,False
64.752,True,0.237,0.455,0.078,False,False,False
64.783,True,0.234,0.458,0.078,False,True,True
64.813,True,0.236,0.457,0.078,False,True,True
64.85,True,0.238,0.457,0.078,False,True,True
64.88,True,0.237,0.457,0.078,False,True,True
64.912,True,0.234,0.458,0.078,False,True,True
64.945,True,0.236,0.457,0.078,False,True,True
64.994,True,0.253,0.46,0.078,False,True,True
65.026,True,0.265,0.46,0.078,False,True,True
65.057,True,0.274,0.457,0.078,False,True,True
65.089,True,0.288,0.459,0.078,False,True,True
65.119,True,0.294,0.457,0.078,False,True,True
65.151,True,0.293,0.457,0.078,False,True,True
65.194,True,0.292,0.46,0.078,False,True,True
65.224,True,0.294,0.46,0.078,False,True,True
65.254,True,0.301,0.46,0.078,False,True,True
65.284,True,0.299,0.462,0.078,False,True,True
65.319,True,0.296,0.462,0.078,False,True,True
65.349,True,0.297,0.463,0.078,False,True,True
65.404,True,0.291,0.461,0.078,False,True,True
65.429,True,0.295,0.461,0.078,False,True,True
65.462,True,0.293,0.462,0.078,False,True,True
65.494,True,0.296,0.463,0.078,False,True,True
65.529,True,0.294,0.463,0.078,False,True,True
65.559,True,0.297,0.463,0.078,False,True,True
65.594,True,0.299,0.464,0.078,False,True,True
65.624,True,0.297,0.464,0.078,False,True,True
65.654,True,0.295,0.463,0.078,False,True,True
65.684,True,0.297,0.462,0.078,False,True,True
65.718,True,0.298,0.463,0.078,False,True,True
65.754,True,0.295,0.46,0.078,False,True,True
65.794,True,0.296,0.462,0.078,False,True,True
65.834,True,0.299,0.464,0.078,False,True,True
65.864,True,0.294,0.463,0.078,False,True,True
65.894,True,0.295,0.464,0.078,False,True,True
65.924,True,0.288,0.465,0.078,False,True,True
65.959,True,0.273,0.464,0.078,False,True,True
65.989,True,0.27,0.463,0.078,False,True,True
66.021,True,0.266,0.46,0.078,False,True,True
66.054,True,0.265,0.459,0.078,False,True,True
66.084,True,0.265,0.461,0.078,False,True,True
66.119,True,0.263,0.461,0.078,False,True,True
66.154,True,0.262,0.457,0.078,False,True,True
66.199,True,0.262,0.459,0.078,False,True,True
66.229,True,0.262,0.46,0.078,False,True,True
66.264,True,0.259,0.459,0.078,False,True,True
66.299,True,0.245,0.459,0.078,False,True,True
66.329,True,0.243,0.458,0.078,False,True,True
66.359,True,0.241,0.458,0.078,False,True,True
66.394,True,0.238,0.458,0.078,False,True,True
66.416,True,0.237,0.457,0.078,False,True,True
66.454,True,0.237,0.459,0.078,False,True,True
66.484,True,0.242,0.459,0.078,False,True,True
66.518,True,0.239,0.458,0.078,False,True,True
66.549,True,0.242,0.458,0.078,False,True,True
66.604,True,0.242,0.458,0.078,False,True,True
66.626,True,0.24,0.461,0.078,False,True,True
66.656,True,0.241,0.46,0.078,False,True,True
66.694,True,0.242,0.46,0.078,False,True,True
66.724,True,0.24,0.46,0.078,False,True,True
66.757,True,0.242,0.46,0.078,False,True,True
66.789,True,0.245,0.459,0.078,False,True,True
66.824,True,0.242,0.459,0.078,False,True,True
66.859,True,0.242,0.458,0.078,False,True,True
66.884,True,0.236,0.461,0.078,False,True,True
66.924,True,0.239,0.461,0.078,False,True,True
66.949,True,0.239,0.462,0.078,False,True,True
66.999,True,0.237,0.463,0.078,False,True,True
67.029,True,0.245,0.462,0.078,False,True,True
67.063,True,0.245,0.461,0.078,False,True,True
67.094,True,0.248,0.462,0.078,False,True,True
67.124,True,0.245,0.462,0.078,False,True,True
67.159,True,0.247,0.462,0.078,False,True,True
67.186,True,0.246,0.462,0.078,False,True,True
67.224,True,0.245,0.462,0.078,False,True,True
67.254,True,0.243,0.463,0.078,False,True,True
67.284,True,0.243,0.461,0.078,False,True,True
67.319,True,0.243,0.46,0.078,False,True,True
67.349,True,0.244,0.459,0.078,False,True,True
67.399,True,0.24,0.46,0.078,False,True,True
67.434,True,0.238,0.459,0.078,False,True,True
67.459,True,0.243,0.46,0.078,False,True,True
67.494,True,0.241,0.46,0.078,False,True,True
67.524,True,0.244,0.46,0.078,False,True,True
67.557,True,0.246,0.46,0.078,False,True,True
67.586,True,0.244,0.458,0.078,False,True,True
67.624,True,0.247,0.458,0.078,False,True,True
67.654,True,0.248,0.458,0.078,False,True,True
67.689,True,0.246,0.457,0.078,False,True,True
67.719,True,0.237,0.457,0.078,False,True,True
67.75,True,0.24,0.458,0.078,False,True,True
67.794,True,0.242,0.457,0.078,False,True,True
67.829,True,0.245,0.458,0.078,False,True,True
67.864,True,0.245,0.458,0.078,False,True,True
67.894,True,0.247,0.459,0.078,False,True,True
67.929,True,0.247,0.458,0.078,False,True,True
67.96,True,0.247,0.458,0.078,False,True,True
67.992,True,0.246,0.459,0.078,False,True,True
68.024,True,0.246,0.458,0.078,False,True,True
68.056,True,0.248,0.458,0.078,False,True,True
68.089,True,0.249,0.457,0.078,False,True,True
68.114,True,0.245,0.458,0.078,False,True,True
68.154,True,0.244,0.456,0.078,False,True,True
68.199,True,0.241,0.457,0.072,False,True,True
68.234,True,0.24,0.457,0.067,False,True,True
68.264,True,0.243,0.458,0.061,False,True,True
68.297,True,0.239,0.458,0.056,False,True,True
68.329,True,0.243,0.458,0.05,False,True,True
68.359,True,0.242,0.458,0.044,False,True,True
68.389,True,0.248,0.46,0.044,False,True,True
68.424,True,0.296,0.456,0.044,False,True,True
68.459,True,0.302,0.456,0.044,False,True,True
68.484,True,0.305,0.457,0.044,False,True,True
68.514,True,0.302,0.457,0.044,False,True,True
68.549,True,0.303,0.459,0.044,False,True,True
68.599,True,0.302,0.458,0.044,False,True,True
68.629,True,0.296,0.459,0.044,False,True,True
68.659,True,0.292,0.456,0.044,False,True,True
68.695,True,0.294,0.454,0.044,False,True,True
68.724,True,0.292,0.456,0.044,False,True,True
68.759,True,0.305,0.459,0.044,False,True,True
68.789,True,0.301,0.455,0.044,False,True,True
68.824,True,0.306,0.457,0.044,False,True,True
68.854,True,0.299,0.458,0.044,False,True,True
68.889,True,0.299,0.455,0.044,False,True,True
68.914,True,0.307,0.457,0.044,False,True,True
68.949,True,0.301,0.456,0.044,False,True,True
69.0,True,0.292,0.455,0.044,False,True,True
69.029,True,0.298,0.453,0.044,False,False,False
69.064,True,0.305,0.455,0.044,False,False,False
69.094,True,0.299,0.455,0.044,False,False,False
69.129,True,0.301,0.453,0.044,False,False,False
69.159,True,0.301,0.453,0.044,False,False,False
69.194,True,0.302,0.454,0.044,False,False,False
69.224,True,0.299,0.454,0.044,False,False,False
69.254,True,0.306,0.451,0.044,False,False,False
69.284,True,0.305,0.45,0.044,False,False,False
69.324,True,0.304,0.451,0.044,False,False,False
69.344,True,0.299,0.451,0.044,False,False,False
69.399,True,0.298,0.449,0.044,False,False,False
69.429,True,0.303,0.45,0.044,False,False,False
69.464,True,0.302,0.45,0.044,False,False,False
69.496,True,0.304,0.452,0.044,False,False,False
69.528,True,0.312,0.453,0.044,False,False,False
69.564,True,0.319,0.45,0.044,False,False,False
69.584,True,0.315,0.453,0.044,False,False,False
69.616,True,0.317,0.451,0.044,False,False,False
69.654,True,0.306,0.452,0.044,False,False,False
69.684,True,0.298,0.451,0.044,False,False,False
69.714,True,0.294,0.451,0.044,False,False,False
69.754,True,0.3,0.451,0.044,False,False,False
69.794,True,0.3,0.452,0.044,False,False,False
69.834,True,0.294,0.451,0.044,False,False,False
69.856,True,0.299,0.452,0.044,False,False,False
69.894,True,0.3,0.451,0.044,False,False,False
69.924,True,0.298,0.451,0.044,False,False,False
69.954,True,0.298,0.451,0.044,False,False,False
69.989,True,0.295,0.452,0.044,False,False,False
70.024,True,0.3,0.453,0.044,False,False,False
70.056,True,0.3,0.452,0.044,False,False,False
70.088,True,0.296,0.452,0.044,False,False,False
70.119,True,0.288,0.454,0.044,False,False,False
70.149,True,0.296,0.452,0.044,False,False,False
70.204,True,0.298,0.453,0.044,False,False,False
70.234,True,0.294,0.453,0.044,False,False,False
70.264,True,0.294,0.452,0.044,False,False,False
70.294,True,0.293,0.453,0.039,False,False,False
70.324,True,0.296,0.453,0.033,False,False,False
70.354,True,0.305,0.453,0.028,False,False,False
70.389,True,0.305,0.451,0.022,False,False,False
70.424,True,0.301,0.453,0.017,False,False,False
70.454,True,0.296,0.452,0.011,False,False,False
70.489,True,0.295,0.449,0.006,False,False,False
70.514,True,0.297,0.452,0.006,False,False,False
70.549,True,0.3,0.452,0.0,False,False,False
70.594,True,0.298,0.453,0.0,False,False,False
70.63,True,0.297,0.452,0.0,False,False,False
70.656,True,0.29,0.452,0.0,False,False,False
70.694,True,0.295,0.451,0.0,False,False,False
70.724,True,0.286,0.453,0.0,False,False,False
70.759,True,0.289,0.452,0.0,False,False,False
70.789,True,0.283,0.451,0.0,False,False,False
70.824,True,0.285,0.452,0.0,False,False,False
70.854,True,0.281,0.451,0.0,False,False,False
70.884,True,0.27,0.452,0.0,False,False,False
70.919,True,0.266,0.451,0.0,False,False,False
70.949,True,0.27,0.451,0.0,False,False,False
70.999,True,0.27,0.452,0.0,False,False,False
71.029,True,0.266,0.452,0.0,False,False,False
71.064,True,0.27,0.452,0.0,False,False,False
71.094,True,0.271,0.452,0.0,False,False,False
71.124,True,0.267,0.454,0.0,False,False,False
71.157,True,0.27,0.453,0.0,False,False,False
71.189,True,0.269,0.453,0.0,False,False,False
71.224,True,0.275,0.452,0.0,False,False,False
71.247,True,0.264,0.452,0.0,False,False,False
71.281,True,0.282,0.453,0.0,False,False,False
71.312,True,0.282,0.452,0.0,False,False,False
71.346,True,0.282,0.452,0.0,False,False,False
71.391,True,0.287,0.452,0.0,False,False,False
71.423,True,0.285,0.453,0.0,False,False,False
71.453,True,0.287,0.452,0.0,False,False,False
71.49,True,0.285,0.452,0.0,False,False,False
71.52,True,0.287,0.451,0.0,False,False,False
71.559,True,0.286,0.451,0.0,False,False,False
71.584,True,0.29,0.451,0.0,False,False,False
71.615,True,0.29,0.451,0.0,False,False,False
71.645,True,0.287,0.453,0.0,False,False,False
71.686,True,0.295,0.451,0.0,False,False,False
71.715,True,0.288,0.452,0.0,False,False,False
71.744,True,0.285,0.453,0.0,False,False,False
71.792,True,0.285,0.451,0.0,False,False,False
71.823,True,0.292,0.451,0.0,False,False,False
71.855,True,0.287,0.451,0.0,False,False,False
71.891,True,0.287,0.45,0.0,False,False,False
71.926,True,0.291,0.451,0.0,False,False,False
71.961,True,0.292,0.453,0.0,False,False,False
71.99,True,0.286,0.451,0.0,False,False,False
72.019,True,0.289,0.452,0.0,False,False,False
72.047,True,0.287,0.451,0.0,False,False,False
72.082,True,0.288,0.452,0.0,False,False,False
72.111,True,0.288,0.452,0.0,False,False,False
72.144,True,0.29,0.451,0.0,False,False,False
72.198,True,0.289,0.452,0.0,False,False,False
72.23,True,0.257,0.452,0.0,False,False,False
72.255,True,0.257,0.453,0.0,False,False,False
72.293,True,0.255,0.453,0.0,False,False,False
72.327,True,0.249,0.453,0.0,False,False,False
72.358,True,0.245,0.453,0.0,False,False,False
72.391,True,0.242,0.453,0.0,False,False,False
72.423,True,0.243,0.452,0.0,False,False,False
72.45,True,0.24,0.452,0.0,False,False,False
72.485,True,0.238,0.453,0.0,False,False,False
72.518,True,0.233,0.451,0.0,False,False,False
72.544,True,0.235,0.452,0.0,False,False,False
72.592,True,0.229,0.452,0.0,False,False,False
72.622,True,0.25,0.451,0.0,False,False,False
72.656,True,0.273,0.45,0.0,False,False,False
72.687,True,0.281,0.452,0.0,False,False,False
72.723,True,0.279,0.451,0.0,False,False,False
72.757,True,0.279,0.452,0.0,False,False,False
72.783,True,0.277,0.451,0.0,False,False,False
72.82,True,0.284,0.452,0.0,False,False,False
72.851,True,0.287,0.452,0.0,False,False,False
72.883,True,0.284,0.451,0.0,False,False,False
72.917,True,0.29,0.45,0.0,False,False,False
72.951,True,0.289,0.451,0.0,False,False,False
72.983,True,0.294,0.452,0.0,False,False,False
73.028,True,0.291,0.45,0.0,False,False,False
73.058,True,0.286,0.451,0.0,False,False,False
73.087,True,0.285,0.45,0.0,False,False,False
73.125,True,0.285,0.452,0.0,False,False,False
73.158,True,0.284,0.451,0.0,False,False,False
73.184,True,0.284,0.451,0.0,False,False,False
73.216,True,0.283,0.453,0.0,False,False,False
73.25,True,0.282,0.452,0.0,False,False,False
73.285,True,0.286,0.453,0.0,False,False,False
73.311,True,0.29,0.455,0.0,False,False,False
73.351,True,0.291,0.454,0.0,False,False,False
73.38,True,0.292,0.454,0.0,False,False,False
73.429,True,0.288,0.456,0.0,False,False,False
73.462,True,0.281,0.455,0.0,False,False,False
73.494,True,0.286,0.455,0.0,False,False,False
73.517,True,0.288,0.454,0.0,False,False,False
73.551,True,0.288,0.454,0.0,False,False,False
73.585,True,0.288,0.454,0.0,False,False,False
73.622,True,0.293,0.455,0.0,False,False,False
73.648,True,0.286,0.454,0.0,False,False,False
73.685,True,0.288,0.455,0.0,False,False,False
73.718,True,0.291,0.454,0.0,False,False,False
73.743,True,0.296,0.455,0.0,False,False,False
73.776,True,0.299,0.452,0.0,False,False,False
73.823,True,0.304,0.453,0.0,False,False,False
73.861,True,0.291,0.453,0.0,False,False,False
73.892,True,0.29,0.451,0.0,False,False,False
73.919,True,0.288,0.451,0.0,False,False,False
73.957,True,0.279,0.453,0.0,False,False,False
73.989,True,0.283,0.451,0.0,False,False,False
74.014,True,0.283,0.452,0.0,False,False,False
74.05,True,0.278,0.452,0.0,False,False,False
74.085,True,0.282,0.453,0.0,False,False,False
74.113,True,0.283,0.452,0.0,False,False,False
74.144,True,0.283,0.451,0.0,False,False,False
74.179,True,0.283,0.451,0.0,False,False,False
74.229,True,0.284,0.45,0.0,False,False,False
74.26,True,0.277,0.442,0.0,False,False,False
74.29,True,0.275,0.45,0.0,False,False,False
74.319,True,0.267,0.454,0.0,False,False,False
74.358,True,0.276,0.449,0.0,False,False,False
74.386,True,0.277,0.465,0.0,False,False,False
74.418,True,0.275,0.491,0.0,False,False,False
74.447,True,0.265,0.484,0.0,False,False,False
74.485,True,0.266,0.47,0.0,False,False,False
74.517,True,0.277,0.466,0.0,False,False,False
74.544,True,0.29,0.463,0.0,False,False,False
74.575,True,0.291,0.46,0.0,False,False,False
74.623,True,0.296,0.458,0.0,False,True,True
74.656,True,0.301,0.466,0.0,False,True,True
74.69,True,0.296,0.468,0.0,False,True,True
74.722,True,0.306,0.524,0.0,False,True,True
74.757,True,0.291,0.509,0.0,False,True,True
74.787,True,0.289,0.541,0.0,False,True,True
74.821,True,0.288,0.468,0.0,False,True,True
74.851,True,0.295,0.458,0.0,False,True,True
74.884,True,0.294,0.452,0.0,False,False,False
74.915,True,0.297,0.457,0.0,False,False,False
74.946,True,0.3,0.462,0.0,False,False,False
74.976,True,0.298,0.468,0.0,False,False,False
75.027,True,0.301,0.461,0.0,False,False,False
75.061,True,0.296,0.468,0.0,False,False,False
75.093,True,0.298,0.468,0.0,False,False,False
75.125,True,0.292,0.49,0.0,False,False,False
75.153,True,0.29,0.604,0.0,False,True,True
75.183,True,0.29,0.506,0.0,False,True,True
75.224,True,0.295,0.476,0.0,False,True,True
75.253,True,0.297,0.477,0.0,False,True,True
75.283,True,0.292,0.457,0.0,False,True,True
75.319,True,0.296,0.471,0.0,False,True,True
75.346,True,0.307,0.463,0.0,False,True,True
75.381,True,0.31,0.47,0.0,False,True,True
75.43,True,0.311,0.472,0.0,False,True,True
75.461,True,0.303,0.471,0.0,False,True,True
75.493,True,0.303,0.468,0.0,False,True,True
75.523,True,0.3,0.469,0.0,False,True,True
75.555,True,0.301,0.475,0.0,False,True,True
75.589,True,0.3,0.471,0.0,False,True,True
75.615,True,0.297,0.473,0.0,False,True,True
75.653,True,0.311,0.469,0.0,False,True,True
75.683,True,0.315,0.493,0.0,False,True,True
75.713,True,0.309,0.51,0.0,False,True,True
75.743,True,0.31,0.458,0.0,False,True,True
75.773,True,0.305,0.453,0.0,False,False,False
75.823,True,0.305,0.453,0.0,False,False,False
75.863,True,0.307,0.455,0.0,False,False,False
75.893,True,0.307,0.449,0.0,False,False,False
75.923,True,0.288,0.45,0.0,False,False,False
75.953,True,0.275,0.45,0.0,False,False,False
75.983,True,0.27,0.45,0.0,False,False,False
76.015,True,0.275,0.45,0.0,False,False,False
76.053,True,0.271,0.451,0.0,False,False,False
76.083,True,0.271,0.453,0.0,False,False,False
76.118,True,0.266,0.451,0.0,False,False,False
76.143,True,0.266,0.452,0.0,False,False,False
76.173,True,0.267,0.451,0.0,False,False,False
76.228,True,0.269,0.451,0.0,False,False,False
76.253,True,0.278,0.45,0.0,False,False,False
76.293,True,0.285,0.452,0.0,False,False,False
76.323,True,0.285,0.452,0.0,False,False,False
76.359,True,0.285,0.451,0.0,False,False,False
76.388,True,0.275,0.453,0.0,False,False,False
76.423,True,0.282,0.451,0.0,False,False,False
76.454,True,0.265,0.448,0.0,False,False,False
76.483,True,0.279,0.449,0.0,False,False,False
76.515,True,0.307,0.449,0.0,False,False,False
76.543,True,0.292,0.448,0.0,False,False,False
76.581,True,0.297,0.449,0.0,False,False,False
76.629,True,0.295,0.451,0.0,False,False,False
76.657,True,0.29,0.452,0.0,False,False,False
76.693,True,0.298,0.452,0.0,False,False,False
76.723,True,0.303,0.453,0.0,False,False,False
76.753,True,0.293,0.451,0.0,False,False,False
76.783,True,0.277,0.452,0.0,False,False,False
76.815,True,0.29,0.45,0.0,False,False,False
76.852,True,0.289,0.449,0.0,False,False,False
76.885,True,0.291,0.449,0.0,False,False,False
76.919,True,0.299,0.451,0.0,False,False,False
76.953,True,0.291,0.452,0.0,False,False,False
76.983,True,0.298,0.449,0.0,False,False,False
77.027,True,0.298,0.452,0.0,False,False,False
77.061,True,0.291,0.449,0.0,False,False,False
77.093,True,0.291,0.448,0.0,False,False,False
77.126,True,0.283,0.45,0.0,False,False,False
77.159,True,0.275,0.449,0.0,False,False,False
77.2,True,0.281,0.451,0.0,False,False,False
77.221,True,0.281,0.451,0.0,False,False,False
77.253,True,0.277,0.449,0.0,False,False,False
77.283,True,0.278,0.449,0.0,False,False,False
77.313,True,0.271,0.45,0.0,False,False,False
77.352,True,0.284,0.452,0.0,False,False,False
77.384,True,0.28,0.45,0.0,False,False,False
77.431,True,0.278,0.447,0.0,False,False,False
77.463,True,0.275,0.448,0.0,False,False,False
77.494,True,0.29,0.445,0.0,False,False,False
77.527,True,0.29,0.448,0.0,False,False,False
77.558,True,0.303,0.448,0.0,False,False,False
77.591,True,0.29,0.446,0.0,False,False,False
77.624,True,0.279,0.449,0.0,False,False,False
77.653,True,0.284,0.446,0.0,False,False,False
77.686,True,0.294,0.447,0.0,False,False,False
77.72,True,0.28,0.447,0.0,False,False,False
77.752,True,0.28,0.448,0.0,False,False,False
77.775,True,0.282,0.449,0.0,False,False,False
77.833,True,0.282,0.445,0.0,False,False,False
77.863,True,0.278,0.446,0.0,False,False,False
77.893,True,0.27,0.446,0.0,False,False,False
77.929,True,0.268,0.446,0.0,False,False,False
77.959,True,0.266,0.445,0.0,False,False,False
77.983,True,0.266,0.445,0.0,False,False,False
78.015,True,0.27,0.447,0.0,False,False,False
78.056,True,0.264,0.448,0.0,False,False,False
78.087,True,0.264,0.449,0.0,False,False,False
78.117,True,0.257,0.446,0.0,False,False,False
78.149,True,0.264,0.449,0.0,False,False,False
78.183,True,0.256,0.45,0.0,False,False,False
78.223,True,0.259,0.451,0.0,False,False,False
78.266,True,0.255,0.456,0.0,False,False,False
78.293,True,0.263,0.452,0.0,False,False,False
78.323,True,0.267,0.452,0.0,False,False,False
78.353,True,0.263,0.453,0.0,False,False,False
78.391,True,0.276,0.449,0.0,False,False,False
78.419,True,0.269,0.449,0.0,False,False,False
78.457,True,0.272,0.449,0.0,False,False,False
78.483,True,0.27,0.45,0.0,False,False,False
78.514,True,0.273,0.45,0.0,False,False,False
78.55,True,0.273,0.451,0.0,False,False,False
78.583,True,0.268,0.447,0.0,False,False,False
78.628,True,0.271,0.45,0.0,False,False,False
78.661,True,0.266,0.448,0.0,False,False,False
78.694,True,0.26,0.448,0.0,False,False,False
78.727,True,0.273,0.448,0.0,False,False,False
78.758,True,0.268,0.445,0.0,False,False,False
78.783,True,0.26,0.444,0.0,False,False,False
78.815,True,0.264,0.445,0.0,False,False,False
78.853,True,0.266,0.446,0.0,False,False,False
78.883,True,0.263,0.449,0.0,False,False,False
78.915,True,0.262,0.444,0.0,False,False,False
78.949,True,0.265,0.444,0.0,False,False,False
78.983,True,0.262,0.446,0.0,False,False,False
79.025,True,0.256,0.446,0.0,False,False,False
79.054,True,0.26,0.448,0.0,False,False,False
79.093,True,0.26,0.448,0.0,False,False,False
79.124,True,0.262,0.447,0.0,False,False,False
79.158,True,0.259,0.45,0.0,False,False,False
79.189,True,0.258,0.449,0.0,False,False,False
79.223,True,0.251,0.447,0.0,False,False,False
79.253,True,0.254,0.448,0.0,False,False,False
79.286,True,0.254,0.449,0.0,False,False,False
79.318,True,0.258,0.447,0.0,False,False,False
79.35,True,0.256,0.448,0.0,False,False,False
79.382,True,0.257,0.448,0.0,False,False,False
79.431,True,0.259,0.448,0.0,False,False,False
79.462,True,0.258,0.449,0.0,False,False,False
79.494,True,0.26,0.449,0.0,False,False,False
79.525,True,0.259,0.449,0.0,False,False,False
79.555,True,0.251,0.449,0.0,False,False,False
79.59,True,0.252,0.448,0.0,False,False,False
79.623,True,0.254,0.447,0.0,False,False,False
79.653,True,0.254,0.448,0.0,False,False,False
79.686,True,0.251,0.448,0.0,False,False,False
79.714,True,0.249,0.45,0.0,False,False,False
79.749,True,0.249,0.45,0.0,False,False,False
79.783,True,0.247,0.447,0.0,False,False,False
79.825,True,0.246,0.447,0.0,False,False,False
79.855,True,0.247,0.448,0.0,False,False,False
79.894,True,0.249,0.448,0.0,False,False,False
79.923,True,0.249,0.447,0.0,False,False,False
79.953,True,0.243,0.446,0.0,False,False,False
79.989,True,0.245,0.445,0.0,False,False,False
80.019,True,0.243,0.445,0.0,False,False,False
80.053,True,0.243,0.445,0.0,False,False,False
80.085,True,0.242,0.444,0.0,False,False,False
80.117,True,0.242,0.447,0.0,False,False,False
80.149,True,0.242,0.447,0.0,False,False,False
80.181,True,0.247,0.447,0.0,False,False,False
80.23,True,0.243,0.447,0.0,False,False,False
80.263,True,0.246,0.447,0.0,False,False,False
80.293,True,0.241,0.448,0.0,False,False,False
80.325,True,0.245,0.447,0.0,False,False,False
80.353,True,0.241,0.447,0.0,False,False,False
80.389,True,0.244,0.445,0.0,False,False,False
80.422,True,0.245,0.447,0.0,False,False,False
80.453,True,0.248,0.446,0.0,False,False,False
80.485,True,0.25,0.447,0.0,False,False,False
80.513,True,0.253,0.447,0.0,False,False,False
80.547,True,0.249,0.444,0.0,False,False,False
80.582,True,0.244,0.442,0.0,False,False,False
80.631,True,0.246,0.442,0.0,False,False,False
80.659,True,0.248,0.444,0.0,False,False,False
80.694,True,0.249,0.444,0.0,False,False,False
80.723,True,0.246,0.444,0.0,False,False,False
80.755,True,0.248,0.447,0.0,False,False,False
80.79,True,0.244,0.447,0.0,False,False,False
80.821,True,0.243,0.447,0.0,False,False,False
80.853,True,0.243,0.448,0.0,False,False,False
80.887,True,0.247,0.445,0.0,False,False,False
80.918,True,0.245,0.449,0.0,False,False,False
80.95,True,0.248,0.447,0.0,False,False,False
80.982,True,0.248,0.449,0.0,False,False,False
81.028,True,0.247,0.45,0.0,False,False,False
81.062,True,0.246,0.45,0.0,False,False,False
81.093,True,0.248,0.453,0.0,False,False,False
81.126,True,0.248,0.451,0.0,False,False,False
81.158,True,0.242,0.453,0.0,False,False,False
81.187,True,0.244,0.452,0.0,False,False,False
81.222,True,0.247,0.452,0.0,False,False,False
81.247,True,0.245,0.451,0.0,False,False,False
81.279,True,0.242,0.451,0.0,False,False,False
81.317,True,0.241,0.451,0.0,False,False,False
81.345,True,0.241,0.45,0.0,False,False,False
81.38,True,0.241,0.45,0.0,False,False,False
81.431,True,0.241,0.45,0.0,False,False,False
81.462,True,0.238,0.451,0.0,False,False,False
81.492,True,0.244,0.45,0.0,False,False,False
81.519,True,0.24,0.452,0.0,False,False,False
81.554,True,0.241,0.451,0.0,False,False,False
81.591,True,0.243,0.455,0.0,False,False,False
81.622,True,0.244,0.452,0.0,False,False,False
81.654,True,0.244,0.454,0.0,False,False,False
81.686,True,0.241,0.45,0.0,False,False,False
81.719,True,0.24,0.45,0.0,False,False,False
81.75,True,0.242,0.451,0.0,False,False,False
81.781,True,0.243,0.452,0.0,False,False,False
81.829,True,0.239,0.451,0.0,False,False,False
81.861,True,0.241,0.451,0.0,False,False,False
81.894,True,0.237,0.45,0.0,False,False,False
81.929,True,0.24,0.453,0.0,False,False,False
81.958,True,0.239,0.451,0.0,False,False,False
81.999,True,0.243,0.45,0.0,False,False,False
82.026,True,0.242,0.449,0.0,False,False,False
82.055,True,0.24,0.449,0.0,False,False,False
82.079,True,0.24,0.45,0.0,False,False,False
82.116,True,0.24,0.45,0.0,False,False,False
82.144,True,0.238,0.451,0.0,False,False,False
82.179,True,0.235,0.451,0.0,False,False,False
82.23,True,0.237,0.451,0.0,False,False,False
82.262,True,0.238,0.45,0.0,False,False,False
82.293,True,0.239,0.452,0.0,False,False,False
82.322,True,0.237,0.451,0.0,False,False,False
82.356,True,0.237,0.451,0.0,False,False,False
82.384,True,0.238,0.452,0.0,False,False,False
82.422,True,0.239,0.454,0.0,False,False,False
82.447,True,0.242,0.451,0.0,False,False,False
82.486,True,0.24,0.451,0.0,False,False,False
82.518,True,0.241,0.453,0.0,False,False,False
82.544,True,0.238,0.452,0.0,False,False,False
82.582,True,0.241,0.451,0.0,False,False,False
82.612,True,0.247,0.453,0.0,False,False,False
82.661,True,0.244,0.451,0.0,False,False,False
82.694,True,0.245,0.451,0.0,False,False,False
82.718,True,0.243,0.451,0.0,False,False,False
82.751,True,0.239,0.45,0.0,False,False,False
82.79,True,0.242,0.451,0.0,False,False,False
82.818,True,0.24,0.45,0.0,False,False,False
82.855,True,0.241,0.454,0.0,False,False,False
82.879,True,0.243,0.453,0.0,False,False,False
82.911,True,0.241,0.453,0.0,False,False,False
82.944,True,0.243,0.453,0.0,False,False,False
82.977,True,0.241,0.452,0.0,False,False,False
83.007,True,0.239,0.452,0.0,False,False,False
83.061,True,0.241,0.453,0.0,False,False,False
83.087,True,0.239,0.452,0.0,False,False,False
83.121,True,0.238,0.452,0.0,False,False,False
83.157,True,0.239,0.453,0.0,False,False,False
83.186,True,0.238,0.451,0.0,False,False,False
83.22,True,0.238,0.452,0.0,False,False,False
83.254,True,0.242,0.452,0.0,False,False,False
83.286,True,0.24,0.454,0.0,False,False,False
83.318,True,0.243,0.454,0.0,False,False,False
83.351,True,0.241,0.454,0.0,False,False,False
83.381,True,0.245,0.454,0.0,False,False,False
83.415,True,0.247,0.455,0.0,False,False,False
83.461,True,0.245,0.453,0.0,False,False,False
83.493,True,0.246,0.453,0.0,False,False,False
83.526,True,0.243,0.453,0.0,False,False,False
83.557,True,0.243,0.452,0.0,False,False,False
83.589,True,0.243,0.452,0.0,False,False,False
83.619,True,0.245,0.452,0.0,False,False,False
83.652,True,0.241,0.451,0.0,False,False,False
83.686,True,0.243,0.452,0.0,False,False,False
83.713,True,0.246,0.453,0.0,False,False,False
83.743,True,0.245,0.453,0.0,False,False,False
83.779,True,0.246,0.454,0.0,False,False,False
83.814,True,0.25,0.454,0.0,False,False,False
83.862,True,0.245,0.455,0.0,False,False,False
83.894,True,0.25,0.454,0.0,False,False,False
83.926,True,0.254,0.453,0.0,False,False,False
83.956,True,0.247,0.453,0.0,False,False,False
83.984,True,0.25,0.453,0.0,False,False,False
84.021,True,0.248,0.452,0.0,False,False,False
84.054,True,0.249,0.453,0.0,False,False,False
84.085,True,0.248,0.452,0.0,False,False,False
84.117,True,0.248,0.453,0.0,False,False,False
84.151,True,0.25,0.452,0.0,False,False,False
84.181,True,0.246,0.451,0.0,False,False,False
84.214,True,0.243,0.454,0.0,False,False,False
84.26,True,0.249,0.452,0.0,False,False,False
84.293,True,0.255,0.451,0.0,False,False,False
84.325,True,0.248,0.452,0.0,False,False,False
84.357,True,0.253,0.449,0.0,False,False,False
84.387,True,0.25,0.448,0.0,False,False,False
84.422,True,0.252,0.451,0.0,False,False,False
84.453,True,0.255,0.453,0.0,False,False,False
84.485,True,0.255,0.45,0.0,False,False,False
84.518,True,0.253,0.45,0.0,False,False,False
84.547,True,0.256,0.449,0.0,False,False,False
84.582,True,0.241,0.448,0.0,False,False,False
84.613,True,0.251,0.446,0.0,False,False,False
84.654,True,0.248,0.447,0.0,False,False,False
84.692,True,0.245,0.445,0.0,False,False,False
84.719,True,0.244,0.445,0.0,False,False,False
84.75,True,0.248,0.448,0.0,False,False,False
84.788,True,0.246,0.448,0.0,False,False,False
84.818,True,0.243,0.448,0.0,False,False,False
84.852,True,0.244,0.447,0.0,False,False,False
84.887,True,0.244,0.447,0.0,False,False,False
84.917,True,0.25,0.449,0.0,False,False,False
84.951,True,0.256,0.448,0.0,False,False,False
84.982,True,0.249,0.448,0.0,False,False,False
85.016,True,0.244,0.449,0.0,False,False,False
85.06,True,0.248,0.448,0.0,False,False,False
85.094,True,0.257,0.449,0.0,False,False,False
85.126,True,0.251,0.449,0.0,False,False,False
85.158,True,0.245,0.45,0.0,False,False,False
85.189,True,0.245,0.451,0.0,False,False,False
85.221,True,0.241,0.456,0.0,False,False,False
85.253,True,0.244,0.457,0.0,False,False,False
85.284,True,0.243,0.455,0.0,False,False,False
85.318,True,0.244,0.453,0.0,False,False,False
85.349,True,0.251,0.456,0.0,False,False,False
85.382,True,0.255,0.454,0.0,False,False,False
85.414,True,0.247,0.455,0.0,False,False,False
85.458,True,0.252,0.454,0.0,False,False,False
85.493,True,0.247,0.455,0.0,False,False,False
85.525,True,0.253,0.454,0.0,False,False,False
85.557,True,0.259,0.454,0.0,False,False,False
85.59,True,0.26,0.454,0.0,False,False,False
85.622,True,0.255,0.453,0.0,False,False,False
85.652,True,0.249,0.452,0.0,False,False,False
85.685,True,0.252,0.45,0.0,False,False,False
85.717,True,0.249,0.451,0.0,False,False,False
85.749,True,0.254,0.453,0.0,False,False,False
85.782,True,0.261,0.453,0.0,False,False,False
85.806,True,0.259,0.453,0.0,False,False,False
85.861,True,0.257,0.453,0.0,False,False,False
85.894,True,0.258,0.453,0.0,False,False,False
85.925,True,0.262,0.454,0.0,False,False,False
85.957,True,0.263,0.453,0.0,False,False,False
85.984,True,0.265,0.451,0.0,False,False,False
86.014,True,0.271,0.451,0.0,False,False,False
86.054,True,0.269,0.452,0.0,False,False,False
86.081,True,0.276,0.453,0.0,False,False,False
86.121,True,0.27,0.454,0.0,False,False,False
86.15,True,0.27,0.453,0.0,False,False,False
86.182,True,0.271,0.454,0.0,False,False,False
86.215,True,0.274,0.454,0.0,False,False,False
86.259,True,0.275,0.453,0.0,False,False,False
86.294,True,0.276,0.453,0.0,False,False,False
86.325,True,0.277,0.453,0.0,False,False,False
86.359,True,0.275,0.453,0.0,False,False,False
86.395,True,0.273,0.454,0.0,False,False,False
86.423,True,0.271,0.453,0.0,False,False,False
86.456,True,0.272,0.454,0.0,False,False,False
86.488,True,0.276,0.453,0.0,False,False,False
86.52,True,0.274,0.452,0.0,False,False,False
86.552,True,0.274,0.453,0.0,False,False,False
86.582,True,0.273,0.454,0.0,False,False,False
86.612,True,0.272,0.453,0.0,False,False,False
86.66,True,0.275,0.455,0.0,False,False,False
86.693,True,0.273,0.456,0.0,False,False,False
86.724,True,0.279,0.455,0.0,False,False,False
86.759,True,0.28,0.454,0.0,False,False,False
86.785,True,0.28,0.453,0.0,False,False,False
86.815,True,0.278,0.453,0.0,False,False,False
86.848,True,0.283,0.455,0.0,False,False,False
86.879,True,0.28,0.455,0.0,False,False,False
86.914,True,0.283,0.454,0.0,False,False,False
86.949,True,0.278,0.452,0.0,False,False,False
86.984,True,0.277,0.452,0.0,False,False,False
87.017,True,0.277,0.453,0.0,False,False,False
87.062,True,0.275,0.453,0.0,False,False,False
87.088,True,0.276,0.454,0.0,False,False,False
87.123,True,0.276,0.452,0.0,False,False,False
87.158,True,0.283,0.453,0.0,False,False,False
87.188,True,0.282,0.453,0.0,False,False,False
87.227,True,0.285,0.454,0.0,False,False,False
87.254,True,0.285,0.454,0.0,False,False,False
87.285,True,0.285,0.452,0.0,False,False,False
87.317,True,0.282,0.451,0.0,False,False,False
87.352,True,0.278,0.451,0.0,False,False,False
87.382,True,0.282,0.453,0.0,False,False,False
87.413,True,0.283,0.452,0.0,False,False,False
87.462,True,0.287,0.451,0.0,False,False,False
87.492,True,0.285,0.45,0.0,False,False,False
87.526,True,0.286,0.452,0.0,False,False,False
87.557,True,0.285,0.452,0.0,False,False,False
87.588,True,0.284,0.452,0.0,False,False,False
87.616,True,0.284,0.452,0.0,False,False,False
87.652,True,0.281,0.452,0.0,False,False,False
87.685,True,0.278,0.452,0.0,False,False,False
87.713,True,0.283,0.452,0.0,False,False,False
87.749,True,0.281,0.452,0.0,False,False,False
87.775,True,0.282,0.452,0.0,False,False,False
87.813,True,0.279,0.452,0.0,False,False,False
87.856,True,0.279,0.452,0.0,False,False,False
87.886,True,0.282,0.451,0.0,False,False,False
87.921,True,0.279,0.451,0.0,False,False,False
87.957,True,0.279,0.454,0.0,False,False,False
87.989,True,0.281,0.453,0.0,False,False,False
88.021,True,0.286,0.453,0.0,False,False,False
88.055,True,0.282,0.455,0.0,False,False,False
88.088,True,0.28,0.455,0.0,False,False,False
88.118,True,0.282,0.454,0.0,False,False,False
88.15,True,0.283,0.454,0.0,False,False,False
88.181,True,0.286,0.452,0.0,False,False,False
88.216,True,0.288,0.453,0.0,False,False,False
88.262,True,0.287,0.453,0.0,False,False,False
88.297,True,0.285,0.454,0.0,False,False,False
88.325,True,0.286,0.454,0.0,False,False,False
88.359,True,0.285,0.454,0.0,False,False,False
88.391,True,0.286,0.455,0.0,False,False,False
88.423,True,0.287,0.454,0.0,False,False,False
88.453,True,0.285,0.454,0.0,False,False,False
88.486,True,0.29,0.455,0.0,False,False,False
88.52,True,0.287,0.454,0.0,False,False,False
88.55,True,0.278,0.455,0.0,False,False,False
88.583,True,0.085,0.454,0.006,True,True,True
88.616,True,0.046,0.455,0.011,True,True,True
88.661,True,0.059,0.456,0.017,True,True,True
88.695,True,0.193,0.454,0.022,True,True,True
88.719,True,0.236,0.454,0.022,False,True,True
88.759,True,0.248,0.453,0.022,False,False,False
88.79,True,0.272,0.452,0.022,False,False,False
88.823,True,0.282,0.455,0.022,False,False,False
88.854,True,0.276,0.452,0.022,False,False,False
88.886,True,0.278,0.452,0.022,False,False,False
88.918,True,0.285,0.454,0.022,False,False,False
88.954,True,0.28,0.453,0.022,False,False,False
88.983,True,0.278,0.453,0.022,False,False,False
89.014,True,0.277,0.453,0.022,False,False,False
89.061,True,0.278,0.453,0.022,False,False,False
89.094,True,0.291,0.454,0.022,False,False,False
89.126,True,0.291,0.453,0.022,False,False,False
89.159,True,0.291,0.454,0.022,False,False,False
89.191,True,0.301,0.454,0.022,False,False,False
89.221,True,0.297,0.454,0.022,False,False,False
89.251,True,0.291,0.454,0.022,False,False,False
89.282,True,0.301,0.455,0.022,False,False,False
89.317,True,0.291,0.453,0.022,False,False,False
89.35,True,0.309,0.453,0.022,False,False,False
89.381,True,0.279,0.442,0.022,False,False,False
89.414,True,0.348,0.458,0.022,False,False,False
89.461,True,0.285,0.452,0.022,False,False,False
89.491,True,0.318,0.452,0.022,False,False,False
89.525,True,0.335,0.452,0.022,False,False,False
89.553,True,0.325,0.45,0.022,False,False,False
89.59,True,0.333,0.449,0.022,False,False,False
89.622,True,0.317,0.451,0.022,False,False,False
89.653,True,0.332,0.451,0.022,False,False,False
89.685,True,0.322,0.45,0.022,False,False,False
89.717,True,0.286,0.45,0.022,False,False,False
89.749,True,0.303,0.449,0.022,False,False,False
89.782,True,0.292,0.449,0.022,False,False,False
89.811,True,0.284,0.452,0.022,False,False,False
89.861,True,0.293,0.451,0.022,False,False,False
89.893,True,0.29,0.452,0.022,False,False,False
89.925,True,0.284,0.45,0.022,False,False,False
89.957,True,0.28,0.449,0.022,False,False,False
89.987,True,0.29,0.445,0.022,False,False,False
90.02,True,0.284,0.448,0.022,False,False,False
90.055,True,0.3,0.452,0.022,False,False,False
90.081,True,0.284,0.449,0.022,False,False,False
90.111,True,0.306,0.449,0.022,False,False,False
90.147,True,0.29,0.45,0.022,False,False,False
90.181,True,0.279,0.45,0.022,False,False,False
90.212,True,0.271,0.449,0.022,False,False,False
90.262,True,0.283,0.447,0.022,False,False,False
90.29,True,0.278,0.451,0.022,False,False,False
90.325,True,0.29,0.449,0.022,False,False,False
90.357,True,0.269,0.452,0.022,False,False,False
90.381,True,0.27,0.45,0.022,False,False,False
90.421,True,0.278,0.449,0.022,False,False,False
90.453,True,0.247,0.452,0.022,False,False,False
90.487,True,0.271,0.457,0.022,False,False,False
90.517,True,0.27,0.453,0.022,False,False,False
90.54,True,0.259,0.455,0.022,False,False,False
90.581,True,0.252,0.455,0.022,False,False,False
90.612,True,0.263,0.449,0.022,False,False,False
90.661,True,0.253,0.454,0.022,False,False,False
90.694,True,0.25,0.448,0.022,False,False,False
90.726,True,0.269,0.452,0.022,False,False,False
90.756,True,0.255,0.452,0.022,False,False,False
90.789,True,0.274,0.451,0.022,False,False,False
90.821,True,0.273,0.457,0.022,False,False,False
90.854,True,0.254,0.454,0.022,False,False,False
90.886,True,0.259,0.45,0.022,False,False,False
90.911,True,0.259,0.445,0.022,False,False,False
90.948,True,0.27,0.444,0.022,False,False,False
90.981,True,0.271,0.452,0.022,False,False,False
91.014,True,0.288,0.451,0.022,False,False,False
91.062,True,0.292,0.449,0.022,False,False,False
91.091,True,0.289,0.45,0.022,False,False,False
91.121,True,0.277,0.452,0.022,False,False,False
91.152,True,0.281,0.452,0.022,False,False,False
91.191,True,0.299,0.452,0.022,False,False,False
91.22,True,0.307,0.452,0.022,False,False,False
91.254,True,0.3,0.453,0.022,False,False,False
91.285,True,0.325,0.453,0.022,False,False,False
91.317,True,0.305,0.448,0.022,False,False,False
91.351,True,0.316,0.447,0.022,False,False,False
91.383,True,0.323,0.451,0.022,False,False,False
91.414,True,0.311,0.451,0.022,False,False,False
91.462,True,0.302,0.455,0.022,False,False,False
91.493,True,0.312,0.451,0.022,False,False,False
91.526,True,0.318,0.445,0.022,False,False,False
91.56,True,0.313,0.449,0.022,False,False,False
91.591,True,0.324,0.455,0.022,False,False,False
91.623,True,0.287,0.445,0.022,False,False,False
91.652,True,0.286,0.445,0.022,False,False,False
91.686,True,0.295,0.446,0.022,False,False,False
91.713,True,0.295,0.446,0.022,False,False,False
91.743,True,0.305,0.451,0.022,False,False,False
91.781,True,0.303,0.446,0.022,False,False,False
91.811,True,0.29,0.448,0.022,False,False,False
91.861,True,0.289,0.447,0.022,False,False,False
91.893,True,0.294,0.449,0.022,False,False,False
91.925,True,0.325,0.446,0.022,False,False,False
91.953,True,0.346,0.444,0.022,False,False,False
91.989,True,0.347,0.444,0.022,False,False,False
92.021,True,0.336,0.444,0.022,False,False,False
92.053,True,0.354,0.444,0.022,False,False,False
92.085,True,0.355,0.445,0.022,False,False,False
92.118,True,0.368,0.443,0.022,False,False,False
92.149,True,0.357,0.443,0.022,False,False,False
92.182,True,0.334,0.444,0.022,False,False,False
92.214,True,0.347,0.446,0.022,False,False,False
92.247,True,0.348,0.446,0.022,False,False,False
92.294,True,0.33,0.445,0.022,False,False,False
92.326,True,0.341,0.445,0.022,False,False,False
92.358,True,0.329,0.445,0.022,False,False,False
92.389,True,0.312,0.449,0.022,False,False,False
92.421,True,0.325,0.448,0.022,False,False,False
92.455,True,0.326,0.446,0.022,False,False,False
92.487,True,0.331,0.447,0.022,False,False,False
92.518,True,0.329,0.449,0.022,False,False,False
92.55,True,0.329,0.447,0.022,False,False,False
92.581,True,0.335,0.447,0.022,False,False,False
92.613,True,0.32,0.447,0.022,False,False,False
92.642,True,0.322,0.449,0.022,False,False,False
92.693,True,0.327,0.448,0.022,False,False,False
92.726,True,0.326,0.447,0.022,False,False,False
92.754,True,0.324,0.448,0.022,False,False,False
92.781,True,0.313,0.446,0.022,False,False,False
92.822,True,0.325,0.445,0.022,False,False,False
92.854,True,0.324,0.445,0.022,False,False,False
92.885,True,0.318,0.446,0.022,False,False,False
92.918,True,0.311,0.447,0.022,False,False,False
92.95,True,0.311,0.446,0.022,False,False,False
92.981,True,0.301,0.445,0.022,False,False,False
93.014,True,0.307,0.447,0.022,False,False,False
93.046,True,0.317,0.448,0.022,False,False,False
93.091,True,0.312,0.45,0.022,False,False,False
93.125,True,0.319,0.45,0.022,False,False,False
93.155,True,0.316,0.451,0.022,False,False,False
93.183,True,0.317,0.448,0.022,False,False,False
93.222,True,0.308,0.449,0.022,False,False,False
93.254,True,0.304,0.45,0.022,False,False,False
93.285,True,0.303,0.449,0.022,False,False,False
93.32,True,0.306,0.451,0.022,False,False,False
93.341,True,0.309,0.45,0.022,False,False,False
93.381,True,0.311,0.451,0.022,False,False,False
93.411,True,0.313,0.45,0.022,False,False,False
93.441,True,0.315,0.45,0.022,False,False,False
93.494,True,0.31,0.45,0.022,False,False,False
93.525,True,0.31,0.45,0.022,False,False,False
93.557,True,0.309,0.45,0.022,False,False,False
93.588,True,0.305,0.45,0.022,False,False,False
93.621,True,0.305,0.45,0.022,False,False,False
93.651,True,0.304,0.45,0.022,False,False,False
93.684,True,0.309,0.453,0.022,False,False,False
93.711,True,0.301,0.451,0.022,False,False,False
93.751,True,0.302,0.453,0.022,False,False,False
93.782,True,0.304,0.452,0.022,False,False,False
93.814,True,0.304,0.451,0.022,False,False,False
93.846,True,0.298,0.451,0.022,False,False,False
93.892,True,0.291,0.45,0.022,False,False,False
93.924,True,0.287,0.451,0.022,False,False,False
93.956,True,0.288,0.453,0.022,False,False,False
93.991,True,0.297,0.452,0.022,False,False,False
94.021,True,0.29,0.45,0.022,False,False,False
94.054,True,0.294,0.449,0.022,False,False,False
94.081,True,0.285,0.449,0.022,False,False,False
94.117,True,0.284,0.449,0.022,False,False,False
94.15,True,0.284,0.45,0.022,False,False,False
94.181,True,0.282,0.45,0.022,False,False,False
94.212,True,0.281,0.452,0.022,False,False,False
94.241,True,0.279,0.453,0.022,False,False,False
94.292,True,0.279,0.453,0.022,False,False,False
94.326,True,0.279,0.455,0.022,False,False,False
94.358,True,0.282,0.454,0.022,False,False,False
94.391,True,0.283,0.452,0.022,False,False,False
94.421,True,0.278,0.454,0.022,False,False,False
94.451,True,0.279,0.453,0.022,False,False,False
94.482,True,0.279,0.453,0.022,False,False,False
94.519,True,0.275,0.453,0.022,False,False,False
94.549,True,0.277,0.451,0.022,False,False,False
94.582,True,0.275,0.451,0.017,False,False,False
94.615,True,0.277,0.453,0.011,False,False,False
94.646,True,0.28,0.452,0.006,False,False,False
94.691,True,0.279,0.451,0.0,False,False,False
94.726,True,0.271,0.453,0.0,False,False,False
94.757,True,0.275,0.451,0.0,False,False,False
94.79,True,0.275,0.45,0.0,False,False,False
94.821,True,0.273,0.451,0.0,False,False,False
94.854,True,0.27,0.449,0.0,False,False,False
94.885,True,0.272,0.448,0.0,False,False,False
94.918,True,0.272,0.449,0.0,False,False,False
94.949,True,0.266,0.45,0.0,False,False,False
94.981,True,0.265,0.448,0.0,False,False,False
95.01,True,0.26,0.448,0.0,False,False,False
95.04,True,0.263,0.449,0.0,False,False,False
95.093,True,0.261,0.447,0.0,False,False,False
95.124,True,0.267,0.448,0.0,False,False,False
95.157,True,0.264,0.448,0.0,False,False,False
95.191,True,0.27,0.448,0.0,False,False,False
95.213,True,0.262,0.448,0.0,False,False,False
95.253,True,0.256,0.447,0.0,False,False,False
95.281,True,0.262,0.449,0.0,False,False,False
95.318,True,0.261,0.449,0.0,False,False,False
95.35,True,0.253,0.447,0.0,False,False,False
95.381,True,0.259,0.448,0.0,False,False,False
95.413,True,0.259,0.448,0.0,False,False,False
95.447,True,0.257,0.449,0.0,False,False,False
95.492,True,0.259,0.449,0.0,False,False,False
95.525,True,0.256,0.449,0.0,False,False,False
95.558,True,0.257,0.449,0.0,False,False,False
95.59,True,0.258,0.448,0.0,False,False,False
95.621,True,0.26,0.448,0.0,False,False,False
95.648,True,0.257,0.448,0.0,False,False,False
95.686,True,0.259,0.448,0.0,False,False,False
95.719,True,0.258,0.449,0.0,False,False,False
95.753,True,0.261,0.45,0.0,False,False,False
95.783,True,0.257,0.45,0.0,False,False,False
95.813,True,0.257,0.45,0.0,False,False,False
95.836,True,0.259,0.449,0.0,False,False,False
95.894,True,0.261,0.448,0.0,False,False,False
95.927,True,0.261,0.45,0.0,False,False,False
95.958,True,0.259,0.451,0.0,False,False,False
95.992,True,0.259,0.449,0.0,False,False,False
96.02,True,0.256,0.45,0.0,False,False,False
96.054,True,0.254,0.449,0.0,False,False,False
96.079,True,0.261,0.449,0.0,False,False,False
96.114,True,0.264,0.448,0.0,False,False,False
96.145,True,0.266,0.448,0.0,False,False,False
96.184,True,0.262,0.448,0.0,False,False,False
96.219,True,0.251,0.449,0.0,False,False,False
96.253,True,0.255,0.45,0.0,False,False,False
96.29,True,0.254,0.449,0.0,False,False,False
96.327,True,0.259,0.449,0.0,False,False,False
96.361,True,0.257,0.45,0.0,False,False,False
96.392,True,0.256,0.45,0.0,False,False,False
96.423,True,0.256,0.448,0.0,False,False,False
96.459,True,0.261,0.449,0.0,False,False,False
96.486,True,0.26,0.448,0.0,False,False,False
96.521,True,0.261,0.45,0.0,False,False,False
96.553,True,0.262,0.449,0.0,False,False,False
96.582,True,0.263,0.45,0.0,False,False,False
96.616,True,0.264,0.451,0.0,False,False,False
96.646,True,0.268,0.452,0.0,False,False,False
96.695,True,0.266,0.451,0.0,False,False,False
96.733,True,0.267,0.451,0.0,False,False,False
96.756,True,0.265,0.45,0.0,False,False,False
96.784,True,0.27,0.45,0.0,False,False,False
96.826,True,0.269,0.45,0.0,False,False,False
96.855,True,0.268,0.449,0.0,False,False,False
96.888,True,0.267,0.45,0.0,False,False,False
96.913,True,0.271,0.449,0.0,False,False,False
96.947,True,0.273,0.449,0.0,False,False,False
96.983,True,0.27,0.448,0.0,False,False,False
97.016,True,0.275,0.448,0.0,False,False,False
97.048,True,0.273,0.449,0.0,False,False,False
97.094,True,0.278,0.449,0.0,False,False,False
97.121,True,0.269,0.449,0.0,False,False,False
97.159,True,0.267,0.449,0.0,False,False,False
97.191,True,0.275,0.45,0.0,False,False,False
97.223,True,0.273,0.451,0.0,False,False,False
97.257,True,0.272,0.45,0.0,False,False,False
97.288,True,0.272,0.45,0.0,False,False,False
97.318,True,0.268,0.449,0.0,False,False,False
97.35,True,0.268,0.449,0.0,False,False,False
97.375,True,0.267,0.451,0.0,False,False,False
97.414,True,0.268,0.45,0.0,False,False,False
97.455,True,0.268,0.45,0.0,False,False,False
97.497,True,0.269,0.45,0.0,False,False,False
97.529,True,0.266,0.448,0.0,False,False,False
97.56,True,0.266,0.449,0.0,False,False,False
97.593,True,0.265,0.448,0.0,False,False,False
97.616,True,0.267,0.449,0.0,False,False,False
97.645,True,0.266,0.45,0.0,False,False,False
97.678,True,0.268,0.449,0.0,False,False,False
97.718,True,0.267,0.449,0.0,False,False,False
97.755,True,0.266,0.449,0.0,False,False,False
97.781,True,0.265,0.448,0.0,False,False,False
97.815,True,0.263,0.45,0.0,False,False,False
97.844,True,0.259,0.45,0.0,False,False,False
97.888,True,0.262,0.45,0.0,False,False,False
97.927,True,0.261,0.448,0.0,False,False,False
97.954,True,0.262,0.447,0.0,False,False,False
97.989,True,0.26,0.448,0.0,False,False,False
98.021,True,0.259,0.449,0.0,False,False,False
98.055,True,0.259,0.447,0.0,False,False,False
98.086,True,0.26,0.449,0.0,False,False,False
98.121,True,0.263,0.448,0.0,False,False,False
98.148,True,0.258,0.45,0.0,False,False,False
98.178,True,0.26,0.448,0.0,False,False,False
98.214,True,0.261,0.447,0.0,False,False,False
98.238,True,0.258,0.447,0.0,False,False,False
98.294,True,0.258,0.449,0.0,False,False,False
98.327,True,0.259,0.448,0.0,False,False,False
98.357,True,0.258,0.448,0.0,False,False,False
98.386,True,0.26,0.447,0.0,False,False,False
98.421,True,0.255,0.446,0.0,False,False,False
98.445,True,0.258,0.447,0.0,False,False,False
98.482,True,0.257,0.448,0.0,False,False,False
98.516,True,0.257,0.447,0.0,False,False,False
98.544,True,0.256,0.447,0.0,False,False,False
98.583,True,0.256,0.448,0.0,False,False,False
98.612,True,0.253,0.448,0.0,False,False,False
98.649,True,0.256,0.448,0.0,False,False,False
98.696,True,0.253,0.449,0.0,False,False,False
98.725,True,0.256,0.449,0.0,False,False,False
98.761,True,0.257,0.448,0.0,False,False,False
98.796,True,0.259,0.447,0.0,False,False,False
98.823,True,0.258,0.446,0.0,False,False,False
98.854,True,0.258,0.446,0.0,False,False,False
98.887,True,0.26,0.447,0.0,False,False,False
98.918,True,0.258,0.447,0.0,False,False,False
98.949,True,0.262,0.447,0.0,False,False,False
98.983,True,0.259,0.446,0.0,False,False,False
99.014,True,0.259,0.449,0.0,False,False,False
99.047,True,0.26,0.447,0.0,False,False,False
99.093,True,0.257,0.447,0.0,False,False,False
99.126,True,0.257,0.448,0.0,False,False,False
99.158,True,0.256,0.449,0.0,False,False,False
99.19,True,0.257,0.448,0.0,False,False,False
99.222,True,0.252,0.448,0.0,False,False,False
99.253,True,0.251,0.447,0.0,False,False,False
99.285,True,0.255,0.447,0.0,False,False,False
99.316,True,0.254,0.448,0.0,False,False,False
99.35,True,0.253,0.446,0.0,False,False,False
99.381,True,0.257,0.447,0.0,False,False,False
99.413,True,0.258,0.448,0.0,False,False,False
99.445,True,0.26,0.447,0.0,False,False,False
99.487,True,0.258,0.447,0.0,False,False,False
99.526,True,0.264,0.446,0.0,False,False,False
99.553,True,0.265,0.446,0.0,False,False,False
99.588,True,0.264,0.447,0.0,False,False,False
99.622,True,0.263,0.446,0.0,False,False,False
99.654,True,0.263,0.447,0.0,False,False,False
99.685,True,0.269,0.446,0.0,False,False,False
99.718,True,0.267,0.447,0.0,False,False,False
99.753,True,0.27,0.447,0.0,False,False,False
99.782,True,0.271,0.447,0.0,False,False,False
99.815,True,0.27,0.448,0.0,False,False,False
99.844,True,0.272,0.447,0.0,False,False,False
99.89,True,0.269,0.446,0.0,False,False,False
99.926,True,0.267,0.447,0.0,False,False,False
99.957,True,0.268,0.447,0.0,False,False,False
99.986,True,0.266,0.447,0.0,False,False,False
100.014,True,0.266,0.446,0.0,False,False,False
100.052,True,0.271,0.447,0.0,False,False,False
100.084,True,0.273,0.447,0.0,False,False,False
100.117,True,0.272,0.447,0.0,False,False,False
100.141,True,0.272,0.45,0.0,False,False,False
100.175,True,0.267,0.449,0.0,False,False,False
100.21,True,0.265,0.447,0.0,False,False,False
100.245,True,0.266,0.448,0.0,False,False,False
100.295,True,0.27,0.448,0.0,False,False,False
100.319,True,0.272,0.448,0.0,False,False,False
100.357,True,0.269,0.447,0.0,False,False,False
100.383,True,0.269,0.449,0.0,False,False,False
100.414,True,0.269,0.447,0.0,False,False,False
100.452,True,0.272,0.448,0.0,False,False,False
100.486,True,0.27,0.45,0.0,False,False,False
100.518,True,0.268,0.449,0.0,False,False,False
100.549,True,0.266,0.449,0.0,False,False,False
100.58,True,0.267,0.448,0.0,False,False,False
100.614,True,0.27,0.448,0.0,False,False,False
100.644,True,0.273,0.45,0.0,False,False,False
100.693,True,0.274,0.449,0.0,False,False,False
100.725,True,0.272,0.45,0.0,False,False,False
100.758,True,0.266,0.45,0.0,False,False,False
100.789,True,0.266,0.451,0.0,False,False,False
100.82,True,0.266,0.45,0.0,False,False,False
100.854,True,0.27,0.449,0.0,False,False,False
100.884,True,0.271,0.448,0.0,False,False,False
100.911,True,0.272,0.448,0.0,False,False,False
100.945,True,0.271,0.447,0.0,False,False,False
100.981,True,0.27,0.447,0.0,False,False,False
101.009,True,0.263,0.448,0.0,False,False,False
101.044,True,0.261,0.448,0.0,False,False,False
101.093,True,0.26,0.447,0.0,False,False,False
101.119,True,0.26,0.447,0.0,False,False,False
101.156,True,0.262,0.447,0.0,False,False,False
101.19,True,0.266,0.449,0.0,False,False,False
101.218,True,0.267,0.447,0.0,False,False,False
101.252,True,0.267,0.448,0.0,False,False,False
101.284,True,0.266,0.449,0.0,False,False,False
101.317,True,0.264,0.448,0.0,False,False,False
101.349,True,0.265,0.448,0.0,False,False,False
101.381,True,0.263,0.449,0.0,False,False,False
101.414,True,0.26,0.448,0.0,False,False,False
101.441,True,0.264,0.448,0.0,False,False,False
101.492,True,0.261,0.45,0.0,False,False,False
101.524,True,0.261,0.448,0.0,False,False,False
101.556,True,0.264,0.447,0.0,False,False,False
101.589,True,0.262,0.449,0.0,False,False,False
101.622,True,0.267,0.449,0.0,False,False,False
101.654,True,0.267,0.449,0.0,False,False,False
101.684,True,0.269,0.449,0.0,False,False,False
101.718,True,0.271,0.448,0.0,False,False,False
101.743,True,0.268,0.447,0.0,False,False,False
101.775,True,0.27,0.45,0.0,False,False,False
101.808,True,0.271,0.448,0.0,False,False,False
101.842,True,0.269,0.448,0.0,False,False,False
101.877,True,0.269,0.448,0.0,False,False,False
101.927,True,0.268,0.449,0.0,False,False,False
101.951,True,0.263,0.447,0.0,False,False,False
101.989,True,0.263,0.448,0.0,False,False,False
102.018,True,0.268,0.447,0.0,False,False,False
102.05,True,0.264,0.448,0.0,False,False,False
102.085,True,0.266,0.449,0.0,False,False,False
102.118,True,0.265,0.449,0.0,False,False,False
102.15,True,0.268,0.447,0.0,False,False,False
102.18,True,0.268,0.449,0.0,False,False,False
102.213,True,0.269,0.448,0.0,False,False,False
102.245,True,0.269,0.448,0.0,False,False,False
102.274,True,0.268,0.448,0.0,False,False,False
102.325,True,0.268,0.447,0.0,False,False,False
102.356,True,0.266,0.449,0.0,False,False,False
102.389,True,0.264,0.449,0.0,False,False,False
102.421,True,0.266,0.448,0.0,False,False,False
102.453,True,0.266,0.448,0.0,False,False,False
102.484,True,0.27,0.448,0.0,False,False,False
102.518,True,0.268,0.449,0.0,False,False,False
102.544,True,0.268,0.448,0.0,False,False,False
102.575,True,0.269,0.449,0.0,False,False,False
102.613,True,0.268,0.449,0.0,False,False,False
102.646,True,0.257,0.448,0.0,False,False,False
102.679,True,0.26,0.45,0.0,False,False,False
102.725,True,0.255,0.451,0.0,False,False,False
102.751,True,0.258,0.45,0.0,False,False,False
102.79,True,0.255,0.45,0.0,False,False,False
102.813,True,0.253,0.449,0.0,False,False,False
102.849,True,0.254,0.451,0.0,False,False,False
102.882,True,0.256,0.45,0.0,False,False,False
102.919,True,0.257,0.449,0.0,False,False,False
102.949,True,0.257,0.449,0.0,False,False,False
102.978,True,0.26,0.448,0.0,False,False,False
103.013,True,0.259,0.45,0.0,False,False,False
103.045,True,0.26,0.448,0.0,False,False,False
103.072,True,0.265,0.449,0.0,False,False,False
103.127,True,0.265,0.449,0.0,False,False,False
103.151,True,0.264,0.449,0.0,False,False,False
103.181,True,0.266,0.449,0.0,False,False,False
103.221,True,0.267,0.449,0.0,False,False,False
103.246,True,0.271,0.449,0.0,False,False,False
103.28,True,0.272,0.45,0.0,False,False,False
103.317,True,0.272,0.45,0.0,False,False,False
103.351,True,0.271,0.449,0.0,False,False,False
103.376,True,0.269,0.45,0.0,False,False,False
103.407,True,0.269,0.451,0.0,False,False,False
103.442,True,0.273,0.45,0.0,False,False,False
103.474,True,0.271,0.45,0.0,False,False,False
103.523,True,0.272,0.45,0.0,False,False,False
103.56,True,0.271,0.449,0.0,False,False,False
103.584,True,0.273,0.45,0.0,False,False,False
103.619,True,0.27,0.45,0.0,False,False,False
103.648,True,0.268,0.449,0.0,False,False,False
103.682,True,0.268,0.45,0.0,False,False,False
103.717,True,0.27,0.449,0.0,False,False,False
103.75,True,0.269,0.45,0.0,False,False,False
103.782,True,0.269,0.448,0.0,False,False,False
103.814,True,0.267,0.449,0.0,False,False,False
103.846,True,0.268,0.448,0.0,False,False,False
103.877,True,0.266,0.45,0.0,False,False,False
103.926,True,0.265,0.449,0.0,False,False,False
103.958,True,0.265,0.45,0.0,False,False,False
103.989,True,0.269,0.451,0.0,False,False,False
104.023,True,0.264,0.45,0.0,False,False,False
104.054,True,0.267,0.449,0.0,False,False,False
104.085,True,0.265,0.45,0.0,False,False,False
104.115,True,0.262,0.45,0.0,False,False,False
104.149,True,0.264,0.45,0.0,False,False,False
104.175,True,0.264,0.449,0.0,False,False,False
104.207,True,0.265,0.449,0.0,False,False,False
104.238,True,0.267,0.449,0.0,False,False,False
104.273,True,0.266,0.45,0.0,False,False,False
104.324,True,0.262,0.45,0.0,False,False,False
104.357,True,0.262,0.449,0.0,False,False,False
104.381,True,0.26,0.451,0.0,False,False,False
104.415,True,0.262,0.45,0.0,False,False,False
104.447,True,0.26,0.45,0.0,False,False,False
104.486,True,0.263,0.45,0.0,False,False,False
104.516,True,0.263,0.45,0.0,False,False,False
104.549,True,0.261,0.45,0.0,False,False,False
104.582,True,0.254,0.449,0.0,False,False,False
104.614,True,0.253,0.45,0.0,False,False,False
104.648,True,0.252,0.449,0.0,False,False,False
104.678,True,0.251,0.448,0.0,False,False,False
104.724,True,0.253,0.449,0.0,False,False,False
104.758,True,0.254,0.449,0.0,False,False,False
104.788,True,0.256,0.45,0.0,False,False,False
104.822,True,0.257,0.449,0.0,False,False,False
104.853,True,0.257,0.449,0.0,False,False,False
104.886,True,0.252,0.451,0.0,False,False,False
104.914,True,0.255,0.45,0.0,False,False,False
104.952,True,0.257,0.45,0.0,False,False,False
104.981,True,0.256,0.451,0.0,False,False,False
105.016,True,0.258,0.451,0.0,False,False,False
105.045,True,0.257,0.45,0.0,False,False,False
105.079,True,0.259,0.45,0.0,False,False,False
105.125,True,0.256,0.451,0.0,False,False,False
105.157,True,0.258,0.451,0.0,False,False,False
105.191,True,0.261,0.452,0.0,False,False,False
105.215,True,0.259,0.452,0.0,False,False,False
105.248,True,0.261,0.451,0.0,False,False,False
105.279,True,0.262,0.449,0.0,False,False,False
105.319,True,0.266,0.449,0.0,False,False,False
105.35,True,0.265,0.447,0.0,False,False,False
105.38,True,0.259,0.449,0.0,False,False,False
105.413,True,0.256,0.449,0.0,False,False,False
105.446,True,0.254,0.449,0.0,False,False,False
105.478,True,0.254,0.449,0.0,False,False,False
105.525,True,0.257,0.449,0.0,False,False,False
105.557,True,0.255,0.449,0.0,False,False,False
105.588,True,0.255,0.449,0.0,False,False,False
105.621,True,0.258,0.45,0.0,False,False,False
105.654,True,0.258,0.449,0.0,False,False,False
105.687,True,0.259,0.449,0.0,False,False,False
105.718,True,0.262,0.449,0.0,False,False,False
105.748,True,0.26,0.45,0.0,False,False,False
105.781,True,0.261,0.45,0.0,False,False,False
105.807,True,0.26,0.449,0.0,False,False,False
105.839,True,0.264,0.448,0.0,False,False,False
105.877,True,0.266,0.449,0.0,False,False,False
105.925,True,0.263,0.449,0.0,False,False,False
105.954,True,0.262,0.45,0.0,False,False,False
105.988,True,0.261,0.449,0.0,False,False,False
106.021,True,0.264,0.449,0.0,False,False,False
106.046,True,0.263,0.449,0.0,False,False,False
106.077,True,0.265,0.45,0.0,False,False,False
106.111,True,0.266,0.45,0.0,False,False,False
106.147,True,0.264,0.45,0.0,False,False,False
106.176,True,0.265,0.451,0.0,False,False,False
106.207,True,0.264,0.45,0.0,False,False,False
106.245,True,0.265,0.449,0.0,False,False,False
106.278,True,0.261,0.449,0.0,False,False,False
106.325,True,0.264,0.448,0.0,False,False,False
106.356,True,0.259,0.449,0.0,False,False,False
106.383,True,0.255,0.449,0.0,False,False,False
106.421,True,0.258,0.449,0.0,False,False,False
106.445,True,0.259,0.448,0.0,False,False,False
106.479,True,0.255,0.449,0.0,False,False,False
106.518,True,0.256,0.45,0.0,False,False,False
106.544,True,0.258,0.45,0.0,False,False,False
106.582,True,0.26,0.449,0.0,False,False,False
106.613,True,0.262,0.447,0.0,False,False,False
106.645,True,0.263,0.449,0.0,False,False,False
106.678,True,0.263,0.449,0.0,False,False,False
106.725,True,0.259,0.45,0.0,False,False,False
106.753,True,0.257,0.449,0.0,False,False,False
106.788,True,0.258,0.449,0.0,False,False,False
106.821,True,0.256,0.45,0.0,False,False,False
106.854,True,0.255,0.45,0.0,False,False,False
106.879,True,0.254,0.45,0.0,False,False,False
106.918,True,0.253,0.45,0.0,False,False,False
106.946,True,0.253,0.449,0.0,False,False,False
106.981,True,0.254,0.448,0.0,False,False,False
107.013,True,0.252,0.447,0.0,False,False,False
107.045,True,0.254,0.449,0.0,False,False,False
107.078,True,0.255,0.451,0.0,False,False,False
107.12,True,0.254,0.45,0.0,False,False,False
107.154,True,0.253,0.449,0.0,False,False,False
107.189,True,0.257,0.451,0.0,False,False,False
107.221,True,0.256,0.451,0.0,False,False,False
107.254,True,0.251,0.45,0.0,False,False,False
107.287,True,0.255,0.452,0.0,False,False,False
107.318,True,0.253,0.451,0.0,False,False,False
107.349,True,0.255,0.451,0.0,False,False,False
107.381,True,0.257,0.451,0.0,False,False,False
107.413,True,0.258,0.449,0.0,False,False,False
107.448,True,0.256,0.45,0.0,False,False,False
107.481,True,0.257,0.45,0.0,False,False,False
107.526,True,0.258,0.451,0.0,False,False,False
107.558,True,0.258,0.452,0.0,False,False,False
107.586,True,0.253,0.452,0.0,False,False,False
107.623,True,0.252,0.45,0.0,False,False,False
107.656,True,0.252,0.45,0.0,False,False,False
107.691,True,0.247,0.451,0.0,False,False,False
107.71,True,0.25,0.451,0.0,False,False,False
107.744,True,0.247,0.451,0.0,False,False,False
107.779,True,0.25,0.451,0.0,False,False,False
107.814,True,0.248,0.451,0.0,False,False,False
107.849,True,0.249,0.451,0.0,False,False,False
107.877,True,0.25,0.451,0.0,False,False,False
107.925,True,0.249,0.451,0.0,False,False,False
107.959,True,0.249,0.451,0.0,False,False,False
107.987,True,0.249,0.452,0.0,False,False,False
108.022,True,0.25,0.453,0.0,False,False,False
108.054,True,0.249,0.453,0.0,False,False,False
108.086,True,0.25,0.452,0.0,False,False,False
108.117,True,0.254,0.452,0.0,False,False,False
108.151,True,0.252,0.451,0.0,False,False,False
108.182,True,0.25,0.45,0.0,False,False,False
108.214,True,0.252,0.451,0.0,False,False,False
108.246,True,0.253,0.451,0.0,False,False,False
108.278,True,0.251,0.452,0.0,False,False,False
108.324,True,0.251,0.451,0.0,False,False,False
108.358,True,0.248,0.452,0.0,False,False,False
108.39,True,0.249,0.451,0.0,False,False,False
108.421,True,0.25,0.452,0.0,False,False,False
108.453,True,0.251,0.451,0.0,False,False,False
108.479,True,0.253,0.451,0.0,False,False,False
108.509,True,0.25,0.452,0.0,False,False,False
108.548,True,0.251,0.451,0.0,False,False,False
108.578,True,0.25,0.451,0.0,False,False,False
108.613,True,0.251,0.451,0.0,False,False,False
108.645,True,0.251,0.451,0.0,False,False,False
108.677,True,0.248,0.451,0.0,False,False,False
108.723,True,0.248,0.45,0.0,False,False,False
108.751,True,0.254,0.45,0.0,False,False,False
108.786,True,0.251,0.45,0.0,False,False,False
108.815,True,0.248,0.45,0.0,False,False,False
108.853,True,0.25,0.45,0.0,False,False,False
108.88,True,0.249,0.451,0.0,False,False,False
108.917,True,0.251,0.451,0.0,False,False,False
108.95,True,0.248,0.45,0.0,False,False,False
108.98,True,0.246,0.449,0.0,False,False,False
109.015,True,0.248,0.449,0.0,False,False,False
109.046,True,0.249,0.45,0.0,False,False,False
109.078,True,0.248,0.45,0.0,False,False,False
109.126,True,0.25,0.449,0.0,False,False,False
109.151,True,0.249,0.449,0.0,False,False,False
109.183,True,0.25,0.449,0.0,False,False,False
109.219,True,0.252,0.45,0.0,False,False,False
109.252,True,0.257,0.449,0.0,False,False,False
109.286,True,0.258,0.451,0.0,False,False,False
109.318,True,0.257,0.448,0.0,False,False,False
109.348,True,0.26,0.45,0.0,False,False,False
109.378,True,0.257,0.448,0.0,False,False,False
109.407,True,0.258,0.448,0.0,False,False,False
109.446,True,0.26,0.448,0.0,False,False,False
109.47,True,0.264,0.448,0.0,False,False,False
109.52,True,0.262,0.449,0.0,False,False,False
109.557,True,0.264,0.449,0.0,False,False,False
109.583,True,0.262,0.45,0.0,False,False,False
109.615,True,0.263,0.449,0.0,False,False,False
109.654,True,0.262,0.45,0.0,False,False,False
109.686,True,0.26,0.45,0.0,False,False,False
109.716,True,0.262,0.449,0.0,False,False,False
109.749,True,0.262,0.449,0.0,False,False,False
109.781,True,0.266,0.45,0.0,False,False,False
109.813,True,0.263,0.449,0.0,False,False,False
109.844,True,0.264,0.449,0.0,False,False,False
109.879,True,0.263,0.45,0.0,False,False,False
109.925,True,0.261,0.449,0.0,False,False,False
109.958,True,0.262,0.45,0.0,False,False,False
109.989,True,0.256,0.449,0.0,False,False,False
110.022,True,0.259,0.45,0.0,False,False,False
110.054,True,0.262,0.45,0.0,False,False,False
110.086,True,0.254,0.45,0.0,False,False,False
110.12,True,0.259,0.451,0.0,False,False,False
110.143,True,0.256,0.449,0.0,False,False,False
110.178,True,0.252,0.45,0.0,False,False,False
110.209,True,0.253,0.45,0.0,False,False,False
110.244,True,0.252,0.448,0.0,False,False,False
110.278,True,0.256,0.448,0.0,False,False,False
110.321,True,0.256,0.448,0.0,False,False,False
110.349,True,0.255,0.448,0.0,False,False,False
110.389,True,0.249,0.449,0.0,False,False,False
110.418,True,0.247,0.448,0.0,False,False,False
110.452,True,0.245,0.448,0.0,False,False,False
110.486,True,0.245,0.448,0.0,False,False,False
110.518,True,0.247,0.448,0.0,False,False,False
110.549,True,0.242,0.448,0.0,False,False,False
110.581,True,0.244,0.448,0.0,False,False,False
110.614,True,0.241,0.449,0.0,False,False,False
110.647,True,0.239,0.449,0.0,False,False,False
110.678,True,0.241,0.449,0.0,False,False,False
110.725,True,0.245,0.449,0.0,False,False,False
110.758,True,0.244,0.45,0.0,False,False,False
110.79,True,0.246,0.449,0.0,False,False,False
110.821,True,0.245,0.45,0.0,False,False,False
110.85,True,0.245,0.449,0.0,False,False,False
110.885,True,0.246,0.449,0.0,False,False,False
110.918,True,0.246,0.45,0.0,False,False,False
110.95,True,0.247,0.449,0.0,False,False,False
110.984,True,0.244,0.448,0.0,False,False,False
111.008,True,0.244,0.447,0.0,False,False,False
111.043,True,0.249,0.449,0.0,False,False,False
111.077,True,0.246,0.449,0.0,False,False,False
111.126,True,0.246,0.449,0.0,False,False,False
111.154,True,0.245,0.45,0.0,False,False,False
111.188,True,0.243,0.448,0.0,False,False,False
111.216,True,0.245,0.449,0.0,False,False,False
111.253,True,0.242,0.45,0.0,False,False,False
111.286,True,0.241,0.45,0.0,False,False,False
111.318,True,0.243,0.449,0.0,False,False,False
111.349,True,0.243,0.45,0.0,False,False,False
111.414,True,0.237,0.449,0.0,False,False,False
111.428,True,0.238,0.449,0.0,False,False,False
111.449,True,0.238,0.449,0.0,False,False,False
111.476,True,0.237,0.451,0.0,False,False,False
111.51,True,0.235,0.449,0.0,False,False,False
111.556,True,0.235,0.45,0.0,False,False,False
111.589,True,0.236,0.449,0.0,False,False,False
111.622,True,0.239,0.449,0.0,False,False,False
111.655,True,0.236,0.449,0.0,False,False,False
111.687,True,0.238,0.449,0.0,False,False,False
111.717,True,0.24,0.448,0.0,False,False,False
111.747,True,0.24,0.449,0.0,False,False,False
111.807,True,0.237,0.449,0.0,False,False,False
111.831,True,0.236,0.45,0.0,False,False,False
111.855,True,0.234,0.45,0.0,False,False,False
111.88,True,0.238,0.449,0.0,False,False,False
111.91,True,0.24,0.45,0.0,False,False,False
111.95,True,0.24,0.45,0.0,False,False,False
111.982,True,0.238,0.45,0.0,False,False,False
112.014,True,0.243,0.449,0.0,False,False,False
112.049,True,0.241,0.449,0.0,False,False,False
112.08,True,0.242,0.448,0.0,False,False,False
112.11,True,0.242,0.448,0.0,False,False,False
112.15,True,0.24,0.448,0.0,False,False,False
112.204,True,0.243,0.449,0.0,False,False,False
112.23,True,0.242,0.45,0.0,False,False,False
112.247,True,0.239,0.45,0.0,False,False,False
112.279,True,0.238,0.45,0.0,False,False,False
112.31,True,0.239,0.449,0.0,False,False,False
112.356,True,0.242,0.45,0.0,False,False,False
112.389,True,0.242,0.448,0.0,False,False,False
112.421,True,0.243,0.447,0.0,False,False,False
112.446,True,0.244,0.449,0.0,False,False,False
112.48,True,0.244,0.448,0.0,False,False,False
112.515,True,0.247,0.449,0.0,False,False,False
112.55,True,0.246,0.448,0.0,False,False,False
112.607,True,0.25,0.448,0.0,False,False,False
112.629,True,0.251,0.449,0.0,False,False,False
112.643,True,0.25,0.447,0.0,False,False,False
112.677,True,0.249,0.447,0.0,False,False,False
112.709,True,0.247,0.448,0.0,False,False,False
112.758,True,0.248,0.447,0.0,False,False,False
112.783,True,0.248,0.448,0.0,False,False,False
112.815,True,0.25,0.448,0.0,False,False,False
112.848,True,0.247,0.447,0.0,False,False,False
112.883,True,0.255,0.447,0.0,False,False,False
112.917,True,0.255,0.448,0.0,False,False,False
112.952,True,0.256,0.448,0.0,False,False,False
113.014,True,0.256,0.448,0.0,False,False,False
113.025,True,0.255,0.447,0.0,False,False,False
113.045,True,0.254,0.448,0.0,False,False,False
113.078,True,0.255,0.448,0.0,False,False,False
113.109,True,0.259,0.448,0.0,False,False,False
113.158,True,0.257,0.448,0.0,False,False,False
113.188,True,0.256,0.448,0.0,False,False,False
113.222,True,0.257,0.447,0.0,False,False,False
113.253,True,0.256,0.447,0.0,False,False,False
113.281,True,0.256,0.448,0.0,False,False,False
113.317,True,0.256,0.448,0.0,False,False,False
113.349,True,0.253,0.449,0.0,False,False,False
113.404,True,0.244,0.448,0.0,False,False,False
113.428,True,0.244,0.449,0.0,False,False,False
113.445,True,0.246,0.449,0.0,False,False,False
113.473,True,0.245,0.449,0.0,False,False,False
113.507,True,0.244,0.449,0.0,False,False,False
113.557,True,0.245,0.447,0.0,False,False,False
113.584,True,0.244,0.448,0.0,False,False,False
113.614,True,0.244,0.446,0.0,False,False,False
113.655,True,0.247,0.447,0.0,False,False,False
113.681,True,0.246,0.448,0.0,False,False,False
113.717,True,0.247,0.447,0.0,False,False,False
113.75,True,0.245,0.447,0.0,False,False,False
113.813,True,0.248,0.447,0.0,False,False,False
113.823,True,0.249,0.448,0.0,False,False,False
113.845,True,0.25,0.448,0.0,False,False,False
113.878,True,0.249,0.448,0.0,False,False,False
113.905,True,0.251,0.448,0.0,False,False,False
113.959,True,0.251,0.448,0.0,False,False,False
113.989,True,0.25,0.45,0.0,False,False,False
114.021,True,0.245,0.448,0.0,False,False,False
114.056,True,0.242,0.449,0.0,False,False,False
114.085,True,0.242,0.449,0.0,False,False,False
114.118,True,0.243,0.449,0.0,False,False,False
114.149,True,0.243,0.448,0.0,False,False,False
114.208,True,0.247,0.448,0.0,False,False,False
114.236,True,0.247,0.448,0.0,False,False,False
114.242,True,0.246,0.448,0.0,False,False,False
114.271,True,0.243,0.448,0.0,False,False,False
114.309,True,0.243,0.449,0.0,False,False,False
114.356,True,0.244,0.45,0.0,False,False,False
114.383,True,0.244,0.45,0.0,False,False,False
114.415,True,0.242,0.449,0.0,False,False,False
114.447,True,0.243,0.448,0.0,False,False,False
114.486,True,0.244,0.45,0.0,False,False,False
114.514,True,0.249,0.45,0.0,False,False,False
114.549,True,0.246,0.452,0.0,False,False,False
114.612,True,0.25,0.452,0.0,False,False,False
114.623,True,0.247,0.451,0.0,False,False,False
114.646,True,0.25,0.45,0.0,False,False,False
114.681,True,0.254,0.45,0.0,False,False,False
114.709,True,0.253,0.451,0.0,False,False,False
114.758,True,0.257,0.451,0.0,False,False,False
114.789,True,0.256,0.45,0.0,False,False,False
114.821,True,0.255,0.451,0.0,False,False,False
114.847,True,0.252,0.448,0.0,False,False,False
114.883,True,0.252,0.446,0.0,False,False,False
114.918,True,0.248,0.45,0.0,False,False,False
114.945,True,0.252,0.45,0.0,False,False,False
115.028,True,0.252,0.449,0.0,False,False,False
115.051,True,0.246,0.45,0.0,False,False,False
115.071,True,0.254,0.45,0.0,False,False,False
115.102,True,0.255,0.451,0.0,False,False,False
115.129,True,0.249,0.451,0.0,False,False,False
115.165,True,0.24,0.451,0.0,False,False,False
115.197,True,0.235,0.448,0.0,False,False,False
115.216,True,0.246,0.446,0.0,False,False,False
115.272,True,0.247,0.448,0.0,False,False,False
115.293,True,0.25,0.448,0.0,False,False,False
115.338,True,0.252,0.448,0.0,False,False,False
115.37,True,0.252,0.446,0.0,False,False,False
115.414,True,0.254,0.45,0.0,False,False,False
115.452,True,0.245,0.451,0.0,False,False,False
115.467,True,0.256,0.448,0.0,False,False,False
115.501,True,0.254,0.45,0.0,False,False,False
115.548,True,0.259,0.45,0.0,False,False,False
115.578,True,0.261,0.45,0.0,False,False,False
115.61,True,0.266,0.451,0.0,False,False,False
115.625,True,0.278,0.451,0.0,False,False,False
115.661,True,0.277,0.451,0.0,False,False,False
115.695,True,0.28,0.454,0.0,False,False,False
115.73,True,0.28,0.453,0.0,False,False,False
115.764,True,0.283,0.453,0.0,False,False,False
115.826,True,0.28,0.452,0.0,False,False,False
115.854,True,0.282,0.452,0.0,False,False,False
115.882,True,0.282,0.453,0.0,False,False,False
115.903,True,0.273,0.452,0.0,False,False,False
115.924,True,0.269,0.45,0.0,False,False,False
115.972,True,0.268,0.452,0.0,False,False,False
116.0,True,0.267,0.451,0.0,False,False,False
116.035,True,0.272,0.45,0.0,False,False,False
116.063,True,0.272,0.451,0.0,False,False,False
116.091,True,0.269,0.447,0.0,False,False,False
116.132,True,0.273,0.446,0.0,False,False,False
116.162,True,0.281,0.447,0.0,False,False,False
116.229,True,0.274,0.446,0.0,False,False,False
116.251,True,0.28,0.447,0.0,False,False,False
116.273,True,0.281,0.446,0.0,False,False,False
116.293,True,0.287,0.445,0.0,False,False,False
116.329,True,0.284,0.447,0.0,False,False,False
116.369,True,0.289,0.449,0.0,False,False,False
116.399,True,0.283,0.45,0.0,False,False,False
116.441,True,0.287,0.45,0.0,False,False,False
116.591,True,0.289,0.451,0.0,False,False,False
116.62,True,0.29,0.451,0.0,False,False,False
116.648,True,0.29,0.447,0.0,False,False,False
116.671,True,0.287,0.45,0.0,False,False,False
116.697,True,0.288,0.451,0.0,False,False,False
116.717,True,0.292,0.45,0.0,False,False,False
116.773,True,0.289,0.452,0.0,False,False,False
116.792,True,0.292,0.452,0.0,False,False,False
116.827,True,0.291,0.452,0.0,False,False,False
116.865,True,0.293,0.451,0.0,False,False,False
116.903,True,0.247,0.453,0.0,False,False,False
116.925,True,0.061,0.452,0.006,True,False,False
116.965,True,0.042,0.452,0.011,True,False,False
117.029,True,0.194,0.451,0.017,True,False,False
117.049,True,0.203,0.453,0.017,False,False,False
117.07,True,0.228,0.452,0.017,False,False,False
117.104,True,0.244,0.452,0.017,False,False,False
117.127,True,0.242,0.451,0.017,False,False,False
117.174,True,0.245,0.452,0.017,False,False,False
117.202,True,0.251,0.452,0.017,False,False,False
117.237,True,0.256,0.453,0.017,False,False,False
117.273,True,0.255,0.453,0.017,False,False,False
117.298,True,0.256,0.451,0.017,False,False,False
117.339,True,0.253,0.451,0.017,False,False,False
117.361,True,0.253,0.452,0.017,False,False,False
117.421,True,0.268,0.451,0.017,False,False,False
117.444,True,0.256,0.45,0.017,False,False,False
117.466,True,0.264,0.452,0.017,False,False,False
117.488,True,0.26,0.45,0.017,False,False,False
117.517,True,0.258,0.45,0.017,False,False,False
117.585,True,0.26,0.453,0.017,False,False,False
117.605,True,0.263,0.45,0.017,False,False,False
117.625,True,0.264,0.451,0.017,False,False,False
117.66,True,0.268,0.452,0.017,False,False,False
117.695,True,0.264,0.453,0.017,False,False,False
117.731,True,0.262,0.453,0.017,False,False,False
117.77,True,0.259,0.454,0.017,False,False,False
117.81,True,0.261,0.453,0.017,False,False,False
117.847,True,0.262,0.452,0.017,False,False,False
117.867,True,0.264,0.453,0.017,False,False,False
117.903,True,0.266,0.454,0.017,False,False,False
117.924,True,0.27,0.454,0.017,False,False,False
117.978,True,0.273,0.455,0.017,False,False,False
118.01,True,0.271,0.454,0.017,False,False,False
118.042,True,0.274,0.453,0.017,False,False,False
118.07,True,0.271,0.451,0.017,False,False,False
118.089,True,0.268,0.452,0.017,False,False,False
118.125,True,0.272,0.449,0.017,False,False,False
118.166,True,0.268,0.454,0.017,False,False,False
118.229,True,0.282,0.449,0.017,False,False,False
118.244,True,0.279,0.45,0.017,False,False,False
118.278,True,0.278,0.45,0.017,False,False,False
118.293,True,0.284,0.45,0.017,False,False,False
118.331,True,0.276,0.451,0.017,False,False,False
118.358,True,0.272,0.451,0.017,False,False,False
118.404,True,0.27,0.45,0.017,False,False,False
118.438,True,0.272,0.452,0.017,False,False,False
118.455,True,0.278,0.45,0.017,False,False,False
118.49,True,0.283,0.45,0.017,False,False,False
118.528,True,0.275,0.45,0.017,False,False,False
118.568,True,0.277,0.451,0.017,False,False,False
118.632,True,0.276,0.451,0.017,False,False,False
118.66,True,0.272,0.451,0.017,False,False,False
118.68,True,0.27,0.452,0.017,False,False,False
118.708,True,0.269,0.451,0.017,False,False,False
118.746,True,0.268,0.453,0.017,False,False,False
118.777,True,0.274,0.453,0.017,False,False,False
118.81,True,0.274,0.454,0.017,False,False,False
118.842,True,0.272,0.454,0.017,False,False,False
118.854,True,0.269,0.453,0.017,False,False,False
118.89,True,0.269,0.452,0.017,False,False,False
118.923,True,0.27,0.452,0.017,False,False,False
118.959,True,0.271,0.453,0.017,False,False,False
119.028,True,0.268,0.454,0.017,False,False,False
119.057,True,0.27,0.455,0.017,False,False,False
119.083,True,0.272,0.454,0.017,False,False,False
119.112,True,0.275,0.455,0.017,False,False,False
119.132,True,0.28,0.454,0.017,False,False,False
119.166,True,0.276,0.453,0.017,False,False,False
119.202,True,0.278,0.453,0.017,False,False,False
119.237,True,0.279,0.452,0.017,False,False,False
119.259,True,0.281,0.451,0.017,False,False,False
119.293,True,0.281,0.45,0.017,False,False,False
119.325,True,0.282,0.451,0.017,False,False,False
119.361,True,0.28,0.452,0.017,False,False,False
119.423,True,0.285,0.453,0.017,False,False,False
119.444,True,0.284,0.453,0.017,False,False,False
119.47,True,0.282,0.453,0.017,False,False,False
119.491,True,0.287,0.452,0.017,False,False,False
119.513,True,0.286,0.452,0.017,False,False,False
119.583,True,0.286,0.452,0.017,False,False,False
119.613,True,0.293,0.453,0.017,False,False,False
119.633,True,0.287,0.453,0.017,False,False,False
119.663,True,0.285,0.453,0.017,False,False,False
119.702,True,0.289,0.452,0.017,False,False,False
119.73,True,0.29,0.452,0.017,False,False,False
119.758,True,0.291,0.453,0.017,False,False,False
119.826,True,0.287,0.453,0.017,False,False,False
119.847,True,0.287,0.453,0.017,False,False,False
119.875,True,0.287,0.453,0.017,False,False,False
119.895,True,0.285,0.453,0.017,False,False,False
119.923,True,0.283,0.452,0.017,False,False,False
119.965,True,0.286,0.453,0.017,False,False,False
119.999,True,0.286,0.452,0.017,False,False,False
120.034,True,0.29,0.453,0.017,False,False,False
120.059,True,0.286,0.453,0.017,False,False,False
120.092,True,0.285,0.452,0.017,False,False,False
120.124,True,0.283,0.453,0.017,False,False,False
120.167,True,0.271,0.452,0.017,False,False,False
120.223,True,0.281,0.452,0.017,False,False,False
120.243,True,0.282,0.452,0.017,False,False,False
120.267,True,0.277,0.453,0.017,False,False,False
120.293,True,0.282,0.454,0.017,False,False,False
120.314,True,0.281,0.454,0.017,False,False,False
120.375,True,0.285,0.454,0.017,False,False,False
120.397,True,0.295,0.455,0.017,False,False,False
120.437,True,0.293,0.454,0.017,False,False,False
120.466,True,0.294,0.456,0.017,False,False,False
120.5,True,0.296,0.456,0.017,False,False,False
120.52,True,0.295,0.455,0.017,False,False,False
120.555,True,0.296,0.454,0.017,False,False,False
120.624,True,0.295,0.453,0.017,False,False,False
120.659,True,0.296,0.453,0.017,False,False,False
120.68,True,0.296,0.453,0.017,False,False,False
120.715,True,0.298,0.454,0.017,False,False,False
120.745,True,0.299,0.454,0.017,False,False,False
120.765,True,0.3,0.453,0.017,False,False,False
120.802,True,0.298,0.453,0.017,False,False,False
120.833,True,0.298,0.453,0.017,False,False,False
120.867,True,0.293,0.455,0.017,False,False,False
120.892,True,0.294,0.454,0.017,False,False,False
120.924,True,0.279,0.456,0.017,False,False,False
120.958,True,0.286,0.455,0.017,False,False,False
121.036,True,0.279,0.453,0.017,False,False,False
121.055,True,0.28,0.456,0.017,False,False,False
121.083,True,0.279,0.456,0.017,False,False,False
121.11,True,0.277,0.455,0.017,False,False,False
121.138,True,0.277,0.454,0.017,False,False,False
121.16,True,0.279,0.454,0.017,False,False,False
121.194,True,0.283,0.454,0.017,False,False,False
121.242,True,0.279,0.454,0.017,False,False,False
121.264,True,0.279,0.453,0.017,False,False,False
121.292,True,0.279,0.454,0.017,False,False,False
121.333,True,0.276,0.454,0.017,False,False,False
121.353,True,0.281,0.455,0.017,False,False,False
121.423,True,0.282,0.454,0.017,False,False,False
121.458,True,0.283,0.456,0.017,False,False,False
121.479,True,0.284,0.457,0.017,False,False,False
121.506,True,0.28,0.455,0.017,False,False,False
121.527,True,0.274,0.454,0.017,False,False,False
121.547,True,0.275,0.456,0.017,False,True,True
121.599,True,0.276,0.456,0.017,False,True,True
121.638,True,0.274,0.456,0.017,False,True,True
121.666,True,0.272,0.456,0.017,False,True,True
121.701,True,0.274,0.456,0.017,False,True,True
121.721,True,0.271,0.455,0.017,False,True,True
121.883,True,0.27,0.455,0.017,False,True,True
121.93,True,0.271,0.456,0.017,False,True,True
122.03,True,0.27,0.456,0.017,False,True,True
122.053,True,0.272,0.456,0.017,False,True,True
122.08,True,0.276,0.455,0.017,False,True,True
122.107,True,0.279,0.455,0.017,False,True,True
122.122,True,0.276,0.456,0.017,False,True,True
122.144,True,0.278,0.456,0.017,False,True,True
122.158,True,0.273,0.456,0.017,False,True,True
122.187,True,0.27,0.455,0.017,False,True,True
122.214,True,0.263,0.455,0.017,False,True,True
122.247,True,0.256,0.454,0.017,False,True,True
122.267,True,0.255,0.454,0.017,False,True,True
122.282,True,0.256,0.456,0.017,False,True,True
122.311,True,0.26,0.456,0.017,False,True,True
122.342,True,0.264,0.456,0.017,False,True,True
122.39,True,0.269,0.456,0.017,False,True,True
122.421,True,0.268,0.457,0.017,False,True,True
122.455,True,0.265,0.456,0.017,False,True,True
122.486,True,0.264,0.456,0.017,False,True,True
122.515,True,0.265,0.456,0.017,False,True,True
122.551,True,0.264,0.456,0.017,False,True,True
122.615,True,0.262,0.456,0.017,False,True,True
122.645,True,0.268,0.455,0.017,False,True,True
122.673,True,0.269,0.454,0.017,False,True,True
122.69,True,0.269,0.454,0.017,False,True,True
122.715,True,0.264,0.455,0.017,False,True,True
122.745,True,0.269,0.456,0.017,False,True,True
122.791,True,0.278,0.456,0.017,False,True,True
122.825,True,0.285,0.456,0.017,False,True,True
122.856,True,0.287,0.457,0.017,False,True,True
122.887,True,0.289,0.455,0.017,False,True,True
122.919,True,0.291,0.457,0.017,False,True,True
122.95,True,0.298,0.455,0.017,False,True,True
123.02,True,0.298,0.455,0.017,False,True,True
123.048,True,0.291,0.454,0.011,False,False,False
123.069,True,0.292,0.454,0.006,False,False,False
123.096,True,0.296,0.454,0.0,False,False,False
123.118,True,0.293,0.453,0.0,False,False,False
123.138,True,0.296,0.453,0.0,False,False,False
123.19,True,0.301,0.454,0.0,False,False,False
123.222,True,0.3,0.453,0.0,False,False,False
123.249,True,0.298,0.454,0.0,False,False,False
123.286,True,0.299,0.453,0.0,False,False,False
123.317,True,0.298,0.451,0.0,False,False,False
123.345,True,0.295,0.454,0.0,False,False,False
123.414,True,0.3,0.453,0.0,False,False,False
123.445,True,0.298,0.452,0.0,False,False,False
123.464,True,0.296,0.451,0.0,False,False,False
123.485,True,0.307,0.454,0.0,False,False,False
123.51,True,0.303,0.453,0.0,False,False,False
123.535,True,0.301,0.454,0.0,False,False,False
123.595,True,0.308,0.454,0.0,False,False,False
123.622,True,0.305,0.453,0.0,False,False,False
123.647,True,0.303,0.454,0.0,False,False,False
123.685,True,0.303,0.456,0.0,False,False,False
123.718,True,0.299,0.455,0.0,False,False,False
123.75,True,0.298,0.456,0.0,False,False,False
123.814,True,0.297,0.454,0.0,False,False,False
123.846,True,0.296,0.455,0.0,False,False,False
123.86,True,0.297,0.456,0.0,False,False,False
123.881,True,0.299,0.456,0.0,False,False,False
123.909,True,0.298,0.455,0.0,False,True,True
123.935,True,0.295,0.456,0.0,False,True,True
123.988,True,0.293,0.456,0.0,False,True,True
124.02,True,0.297,0.454,0.0,False,False,False
124.049,True,0.283,0.456,0.0,False,False,False
124.085,True,0.266,0.456,0.0,False,False,False
124.116,True,0.262,0.455,0.0,False,False,False
124.146,True,0.263,0.455,0.0,False,False,False
124.207,True,0.266,0.456,0.0,False,False,False
124.245,True,0.268,0.456,0.0,False,False,False
124.265,True,0.268,0.456,0.0,False,False,False
124.287,True,0.269,0.457,0.0,False,True,True
124.313,True,0.269,0.457,0.0,False,True,True
124.341,True,0.27,0.457,0.0,False,True,True
124.385,True,0.28,0.458,0.0,False,True,True
124.415,True,0.291,0.456,0.0,False,True,True
124.45,True,0.287,0.456,0.0,False,True,True
124.486,True,0.287,0.456,0.0,False,True,True
124.518,True,0.291,0.456,0.0,False,True,True
124.549,True,0.294,0.455,0.0,False,True,True
124.613,True,0.305,0.455,0.0,False,True,True
124.645,True,0.296,0.455,0.0,False,True,True
124.659,True,0.297,0.454,0.0,False,True,True
124.679,True,0.302,0.455,0.0,False,True,True
124.711,True,0.3,0.456,0.0,False,True,True
124.743,True,0.297,0.455,0.0,False,True,True
124.79,True,0.3,0.456,0.0,False,True,True
124.821,True,0.299,0.454,0.0,False,True,True
124.853,True,0.296,0.454,0.0,False,False,False
124.885,True,0.298,0.453,0.0,False,False,False
124.917,True,0.297,0.454,0.0,False,False,False
124.951,True,0.298,0.454,0.0,False,False,False
125.013,True,0.3,0.453,0.0,False,False,False
125.04,True,0.299,0.455,0.0,False,False,False
125.065,True,0.3,0.455,0.0,False,False,False
125.097,True,0.301,0.455,0.0,False,False,False
125.124,True,0.3,0.456,0.0,False,False,False
125.151,True,0.303,0.456,0.0,False,False,False
125.189,True,0.306,0.456,0.0,False,False,False
125.221,True,0.297,0.456,0.0,False,False,False
125.249,True,0.298,0.456,0.0,False,True,True
125.285,True,0.292,0.455,0.0,False,True,True
125.318,True,0.296,0.455,0.0,False,True,True
125.348,True,0.297,0.456,0.0,False,True,True
125.414,True,0.296,0.455,0.0,False,True,True
125.446,True,0.295,0.455,0.0,False,True,True
125.465,True,0.296,0.455,0.0,False,True,True
125.482,True,0.296,0.455,0.0,False,True,True
125.508,True,0.294,0.455,0.0,False,True,True
125.542,True,0.296,0.456,0.0,False,True,True
125.591,True,0.296,0.453,0.0,False,False,False
125.621,True,0.297,0.455,0.0,False,False,False
125.653,True,0.295,0.455,0.0,False,False,False
125.685,True,0.293,0.456,0.0,False,False,False
125.717,True,0.296,0.456,0.0,False,False,False
125.749,True,0.296,0.455,0.0,False,False,False
125.807,True,0.29,0.455,0.0,False,False,False
125.846,True,0.291,0.455,0.0,False,False,False
125.864,True,0.292,0.455,0.0,False,True,True
125.877,True,0.297,0.456,0.0,False,True,True
125.908,True,0.299,0.456,0.0,False,True,True
125.941,True,0.304,0.457,0.0,False,True,True
125.985,True,0.306,0.457,0.0,False,True,True
126.019,True,0.303,0.455,0.0,False,True,True
126.052,True,0.307,0.455,0.0,False,True,True
126.086,True,0.304,0.456,0.0,False,True,True
126.117,True,0.306,0.455,0.0,False,True,True
126.145,True,0.307,0.454,0.0,False,False,False
126.212,True,0.306,0.454,0.0,False,False,False
126.246,True,0.314,0.455,0.0,False,False,False
126.275,True,0.314,0.455,0.0,False,False,False
126.285,True,0.31,0.455,0.0,False,False,False
126.309,True,0.311,0.454,0.0,False,False,False
126.339,True,0.315,0.453,0.0,False,False,False
126.385,True,0.312,0.456,0.0,False,False,False
126.42,True,0.317,0.455,0.0,False,False,False
126.448,True,0.313,0.455,0.0,False,False,False
126.486,True,0.311,0.455,0.0,False,False,False
126.515,True,0.31,0.454,0.0,False,False,False
126.548,True,0.314,0.454,0.0,False,False,False
126.61,True,0.175,0.452,0.006,True,False,False
126.645,True,0.057,0.454,0.011,True,False,False
126.657,True,0.054,0.454,0.017,True,False,False
126.675,True,0.059,0.455,0.022,True,False,False
126.707,True,0.185,0.454,0.028,True,False,False
126.74,True,0.216,0.455,0.028,False,False,False
126.789,True,0.235,0.454,0.028,False,False,False
126.817,True,0.246,0.454,0.028,False,False,False
126.853,True,0.253,0.455,0.028,False,False,False
126.885,True,0.26,0.455,0.028,False,False,False
126.915,True,0.267,0.454,0.028,False,False,False
126.949,True,0.277,0.454,0.028,False,False,False
127.012,True,0.283,0.453,0.028,False,False,False
127.045,True,0.285,0.452,0.028,False,False,False
127.076,True,0.284,0.453,0.028,False,False,False
127.095,True,0.287,0.454,0.028,False,False,False
127.112,True,0.291,0.455,0.028,False,False,False
127.139,True,0.292,0.456,0.028,False,False,False
127.188,True,0.289,0.456,0.028,False,False,False
127.222,True,0.29,0.455,0.028,False,False,False
127.253,True,0.294,0.456,0.028,False,False,False
127.285,True,0.291,0.456,0.028,False,False,False
127.318,True,0.29,0.455,0.028,False,True,True
127.347,True,0.296,0.456,0.028,False,True,True
127.407,True,0.292,0.455,0.028,False,True,True
127.445,True,0.297,0.454,0.028,False,True,True
127.461,True,0.291,0.454,0.028,False,True,True
127.475,True,0.3,0.455,0.028,False,True,True
127.505,True,0.3,0.455,0.028,False,True,True
127.542,True,0.296,0.455,0.028,False,True,True
127.59,True,0.299,0.455,0.028,False,True,True
127.62,True,0.298,0.453,0.028,False,False,False
127.651,True,0.296,0.45,0.028,False,False,False
127.685,True,0.285,0.447,0.028,False,False,False
127.715,True,0.286,0.449,0.028,False,False,False
127.75,True,0.296,0.453,0.028,False,False,False
127.814,True,0.294,0.451,0.028,False,False,False
127.846,True,0.296,0.452,0.028,False,False,False
127.871,True,0.299,0.454,0.028,False,False,False
127.895,True,0.295,0.454,0.028,False,False,False
127.912,True,0.303,0.454,0.028,False,False,False
127.937,True,0.3,0.453,0.028,False,False,False
127.989,True,0.321,0.451,0.028,False,False,False
128.019,True,0.356,0.461,0.028,False,False,False
128.053,True,0.353,0.456,0.028,False,False,False
128.086,True,0.338,0.458,0.028,False,False,False
128.117,True,0.332,0.458,0.028,False,False,False
128.145,True,0.338,0.451,0.028,False,False,False
128.215,True,0.331,0.457,0.028,False,False,False
128.239,True,0.356,0.46,0.028,False,False,False
128.259,True,0.349,0.461,0.028,False,False,False
128.27,True,0.367,0.469,0.028,False,False,False
128.309,True,0.345,0.463,0.028,False,False,False
128.339,True,0.343,0.451,0.028,False,False,False
128.39,True,0.329,0.452,0.028,False,False,False
128.423,True,0.335,0.452,0.028,False,False,False
128.447,True,0.354,0.457,0.028,False,False,False
128.477,True,0.363,0.459,0.028,False,False,False
128.517,True,0.334,0.455,0.028,False,False,False
128.549,True,0.328,0.458,0.028,False,False,False
128.612,True,0.317,0.455,0.028,False,False,False
128.646,True,0.32,0.451,0.028,False,False,False
128.67,True,0.323,0.452,0.028,False,False,False
128.686,True,0.319,0.452,0.028,False,False,False
128.71,True,0.314,0.45,0.028,False,False,False
128.741,True,0.313,0.452,0.028,False,False,False
128.79,True,0.314,0.454,0.028,False,False,False
128.821,True,0.313,0.451,0.028,False,False,False
128.852,True,0.309,0.451,0.028,False,False,False
128.885,True,0.313,0.448,0.028,False,False,False
128.916,True,0.31,0.45,0.028,False,False,False
128.942,True,0.324,0.453,0.028,False,False,False
129.013,True,0.308,0.451,0.028,False,False,False
129.038,True,0.322,0.449,0.028,False,False,False
129.063,True,0.315,0.449,0.028,False,False,False
129.094,True,0.318,0.451,0.028,False,False,False
129.112,True,0.331,0.452,0.028,False,False,False
129.137,True,0.329,0.452,0.028,False,False,False
129.19,True,0.32,0.453,0.028,False,False,False
129.221,True,0.317,0.454,0.028,False,False,False
129.246,True,0.313,0.457,0.028,False,False,False
129.279,True,0.312,0.456,0.028,False,False,False
129.318,True,0.305,0.454,0.028,False,False,False
129.345,True,0.303,0.453,0.028,False,False,False
129.413,True,0.304,0.451,0.028,False,False,False
129.445,True,0.293,0.451,0.028,False,False,False
129.454,True,0.303,0.451,0.028,False,False,False
129.47,True,0.298,0.453,0.028,False,False,False
129.504,True,0.298,0.455,0.028,False,False,False
129.541,True,0.301,0.453,0.028,False,False,False
129.588,True,0.302,0.453,0.028,False,False,False
129.622,True,0.309,0.453,0.028,False,False,False
129.653,True,0.314,0.454,0.028,False,False,False
129.685,True,0.312,0.453,0.028,False,False,False
129.719,True,0.314,0.451,0.028,False,False,False
129.75,True,0.296,0.454,0.028,False,False,False
129.813,True,0.296,0.452,0.028,False,False,False
129.84,True,0.294,0.453,0.028,False,False,False
129.87,True,0.302,0.454,0.028,False,False,False
129.891,True,0.298,0.452,0.028,False,False,False
129.911,True,0.301,0.453,0.028,False,False,False
129.942,True,0.299,0.455,0.028,False,False,False
129.986,True,0.304,0.456,0.028,False,False,False
130.021,True,0.305,0.455,0.028,False,False,False
130.054,True,0.302,0.453,0.028,False,False,False
130.089,True,0.304,0.454,0.028,False,False,False
130.118,True,0.305,0.454,0.028,False,False,False
130.147,True,0.306,0.453,0.028,False,False,False
130.214,True,0.314,0.453,0.028,False,False,False
130.246,True,0.312,0.453,0.028,False,False,False
130.274,True,0.313,0.453,0.028,False,False,False
130.29,True,0.312,0.454,0.028,False,False,False
130.31,True,0.309,0.454,0.028,False,False,False
130.342,True,0.31,0.452,0.028,False,False,False
130.375,True,0.311,0.454,0.028,False,False,False
130.421,True,0.309,0.453,0.028,False,False,False
130.453,True,0.31,0.453,0.028,False,False,False
130.486,True,0.304,0.454,0.028,False,False,False
130.519,True,0.306,0.456,0.028,False,False,False
130.549,True,0.3,0.455,0.028,False,False,False
130.61,True,0.302,0.452,0.028,False,False,False
130.645,True,0.309,0.453,0.028,False,False,False
130.677,True,0.313,0.454,0.028,False,False,False
130.705,True,0.314,0.454,0.028,False,False,False
130.724,True,0.312,0.453,0.028,False,False,False
130.737,True,0.31,0.453,0.028,False,False,False
130.773,True,0.313,0.453,0.028,False,False,False
130.818,True,0.313,0.452,0.028,False,False,False
130.853,True,0.317,0.452,0.028,False,False,False
130.884,True,0.319,0.452,0.028,False,False,False
130.916,True,0.32,0.452,0.028,False,False,False
130.948,True,0.32,0.452,0.028,False,False,False
131.012,True,0.314,0.452,0.028,False,False,False
131.047,True,0.312,0.453,0.028,False,False,False
131.078,True,0.313,0.452,0.028,False,False,False
131.104,True,0.311,0.452,0.028,False,False,False
131.123,True,0.307,0.452,0.028,False,False,False
131.142,True,0.31,0.452,0.028,False,False,False
131.171,True,0.313,0.453,0.028,False,False,False
131.22,True,0.314,0.455,0.028,False,False,False
131.255,True,0.313,0.454,0.028,False,False,False
131.285,True,0.305,0.453,0.028,False,False,False
131.317,True,0.302,0.455,0.028,False,False,False
131.351,True,0.303,0.456,0.028,False,False,False
131.406,True,0.3,0.456,0.028,False,False,False
131.439,True,0.302,0.457,0.028,False,False,False
131.478,True,0.304,0.456,0.028,False,False,False
131.495,True,0.302,0.455,0.028,False,False,False
131.521,True,0.303,0.455,0.028,False,False,False
131.536,True,0.304,0.456,0.028,False,True,True
131.573,True,0.303,0.455,0.028,False,True,True
131.621,True,0.305,0.454,0.028,False,False,False
131.651,True,0.305,0.454,0.028,False,False,False
131.686,True,0.307,0.454,0.028,False,False,False
131.711,True,0.303,0.453,0.028,False,False,False
131.749,True,0.305,0.454,0.028,False,False,False
131.815,True,0.299,0.453,0.028,False,False,False
131.846,True,0.301,0.455,0.028,False,False,False
131.878,True,0.303,0.454,0.028,False,False,False
131.907,True,0.301,0.454,0.028,False,False,False
131.937,True,0.301,0.452,0.028,False,False,False
131.952,True,0.303,0.455,0.028,False,False,False
131.974,True,0.3,0.456,0.028,False,False,False
132.022,True,0.301,0.456,0.028,False,False,False
132.056,True,0.301,0.455,0.028,False,False,False
132.086,True,0.303,0.454,0.028,False,False,False
132.119,True,0.301,0.455,0.028,False,False,False
132.151,True,0.298,0.455,0.028,False,False,False
132.213,True,0.301,0.453,0.028,False,False,False
132.242,True,0.299,0.455,0.028,False,False,False
132.276,True,0.303,0.455,0.028,False,False,False
132.292,True,0.303,0.456,0.028,False,False,False
132.31,True,0.3,0.455,0.028,False,False,False
132.344,True,0.303,0.455,0.028,False,False,False
132.373,True,0.306,0.454,0.028,False,False,False
132.422,True,0.301,0.455,0.028,False,False,False
132.452,True,0.303,0.455,0.028,False,False,False
132.486,True,0.302,0.455,0.028,False,False,False
132.512,True,0.307,0.455,0.028,False,False,False
132.55,True,0.304,0.455,0.028,False,False,False
132.614,True,0.305,0.454,0.022,False,False,False
132.643,True,0.307,0.454,0.017,False,False,False
132.678,True,0.31,0.454,0.011,False,False,False
132.702,True,0.309,0.454,0.006,False,False,False
132.717,True,0.31,0.453,0.0,False,False,False
132.741,True,0.309,0.453,0.0,False,False,False
132.775,True,0.306,0.454,0.0,False,False,False
132.82,True,0.308,0.455,0.0,False,False,False
132.852,True,0.305,0.453,0.0,False,False,False
132.886,True,0.301,0.452,0.0,False,False,False
132.917,True,0.305,0.453,0.0,False,False,False
132.949,True,0.301,0.453,0.0,False,False,False
133.014,True,0.289,0.453,0.0,False,False,False
133.046,True,0.287,0.453,0.0,False,False,False
133.077,True,0.265,0.453,0.0,False,False,False
133.101,True,0.263,0.453,0.0,False,False,False
133.119,True,0.266,0.452,0.0,False,False,False
133.138,True,0.263,0.451,0.0,False,False,False
133.172,True,0.259,0.453,0.0,False,False,False
133.225,True,0.26,0.453,0.0,False,False,False
133.252,True,0.248,0.452,0.0,False,False,False
133.285,True,0.24,0.453,0.0,False,False,False
133.317,True,0.239,0.452,0.0,False,False,False
133.35,True,0.238,0.453,0.0,False,False,False
133.412,True,0.234,0.455,0.0,False,False,False
133.446,True,0.235,0.454,0.0,False,False,False
133.478,True,0.233,0.454,0.0,False,False,False
133.504,True,0.233,0.453,0.0,False,False,False
133.522,True,0.233,0.453,0.0,False,False,False
133.541,True,0.234,0.451,0.0,False,False,False
133.574,True,0.237,0.454,0.0,False,False,False
133.622,True,0.238,0.455,0.0,False,False,False
133.655,True,0.234,0.455,0.0,False,False,False
133.687,True,0.237,0.455,0.0,False,False,False
133.718,True,0.236,0.455,0.0,False,False,False
133.75,True,0.237,0.455,0.0,False,False,False
133.814,True,0.231,0.455,0.0,False,False,False
133.845,True,0.238,0.455,0.0,False,False,False
133.879,True,0.249,0.455,0.0,False,True,True
133.898,True,0.249,0.455,0.0,False,True,True
133.925,True,0.249,0.455,0.0,False,True,True
133.942,True,0.248,0.455,0.0,False,True,True
133.974,True,0.247,0.454,0.0,False,True,True
134.019,True,0.248,0.455,0.0,False,True,True
134.053,True,0.244,0.454,0.0,False,True,True
134.084,True,0.243,0.455,0.0,False,True,True
134.113,True,0.245,0.454,0.0,False,False,False
134.143,True,0.246,0.454,0.0,False,False,False
134.214,True,0.239,0.454,0.0,False,False,False
134.246,True,0.24,0.454,0.0,False,False,False
134.276,True,0.24,0.456,0.0,False,False,False
134.292,True,0.242,0.456,0.0,False,False,False
134.312,True,0.238,0.457,0.0,False,False,False
134.342,True,0.237,0.455,0.0,False,False,False
134.374,True,0.241,0.456,0.0,False,False,False
134.421,True,0.242,0.457,0.0,False,False,False
134.452,True,0.246,0.457,0.0,False,False,False
134.485,True,0.233,0.457,0.0,False,True,True
134.516,True,0.239,0.458,0.0,False,True,True
134.544,True,0.241,0.458,0.0,False,True,True
134.612,True,0.246,0.456,0.0,False,True,True
134.644,True,0.242,0.456,0.0,False,True,True
134.678,True,0.239,0.458,0.0,False,True,True
134.682,True,0.24,0.459,0.0,False,True,True
134.706,True,0.242,0.457,0.0,False,True,True
134.742,True,0.247,0.457,0.0,False,True,True
134.773,True,0.249,0.457,0.0,False,True,True
134.822,True,0.245,0.457,0.0,False,True,True
134.855,True,0.244,0.455,0.0,False,True,True
134.882,True,0.241,0.456,0.0,False,True,True
134.914,True,0.244,0.455,0.0,False,True,True
134.946,True,0.242,0.456,0.0,False,True,True
135.012,True,0.24,0.457,0.0,False,True,True
135.045,True,0.248,0.458,0.0,False,True,True
135.078,True,0.248,0.456,0.0,False,True,True
135.106,True,0.246,0.457,0.0,False,True,True
135.124,True,0.248,0.456,0.0,False,True,True
135.142,True,0.245,0.456,0.0,False,True,True
135.176,True,0.248,0.455,0.0,False,True,True
135.222,True,0.246,0.456,0.0,False,True,True
135.254,True,0.246,0.457,0.0,False,True,True
135.286,True,0.245,0.456,0.0,False,True,True
135.317,True,0.246,0.455,0.0,False,True,True
135.35,True,0.245,0.457,0.0,False,True,True
135.414,True,0.247,0.457,0.0,False,True,True
135.446,True,0.249,0.458,0.0,False,True,True
135.477,True,0.243,0.456,0.0,False,True,True
135.495,True,0.245,0.456,0.0,False,True,True
135.522,True,0.245,0.457,0.0,False,True,True
135.542,True,0.239,0.456,0.0,False,True,True
135.574,True,0.252,0.457,0.0,False,True,True
135.622,True,0.252,0.458,0.0,False,True,True
135.654,True,0.253,0.457,0.0,False,True,True
135.685,True,0.251,0.458,0.0,False,True,True
135.713,True,0.249,0.456,0.0,False,True,True
135.744,True,0.253,0.457,0.0,False,True,True
135.813,True,0.255,0.457,0.0,False,True,True
135.845,True,0.248,0.457,0.0,False,True,True
135.879,True,0.253,0.456,0.0,False,True,True
135.904,True,0.253,0.456,0.0,False,True,True
135.938,True,0.255,0.456,0.0,False,True,True
135.965,True,0.259,0.456,0.0,False,True,True
135.978,True,0.258,0.455,0.0,False,True,True
136.022,True,0.257,0.455,0.0,False,True,True
136.054,True,0.26,0.456,0.0,False,True,True
136.085,True,0.266,0.456,0.0,False,True,True
136.118,True,0.264,0.456,0.0,False,True,True
136.15,True,0.266,0.456,0.0,False,True,True
136.214,True,0.265,0.457,0.0,False,True,True
136.248,True,0.26,0.454,0.0,False,True,True
136.277,True,0.256,0.455,0.0,False,True,True
136.293,True,0.256,0.455,0.0,False,True,True
136.31,True,0.253,0.456,0.0,False,True,True
136.345,True,0.256,0.456,0.0,False,True,True
136.379,True,0.253,0.457,0.0,False,True,True
136.424,True,0.25,0.457,0.0,False,True,True
136.457,True,0.255,0.455,0.0,False,True,True
136.489,True,0.25,0.456,0.0,False,True,True
136.52,True,0.25,0.457,0.0,False,True,True
136.552,True,0.253,0.458,0.0,False,True,True
136.612,True,0.246,0.458,0.0,False,True,True
136.657,True,0.246,0.456,0.0,False,True,True
136.678,True,0.245,0.456,0.0,False,True,True
136.705,True,0.244,0.457,0.0,False,True,True
136.72,True,0.247,0.456,0.0,False,True,True
136.742,True,0.247,0.456,0.0,False,True,True
136.775,True,0.247,0.454,0.0,False,False,False
136.826,True,0.251,0.454,0.0,False,False,False
136.852,True,0.249,0.456,0.0,False,False,False
136.886,True,0.246,0.457,0.0,False,False,False
136.917,True,0.248,0.456,0.0,False,False,False
136.957,True,0.249,0.456,0.0,False,False,False
137.014,True,0.248,0.457,0.0,False,False,False
137.046,True,0.243,0.457,0.0,False,False,False
137.082,True,0.245,0.455,0.0,False,True,True
137.105,True,0.246,0.455,0.0,False,True,True
137.129,True,0.247,0.456,0.0,False,True,True
137.153,True,0.246,0.455,0.0,False,True,True
137.172,True,0.244,0.454,0.0,False,True,True
137.222,True,0.244,0.455,0.0,False,True,True
137.254,True,0.248,0.455,0.0,False,True,True
137.287,True,0.248,0.454,0.0,False,True,True
137.321,True,0.249,0.454,0.0,False,True,True
137.354,True,0.248,0.454,0.0,False,True,True
137.417,True,0.247,0.456,0.0,False,True,True
137.449,True,0.25,0.456,0.0,False,True,True
137.48,True,0.246,0.455,0.0,False,True,True
137.498,True,0.247,0.456,0.0,False,True,True
137.522,True,0.246,0.456,0.0,False,True,True
137.544,True,0.243,0.455,0.0,False,True,True
137.575,True,0.243,0.457,0.0,False,True,True
137.622,True,0.25,0.458,0.0,False,True,True
137.659,True,0.248,0.457,0.0,False,True,True
137.688,True,0.249,0.456,0.0,False,True,True
137.722,True,0.249,0.456,0.0,False,True,True
137.752,True,0.252,0.456,0.0,False,True,True
137.822,True,0.248,0.457,0.0,False,True,True
137.849,True,0.247,0.456,0.0,False,True,True
137.88,True,0.249,0.456,0.0,False,True,True
137.907,True,0.249,0.456,0.0,False,True,True
137.929,True,0.25,0.456,0.0,False,True,True
137.944,True,0.245,0.456,0.0,False,True,True
137.972,True,0.244,0.454,0.0,False,False,False
138.024,True,0.247,0.454,0.0,False,False,False
138.054,True,0.249,0.455,0.0,False,False,False
138.085,True,0.248,0.456,0.0,False,False,False
138.118,True,0.25,0.455,0.0,False,False,False
138.15,True,0.25,0.455,0.0,False,False,False
138.212,True,0.255,0.456,0.0,False,False,False
138.246,True,0.251,0.456,0.0,False,False,False
138.275,True,0.247,0.456,0.0,False,True,True
138.302,True,0.249,0.456,0.0,False,True,True
138.32,True,0.244,0.456,0.0,False,True,True
138.347,True,0.243,0.456,0.0,False,True,True
138.374,True,0.24,0.456,0.0,False,True,True
138.414,True,0.242,0.457,0.0,False,True,True
138.452,True,0.24,0.456,0.0,False,True,True
138.485,True,0.243,0.457,0.0,False,True,True
138.518,True,0.241,0.456,0.0,False,True,True
138.549,True,0.241,0.456,0.0,False,True,True
138.614,True,0.241,0.457,0.0,False,True,True
138.646,True,0.242,0.456,0.0,False,True,True
138.678,True,0.241,0.457,0.0,False,True,True
138.714,True,0.241,0.457,0.0,False,True,True
138.726,True,0.244,0.455,0.0,False,True,True
138.743,True,0.243,0.455,0.0,False,True,True
138.775,True,0.243,0.457,0.0,False,True,True
138.823,True,0.247,0.455,0.0,False,True,True
138.852,True,0.245,0.456,0.0,False,True,True
138.887,True,0.244,0.456,0.0,False,True,True
138.922,True,0.242,0.455,0.0,False,True,True
138.952,True,0.246,0.456,0.0,False,True,True
139.012,True,0.246,0.455,0.0,False,True,True
139.042,True,0.248,0.455,0.0,False,True,True
139.081,True,0.246,0.456,0.0,False,True,True
139.097,True,0.247,0.456,0.0,False,True,True
139.119,True,0.253,0.456,0.0,False,True,True
139.142,True,0.25,0.454,0.0,False,True,True
139.177,True,0.251,0.454,0.0,False,True,True
139.228,True,0.251,0.455,0.0,False,True,True
139.258,True,0.248,0.455,0.0,False,True,True
139.289,True,0.25,0.456,0.0,False,True,True
139.319,True,0.246,0.456,0.0,False,True,True
139.353,True,0.242,0.456,0.0,False,True,True
139.415,True,0.243,0.456,0.0,False,True,True
139.448,True,0.249,0.456,0.0,False,True,True
139.477,True,0.25,0.456,0.0,False,True,True
139.492,True,0.25,0.455,0.0,False,True,True
139.512,True,0.248,0.455,0.0,False,True,True
139.543,True,0.246,0.455,0.0,False,True,True
139.573,True,0.246,0.456,0.0,False,True,True
139.622,True,0.252,0.455,0.0,False,True,True
139.659,True,0.251,0.455,0.0,False,True,True
139.688,True,0.253,0.455,0.0,False,True,True
139.72,True,0.26,0.455,0.0,False,True,True
139.749,True,0.275,0.454,0.0,False,True,True
139.816,True,0.275,0.455,0.0,False,True,True
139.847,True,0.27,0.455,0.0,False,True,True
139.878,True,0.273,0.456,0.0,False,True,True
139.896,True,0.275,0.456,0.0,False,True,True
139.915,True,0.272,0.456,0.0,False,True,True
139.942,True,0.276,0.457,0.0,False,True,True
139.976,True,0.274,0.456,0.0,False,True,True
140.022,True,0.28,0.456,0.0,False,True,True
140.052,True,0.281,0.457,0.0,False,True,True
140.082,True,0.28,0.456,0.0,False,True,True
140.114,True,0.274,0.457,0.0,False,True,True
140.15,True,0.275,0.456,0.0,False,True,True
140.213,True,0.279,0.458,0.0,False,True,True
140.246,True,0.28,0.457,0.0,False,True,True
140.277,True,0.278,0.457,0.0,False,True,True
140.312,True,0.28,0.457,0.0,False,True,True
140.33,True,0.28,0.457,0.0,False,True,True
140.344,True,0.281,0.458,0.0,False,True,True
140.379,True,0.285,0.456,0.0,False,True,True
140.423,True,0.285,0.456,0.0,False,True,True
140.454,True,0.292,0.457,0.0,False,True,True
140.486,True,0.291,0.455,0.0,False,True,True
140.518,True,0.297,0.456,0.0,False,True,True
140.547,True,0.305,0.455,0.0,False,True,True
140.612,True,0.316,0.455,0.0,False,True,True
140.642,True,0.326,0.456,0.0,False,True,True
140.672,True,0.329,0.456,0.0,False,True,True
140.705,True,0.33,0.457,0.0,False,True,True
140.727,True,0.332,0.457,0.0,False,True,True
140.744,True,0.329,0.456,0.0,False,True,True
140.772,True,0.332,0.456,0.0,False,True,True
140.805,True,0.331,0.456,0.0,False,True,True
140.852,True,0.337,0.455,0.0,False,True,True
140.885,True,0.333,0.456,0.0,False,True,True
140.918,True,0.339,0.455,0.0,False,True,True
140.95,True,0.339,0.453,0.0,False,False,False
141.013,True,0.335,0.456,0.0,False,False,False
141.046,True,0.336,0.455,0.0,False,False,False
141.077,True,0.337,0.457,0.0,False,False,False
141.109,True,0.331,0.455,0.0,False,False,False
141.132,True,0.331,0.455,0.0,False,False,False
141.146,True,0.33,0.454,0.0,False,False,False
141.174,True,0.329,0.456,0.0,False,False,False
141.206,True,0.324,0.456,0.0,False,True,True
141.254,True,0.324,0.455,0.0,False,True,True
141.286,True,0.321,0.455,0.0,False,True,True
141.317,True,0.319,0.455,0.0,False,True,True
141.347,True,0.318,0.455,0.0,False,True,True
141.413,True,0.317,0.455,0.0,False,True,True
141.442,True,0.304,0.454,0.0,False,True,True
141.472,True,0.308,0.455,0.0,False,True,True
141.508,True,0.308,0.455,0.0,False,True,True
141.529,True,0.31,0.456,0.0,False,True,True
141.544,True,0.311,0.456,0.0,False,True,True
141.573,True,0.308,0.455,0.0,False,True,True
141.602,True,0.311,0.454,0.0,False,False,False
141.652,True,0.311,0.455,0.0,False,False,False
141.682,True,0.313,0.453,0.0,False,False,False
141.717,True,0.307,0.454,0.0,False,False,False
141.744,True,0.304,0.455,0.0,False,False,False
141.812,True,0.3,0.454,0.0,False,False,False
141.846,True,0.297,0.451,0.0,False,False,False
141.878,True,0.299,0.45,0.0,False,False,False
141.91,True,0.305,0.451,0.0,False,False,False
141.93,True,0.3,0.45,0.0,False,False,False
141.944,True,0.314,0.449,0.0,False,False,False
141.974,True,0.325,0.452,0.0,False,False,False
142.005,True,0.328,0.45,0.0,False,False,False
142.052,True,0.334,0.452,0.0,False,False,False
142.085,True,0.332,0.452,0.0,False,False,False
142.118,True,0.336,0.45,0.0,False,False,False
142.148,True,0.335,0.452,0.0,False,False,False
142.214,True,0.333,0.454,0.0,False,False,False
142.246,True,0.329,0.453,0.0,False,False,False
142.278,True,0.326,0.45,0.0,False,False,False
142.31,True,0.327,0.452,0.0,False,False,False
142.327,True,0.326,0.451,0.0,False,False,False
142.342,True,0.328,0.452,0.0,False,False,False
142.374,True,0.325,0.452,0.0,False,False,False
142.406,True,0.316,0.452,0.0,False,False,False
142.452,True,0.315,0.452,0.0,False,False,False
142.482,True,0.316,0.454,0.0,False,False,False
142.516,True,0.313,0.454,0.0,False,False,False
142.548,True,0.314,0.453,0.0,False,False,False
142.616,True,0.314,0.454,0.0,False,False,False
142.645,True,0.313,0.453,0.0,False,False,False
142.677,True,0.31,0.454,0.0,False,False,False
142.709,True,0.309,0.454,0.0,False,False,False
142.729,True,0.308,0.454,0.0,False,False,False
142.744,True,0.309,0.453,0.0,False,False,False
142.774,True,0.307,0.455,0.0,False,False,False
142.806,True,0.312,0.455,0.0,False,False,False
142.853,True,0.309,0.454,0.0,False,False,False
142.885,True,0.306,0.455,0.0,False,False,False
142.918,True,0.241,0.455,0.0,False,False,False
142.949,True,0.076,0.455,0.006,True,False,False
143.014,True,0.233,0.455,0.006,False,False,False
143.047,True,0.257,0.455,0.006,False,False,False
143.075,True,0.268,0.455,0.006,False,False,False
143.108,True,0.274,0.455,0.006,False,False,False
143.126,True,0.272,0.455,0.006,False,True,True
143.142,True,0.277,0.453,0.006,False,False,False
143.174,True,0.281,0.453,0.006,False,False,False
143.204,True,0.283,0.453,0.006,False,False,False
143.254,True,0.289,0.454,0.006,False,False,False
143.284,True,0.29,0.454,0.006,False,False,False
143.317,True,0.291,0.454,0.006,False,False,False
143.348,True,0.296,0.454,0.006,False,False,False
143.413,True,0.297,0.455,0.006,False,False,False
143.445,True,0.299,0.455,0.006,False,False,False
143.479,True,0.299,0.453,0.006,False,False,False
143.51,True,0.297,0.454,0.006,False,False,False
143.536,True,0.298,0.455,0.006,False,False,False
143.557,True,0.301,0.454,0.006,False,False,False
143.576,True,0.301,0.454,0.006,False,False,False
143.606,True,0.298,0.453,0.006,False,False,False
143.654,True,0.296,0.454,0.006,False,False,False
143.686,True,0.299,0.453,0.006,False,False,False
143.717,True,0.298,0.453,0.006,False,False,False
143.75,True,0.296,0.452,0.006,False,False,False
143.815,True,0.295,0.452,0.006,False,False,False
143.846,True,0.295,0.452,0.006,False,False,False
143.877,True,0.292,0.453,0.006,False,False,False
143.911,True,0.293,0.453,0.006,False,False,False
143.925,True,0.293,0.454,0.006,False,False,False
143.949,True,0.293,0.453,0.006,False,False,False
143.972,True,0.295,0.453,0.006,False,False,False
144.006,True,0.299,0.452,0.006,False,False,False
144.052,True,0.299,0.452,0.006,False,False,False
144.079,True,0.3,0.453,0.006,False,False,False
144.111,True,0.302,0.453,0.006,False,False,False
144.143,True,0.303,0.455,0.006,False,False,False
144.21,True,0.306,0.459,0.006,False,False,False
144.245,True,0.305,0.456,0.006,False,False,False
144.278,True,0.302,0.456,0.006,False,False,False
144.31,True,0.304,0.455,0.006,False,False,False
144.329,True,0.305,0.455,0.006,False,False,False
144.35,True,0.307,0.454,0.006,False,False,False
144.375,True,0.3,0.455,0.006,False,True,True
144.406,True,0.297,0.455,0.006,False,True,True
144.454,True,0.298,0.455,0.006,False,True,True
144.486,True,0.301,0.454,0.006,False,False,False
144.518,True,0.297,0.455,0.006,False,False,False
144.55,True,0.305,0.455,0.006,False,False,False
144.614,True,0.301,0.456,0.006,False,False,False
144.646,True,0.309,0.455,0.006,False,False,False
144.674,True,0.308,0.456,0.006,False,False,False
144.704,True,0.312,0.454,0.006,False,False,False
144.724,True,0.312,0.454,0.006,False,False,False
144.734,True,0.311,0.454,0.006,False,True,True
144.774,True,0.309,0.454,0.006,False,True,True
144.804,True,0.307,0.455,0.006,False,True,True
144.854,True,0.306,0.455,0.006,False,True,True
144.886,True,0.297,0.455,0.006,False,True,True
144.914,True,0.307,0.454,0.006,False,True,True
144.949,True,0.316,0.454,0.006,False,False,False
145.015,True,0.313,0.454,0.006,False,False,False
145.046,True,0.316,0.454,0.006,False,False,False
145.076,True,0.315,0.453,0.006,False,False,False
145.109,True,0.316,0.453,0.006,False,False,False
145.115,True,0.315,0.452,0.006,False,False,False
145.142,True,0.314,0.453,0.006,False,False,False
145.173,True,0.31,0.454,0.006,False,False,False
145.206,True,0.311,0.454,0.006,False,False,False
145.253,True,0.31,0.453,0.006,False,False,False
145.286,True,0.314,0.452,0.006,False,False,False
145.318,True,0.31,0.452,0.006,False,False,False
145.348,True,0.307,0.453,0.006,False,False,False
145.414,True,0.314,0.452,0.006,False,False,False
145.447,True,0.314,0.454,0.006,False,False,False
145.477,True,0.317,0.453,0.006,False,False,False
145.51,True,0.316,0.452,0.006,False,False,False
145.53,True,0.317,0.453,0.006,False,False,False
145.557,True,0.321,0.452,0.006,False,False,False
145.575,True,0.319,0.455,0.006,False,False,False
145.607,True,0.321,0.453,0.006,False,False,False
145.654,True,0.322,0.454,0.006,False,False,False
145.685,True,0.318,0.454,0.006,False,False,False
145.718,True,0.317,0.454,0.006,False,False,False
145.748,True,0.318,0.454,0.006,False,False,False
145.814,True,0.315,0.456,0.006,False,False,False
145.846,True,0.318,0.454,0.006,False,False,False
145.878,True,0.32,0.456,0.006,False,False,False
145.91,True,0.321,0.453,0.006,False,False,False
145.936,True,0.322,0.453,0.006,False,False,False
145.95,True,0.324,0.454,0.006,False,False,False
145.974,True,0.312,0.456,0.006,False,False,False
146.004,True,0.303,0.455,0.006,False,False,False
146.054,True,0.296,0.456,0.006,False,False,False
146.086,True,0.294,0.454,0.006,False,False,False
